Handle,Title,Body (HTML),Vendor,Product Category,Type,Tags,Published,Option1 Name,Option1 Value,Variant SKU,Variant Grams,Variant Inventory Tracker,Variant Inventory Policy,Variant Fulfillment Service,Variant Price,Variant Compare At Price,Variant Requires Shipping,Variant Taxable,Variant Barcode,Image Src,Image Position,Image Alt Text,Gift Card,SEO Title,SEO Description,Status
westland-epsom-salts-500g-magnesium-plant-supplement,Westland Epsom Salts 500g – Magnesium Plant Supplement,"<p>Westland Epsom Salts is a magnesium-rich plant supplement designed to support greener, healthier foliage and help address magnesium deficiency associated with yellowing leaves. Suitable for a variety of garden plants, vegetables and container plants, it can be incorporated into a regular plant-care routine to support healthy growth and vibrant foliage.</p>",Win Bachat,Home & Garden > Lawn & Garden > Gardening,Gardening,"Gardening, MTS Gardening, Win Bachat, Gardening Fertilizers",true,Title,Default Title,MRT-WB-MTSGARDNING-001,550,shopify,deny,manual,430.00,559.00,TRUE,TRUE,,https://raw.githubusercontent.com/mrfantastic05678/shopify-products/main/public_images/winbachat/MRT-WB-MTSGARDNING-001_Westland_Epsom_Salts_500g_Magnesium_Plant_Suppleme_1.webp,1,Westland Epsom Salts 500g – Magnesium Plant Supplement,FALSE,"Westland Epsom Salts 500g for Greener, Healthier Plants","Buy Westland Epsom Salts 500g, a magnesium plant supplement formulated to support greener foliage, healthy plant growth and correction of magnesium deficiency.",active
westland-epsom-salts-500g-magnesium-plant-supplement,,,,,,,,,,,,,,,,,,,,https://raw.githubusercontent.com/mrfantastic05678/shopify-products/main/public_images/winbachat/MRT-WB-MTSGARDNING-001_Westland_Epsom_Salts_500g_Magnesium_Plant_Suppleme_2.webp,2,Westland Epsom Salts 500g – Magnesium Plant Supplement,,,,
westland-epsom-salts-500g-magnesium-plant-supplement,,,,,,,,,,,,,,,,,,,,https://raw.githubusercontent.com/mrfantastic05678/shopify-products/main/public_images/winbachat/MRT-WB-MTSGARDNING-001_Westland_Epsom_Salts_500g_Magnesium_Plant_Suppleme_3.webp,3,Westland Epsom Salts 500g – Magnesium Plant Supplement,,,,
dap-fertilizer-1kg-high-phosphorus-plant-growth-booster,DAP Fertilizer 1KG – High Phosphorus Plant Growth Booster,"<p>DAP Fertilizer is a concentrated granular fertilizer providing nitrogen and phosphorus to support vigorous plant development. Its phosphorus content makes it particularly useful for promoting strong root establishment, flowering and early plant growth. Suitable for gardens, vegetables, flowering plants and other crops when applied according to appropriate fertilizer guidelines.</p>",Win Bachat,Home & Garden > Lawn & Garden > Gardening,Gardening,"Gardening, MTS Gardening, Win Bachat, Gardening Fertilizers",true,Title,Default Title,MRT-WB-MTSGARDNING-002,1050,shopify,deny,manual,368.52,479.00,TRUE,TRUE,,https://raw.githubusercontent.com/mrfantastic05678/shopify-products/main/public_images/winbachat/MRT-WB-MTSGARDNING-002_DAP_Fertilizer_1KG_High_Phosphorus_Plant_Growth_Bo_1.webp,1,DAP Fertilizer 1KG – High Phosphorus Plant Growth Booster,FALSE,DAP Fertilizer 1KG – High Phosphorus Plant Fertilizer,"Shop DAP Fertilizer 1KG, a nitrogen and phosphorus fertilizer designed to support strong roots, vigorous growth, flowering and healthy plant development.",active
dap-fertilizer-1kg-high-phosphorus-plant-growth-booster,,,,,,,,,,,,,,,,,,,,https://raw.githubusercontent.com/mrfantastic05678/shopify-products/main/public_images/winbachat/MRT-WB-MTSGARDNING-002_DAP_Fertilizer_1KG_High_Phosphorus_Plant_Growth_Bo_2.webp,2,DAP Fertilizer 1KG – High Phosphorus Plant Growth Booster,,,,
dap-fertilizer-1kg-high-phosphorus-plant-growth-booster,,,,,,,,,,,,,,,,,,,,https://raw.githubusercontent.com/mrfantastic05678/shopify-products/main/public_images/winbachat/MRT-WB-MTSGARDNING-002_DAP_Fertilizer_1KG_High_Phosphorus_Plant_Growth_Bo_3.webp,3,DAP Fertilizer 1KG – High Phosphorus Plant Growth Booster,,,,
dap-fertilizer-1kg-high-phosphorus-plant-growth-booster,,,,,,,,,,,,,,,,,,,,https://raw.githubusercontent.com/mrfantastic05678/shopify-products/main/public_images/winbachat/MRT-WB-MTSGARDNING-002_DAP_Fertilizer_1KG_High_Phosphorus_Plant_Growth_Bo_4.webp,4,DAP Fertilizer 1KG – High Phosphorus Plant Growth Booster,,,,
nature-organic-neem-cake-1kg-organic-fertilizer-soil-conditioner,Nature Organic Neem Cake 1KG – Organic Fertilizer & Soil Conditioner,"<p>Nature Organic Neem Cake is a plant-based organic soil amendment made from neem material. It helps enrich garden soil, supports healthy root development and can be used during soil preparation or as a top dressing around established plants. Suitable for pots, flower beds, vegetables and home gardens, it offers a natural addition to regular soil-care and fertilizing routines.</p>",Win Bachat,Home & Garden > Lawn & Garden > Gardening,Gardening,"Gardening, MTS Gardening, Win Bachat, Gardening Fertilizers",true,Title,Default Title,MRT-WB-MTSGARDNING-003,1050,shopify,deny,manual,431.38,561.00,TRUE,TRUE,,https://raw.githubusercontent.com/mrfantastic05678/shopify-products/main/public_images/winbachat/MRT-WB-MTSGARDNING-003_Nature_Organic_Neem_Cake_1KG_Organic_Fertilizer_So_1.webp,1,Nature Organic Neem Cake 1KG – Organic Fertilizer & Soil Conditioner,FALSE,Nature Organic Neem Cake 1KG – Organic Plant Fertilizer,"Buy Nature Organic Neem Cake 1KG for natural soil enrichment and plant nutrition. Ideal for pots, vegetables, flowers, garden beds and healthy root development.",active
nature-organic-neem-cake-1kg-organic-fertilizer-soil-conditioner,,,,,,,,,,,,,,,,,,,,https://raw.githubusercontent.com/mrfantastic05678/shopify-products/main/public_images/winbachat/MRT-WB-MTSGARDNING-003_Nature_Organic_Neem_Cake_1KG_Organic_Fertilizer_So_2.webp,2,Nature Organic Neem Cake 1KG – Organic Fertilizer & Soil Conditioner,,,,
nature-organic-neem-cake-1kg-organic-fertilizer-soil-conditioner,,,,,,,,,,,,,,,,,,,,https://raw.githubusercontent.com/mrfantastic05678/shopify-products/main/public_images/winbachat/MRT-WB-MTSGARDNING-003_Nature_Organic_Neem_Cake_1KG_Organic_Fertilizer_So_3.webp,3,Nature Organic Neem Cake 1KG – Organic Fertilizer & Soil Conditioner,,,,
vermicompost-1kg-organic-natural-plant-fertilizer,Vermicompost 1KG – Organic Natural Plant Fertilizer,"<p>Vermicompost is a natural soil conditioner produced through the decomposition of organic matter with earthworms. Rich in organic matter, it helps improve soil structure, moisture retention and nutrient availability while supporting healthy root and plant development. Ideal for pots, vegetables, flowers, herbs, garden beds and general home gardening.</p>",Win Bachat,Home & Garden > Lawn & Garden > Gardening,Gardening,"Gardening, MTS Gardening, Win Bachat, Gardening Fertilizers",true,Title,Default Title,MRT-WB-MTSGARDNING-004,1050,shopify,deny,manual,431.38,561.00,TRUE,TRUE,,https://raw.githubusercontent.com/mrfantastic05678/shopify-products/main/public_images/winbachat/MRT-WB-MTSGARDNING-004_Vermicompost_1KG_Organic_Natural_Plant_Fertilizer_1.webp,1,Vermicompost 1KG – Organic Natural Plant Fertilizer,FALSE,Vermicompost 1KG – Organic Natural Fertilizer for Plants,"Shop Vermicompost 1KG, a natural organic plant fertilizer and soil conditioner that supports soil quality, healthy roots and vigorous growth in pots and gardens.",active
vermicompost-1kg-organic-natural-plant-fertilizer,,,,,,,,,,,,,,,,,,,,https://raw.githubusercontent.com/mrfantastic05678/shopify-products/main/public_images/winbachat/MRT-WB-MTSGARDNING-004_Vermicompost_1KG_Organic_Natural_Plant_Fertilizer_2.webp,2,Vermicompost 1KG – Organic Natural Plant Fertilizer,,,,
vermicompost-1kg-organic-natural-plant-fertilizer,,,,,,,,,,,,,,,,,,,,https://raw.githubusercontent.com/mrfantastic05678/shopify-products/main/public_images/winbachat/MRT-WB-MTSGARDNING-004_Vermicompost_1KG_Organic_Natural_Plant_Fertilizer_3.webp,3,Vermicompost 1KG – Organic Natural Plant Fertilizer,,,,
westland-growmore-npk-20-20-20-garden-fertiliser-500g,Westland Growmore NPK 20-20-20 Garden Fertiliser 500g,"<p>Westland Growmore Garden Fertiliser is a balanced NPK 20-20-20 plant food formulated to provide equal proportions of nitrogen, phosphorus and potassium. This fast-acting feed supports healthy foliage, strong root development, flowering and overall plant growth. Suitable for vegetables, flowers, shrubs, container plants and general garden use.</p>",Win Bachat,Home & Garden > Lawn & Garden > Gardening,Gardening,"Gardening, MTS Gardening, Win Bachat, Gardening Fertilizers",true,Title,Default Title,MRT-WB-MTSGARDNING-005,550,shopify,deny,manual,431.38,561.00,TRUE,TRUE,,https://raw.githubusercontent.com/mrfantastic05678/shopify-products/main/public_images/winbachat/MRT-WB-MTSGARDNING-005_Westland_Growmore_NPK_20_20_20_Garden_Fertiliser_5_1.webp,1,Westland Growmore NPK 20-20-20 Garden Fertiliser 500g,FALSE,Westland Growmore NPK 20-20-20 Fertiliser 500g,"Buy Westland Growmore NPK 20-20-20 Fertiliser 500g, a balanced garden plant food supporting healthy foliage, strong roots, flowering and vigorous growth.",active
westland-growmore-npk-20-20-20-garden-fertiliser-500g,,,,,,,,,,,,,,,,,,,,https://raw.githubusercontent.com/mrfantastic05678/shopify-products/main/public_images/winbachat/MRT-WB-MTSGARDNING-005_Westland_Growmore_NPK_20_20_20_Garden_Fertiliser_5_2.webp,2,Westland Growmore NPK 20-20-20 Garden Fertiliser 500g,,,,
westland-growmore-npk-20-20-20-garden-fertiliser-500g,,,,,,,,,,,,,,,,,,,,https://raw.githubusercontent.com/mrfantastic05678/shopify-products/main/public_images/winbachat/MRT-WB-MTSGARDNING-005_Westland_Growmore_NPK_20_20_20_Garden_Fertiliser_5_3.webp,3,Westland Growmore NPK 20-20-20 Garden Fertiliser 500g,,,,
bone-meal-fertilizer-1kg-organic-phosphorus-rich-plant-food,Bone Meal Fertilizer 1KG – Organic Phosphorus-Rich Plant Food,"<p>Bone Meal Fertilizer is an organic plant food naturally rich in phosphorus and calcium, making it useful for supporting strong root development and healthy plant establishment. It can be incorporated into soil for flowers, vegetables, fruit plants, shrubs and other garden crops, providing gradual nutrition as part of a regular feeding program.</p>",Win Bachat,Home & Garden > Lawn & Garden > Gardening,Gardening,"Gardening, MTS Gardening, Win Bachat, Gardening Fertilizers",true,Title,Default Title,MRT-WB-MTSGARDNING-006,1050,shopify,deny,manual,431.38,561.00,TRUE,TRUE,,https://raw.githubusercontent.com/mrfantastic05678/shopify-products/main/public_images/winbachat/MRT-WB-MTSGARDNING-006_Bone_Meal_Fertilizer_1KG_Organic_Phosphorus_Rich_P_1.webp,1,Bone Meal Fertilizer 1KG – Organic Phosphorus-Rich Plant Food,FALSE,Bone Meal Fertilizer 1KG – Organic Plant Food,"Shop Bone Meal Fertilizer 1KG, an organic phosphorus-rich plant food that supports strong roots, healthy plant establishment, flowering and productive garden growth.",active
bone-meal-fertilizer-1kg-organic-phosphorus-rich-plant-food,,,,,,,,,,,,,,,,,,,,https://raw.githubusercontent.com/mrfantastic05678/shopify-products/main/public_images/winbachat/MRT-WB-MTSGARDNING-006_Bone_Meal_Fertilizer_1KG_Organic_Phosphorus_Rich_P_2.webp,2,Bone Meal Fertilizer 1KG – Organic Phosphorus-Rich Plant Food,,,,
bone-meal-fertilizer-1kg-organic-phosphorus-rich-plant-food,,,,,,,,,,,,,,,,,,,,https://raw.githubusercontent.com/mrfantastic05678/shopify-products/main/public_images/winbachat/MRT-WB-MTSGARDNING-006_Bone_Meal_Fertilizer_1KG_Organic_Phosphorus_Rich_P_3.webp,3,Bone Meal Fertilizer 1KG – Organic Phosphorus-Rich Plant Food,,,,
seaweed-organic-granular-fertilizer-500g-plant-growth-booster,Seaweed Organic Granular Fertilizer 500g – Plant Growth Booster,"<p>Seaweed Organic Granular Fertilizer is a natural plant nutrition and soil-conditioning solution designed for home gardens, pots and raised beds. Its seaweed-based formulation provides organic matter and plant nutrients that help support root development, healthy foliage and overall plant vigor while contributing to improved soil condition.</p>",Win Bachat,Home & Garden > Lawn & Garden > Gardening,Gardening,"Gardening, MTS Gardening, Win Bachat, Gardening Fertilizers",true,Title,Default Title,MRT-WB-MTSGARDNING-007,550,shopify,deny,manual,801.12,1041.00,TRUE,TRUE,,https://raw.githubusercontent.com/mrfantastic05678/shopify-products/main/public_images/winbachat/MRT-WB-MTSGARDNING-007_Seaweed_Organic_Granular_Fertilizer_500g_Plant_Gro_1.webp,1,Seaweed Organic Granular Fertilizer 500g – Plant Growth Booster,FALSE,Seaweed Granules 500g – Organic Plant Fertilizer,"Buy Seaweed Organic Granular Fertilizer 500g for natural plant nutrition, healthier roots and improved soil condition. Suitable for pots, vegetables, flowers and gardens.",active
seaweed-organic-granular-fertilizer-500g-plant-growth-booster,,,,,,,,,,,,,,,,,,,,https://raw.githubusercontent.com/mrfantastic05678/shopify-products/main/public_images/winbachat/MRT-WB-MTSGARDNING-007_Seaweed_Organic_Granular_Fertilizer_500g_Plant_Gro_2.webp,2,Seaweed Organic Granular Fertilizer 500g – Plant Growth Booster,,,,
seaweed-organic-granular-fertilizer-500g-plant-growth-booster,,,,,,,,,,,,,,,,,,,,https://raw.githubusercontent.com/mrfantastic05678/shopify-products/main/public_images/winbachat/MRT-WB-MTSGARDNING-007_Seaweed_Organic_Granular_Fertilizer_500g_Plant_Gro_3.webp,3,Seaweed Organic Granular Fertilizer 500g – Plant Growth Booster,,,,
grow-more-npk-20-20-20-te-water-soluble-fertilizer-500g,Grow More NPK 20-20-20 + TE Water-Soluble Fertilizer 500g,"<p>Grow More 20-20-20 + TE is a balanced water-soluble fertilizer formulated with equal proportions of nitrogen, phosphorus and potassium, along with trace elements. It provides complete plant nutrition to support vigorous foliage, healthy roots, flowering and overall growth. Suitable for flowers, vegetables, fruits, ornamental plants and container gardening.</p>",Win Bachat,Home & Garden > Lawn & Garden > Gardening,Gardening,"Gardening, MTS Gardening, Win Bachat, Gardening Fertilizers",true,Title,Default Title,MRT-WB-MTSGARDNING-008,550,shopify,deny,manual,1170.88,1522.00,TRUE,TRUE,,https://raw.githubusercontent.com/mrfantastic05678/shopify-products/main/public_images/winbachat/MRT-WB-MTSGARDNING-008_Grow_More_NPK_20_20_20_TE_Water_Soluble_Fertilizer_1.webp,1,Grow More NPK 20-20-20 + TE Water-Soluble Fertilizer 500g,FALSE,Grow More 20-20-20 + TE Fertilizer 500g,"Buy Grow More NPK 20-20-20 + TE 500g, a balanced water-soluble fertilizer for healthy roots, foliage, flowering and vigorous plant growth.",active
grow-more-npk-20-20-20-te-water-soluble-fertilizer-500g,,,,,,,,,,,,,,,,,,,,https://raw.githubusercontent.com/mrfantastic05678/shopify-products/main/public_images/winbachat/MRT-WB-MTSGARDNING-008_Grow_More_NPK_20_20_20_TE_Water_Soluble_Fertilizer_2.webp,2,Grow More NPK 20-20-20 + TE Water-Soluble Fertilizer 500g,,,,
grow-more-npk-20-20-20-te-water-soluble-fertilizer-500g,,,,,,,,,,,,,,,,,,,,https://raw.githubusercontent.com/mrfantastic05678/shopify-products/main/public_images/winbachat/MRT-WB-MTSGARDNING-008_Grow_More_NPK_20_20_20_TE_Water_Soluble_Fertilizer_3.webp,3,Grow More NPK 20-20-20 + TE Water-Soluble Fertilizer 500g,,,,
westland-npk-5-15-45-water-soluble-fertilizer-500g,Westland NPK 5-15-45 Water-Soluble Fertilizer 500g,"<p>Westland NPK 5-15-45 is a high-potassium, water-soluble fertilizer designed to support flowering and fruiting plants. Its higher potassium content helps provide targeted nutrition during bloom and fruit-development stages, while phosphorus supports root and flower development. Suitable for flowering plants, vegetables and fruit-bearing crops when applied according to label directions.</p>",Win Bachat,Home & Garden > Lawn & Garden > Gardening,Gardening,"Gardening, MTS Gardening, Win Bachat, Gardening Fertilizers",true,Title,Default Title,MRT-WB-MTSGARDNING-009,550,shopify,deny,manual,801.12,1041.00,TRUE,TRUE,,https://raw.githubusercontent.com/mrfantastic05678/shopify-products/main/public_images/winbachat/MRT-WB-MTSGARDNING-009_Westland_NPK_5_15_45_Water_Soluble_Fertilizer_500g_1.webp,1,Westland NPK 5-15-45 Water-Soluble Fertilizer 500g,FALSE,Westland NPK 5-15-45 Fertilizer 500g,"Shop Westland NPK 5-15-45 Fertilizer 500g, a high-potassium water-soluble plant food formulated for flowering, fruiting and healthy plant development.",active
westland-npk-5-15-45-water-soluble-fertilizer-500g,,,,,,,,,,,,,,,,,,,,https://raw.githubusercontent.com/mrfantastic05678/shopify-products/main/public_images/winbachat/MRT-WB-MTSGARDNING-009_Westland_NPK_5_15_45_Water_Soluble_Fertilizer_500g_2.webp,2,Westland NPK 5-15-45 Water-Soluble Fertilizer 500g,,,,
westland-npk-5-15-45-water-soluble-fertilizer-500g,,,,,,,,,,,,,,,,,,,,https://raw.githubusercontent.com/mrfantastic05678/shopify-products/main/public_images/winbachat/MRT-WB-MTSGARDNING-009_Westland_NPK_5_15_45_Water_Soluble_Fertilizer_500g_3.webp,3,Westland NPK 5-15-45 Water-Soluble Fertilizer 500g,,,,
westland-gro-sure-perlite-100g-soil-conditioner,Westland Gro-Sure Perlite 100g – Soil Conditioner,"<p>Westland Gro-Sure Perlite is a lightweight growing-medium additive designed to improve aeration and drainage around plant roots. Mixed into potting compost or soil, perlite helps create a more open growing medium that supports healthy root development and reduces compaction. Ideal for pots, containers, propagation and general gardening.</p>",Win Bachat,Home & Garden > Lawn & Garden > Gardening,Gardening,"Gardening, MTS Gardening, Win Bachat, Gardening Fertilizers",true,Title,Default Title,MRT-WB-MTSGARDNING-010,130,shopify,deny,manual,431.38,561.00,TRUE,TRUE,,https://raw.githubusercontent.com/mrfantastic05678/shopify-products/main/public_images/winbachat/MRT-WB-MTSGARDNING-010_Westland_Gro_Sure_Perlite_100g_Soil_Conditioner_1.webp,1,Westland Gro-Sure Perlite 100g – Soil Conditioner,FALSE,Westland Gro-Sure Perlite 100g – Soil Conditioner,"Buy Westland Gro-Sure Perlite 100g for improved soil aeration and drainage. Ideal for potting mixes, containers, propagation and healthy root development.",active
westland-gro-sure-perlite-100g-soil-conditioner,,,,,,,,,,,,,,,,,,,,https://raw.githubusercontent.com/mrfantastic05678/shopify-products/main/public_images/winbachat/MRT-WB-MTSGARDNING-010_Westland_Gro_Sure_Perlite_100g_Soil_Conditioner_2.webp,2,Westland Gro-Sure Perlite 100g – Soil Conditioner,,,,
westland-gro-sure-perlite-100g-soil-conditioner,,,,,,,,,,,,,,,,,,,,https://raw.githubusercontent.com/mrfantastic05678/shopify-products/main/public_images/winbachat/MRT-WB-MTSGARDNING-010_Westland_Gro_Sure_Perlite_100g_Soil_Conditioner_3.webp,3,Westland Gro-Sure Perlite 100g – Soil Conditioner,,,,
grow-more-npk-20-20-20-water-soluble-fertilizer-500g,Grow More NPK 20-20-20 Water-Soluble Fertilizer 500g,"<p>Grow More NPK 20-20-20 is a complete balanced fertilizer with equal levels of nitrogen, phosphorus and potassium. The water-soluble formulation dissolves readily for convenient feeding and supports healthy foliage, root development, flowering and general plant vigor. Suitable for vegetables, flowers, fruits, ornamentals and container plants.</p>",Win Bachat,Home & Garden > Lawn & Garden > Gardening,Gardening,"Gardening, MTS Gardening, Win Bachat, Gardening Fertilizers",true,Title,Default Title,MRT-WB-MTSGARDNING-011,550,shopify,deny,manual,801.12,1041.00,TRUE,TRUE,,https://raw.githubusercontent.com/mrfantastic05678/shopify-products/main/public_images/winbachat/MRT-WB-MTSGARDNING-011_Grow_More_NPK_20_20_20_Water_Soluble_Fertilizer_50_1.webp,1,Grow More NPK 20-20-20 Water-Soluble Fertilizer 500g,FALSE,Grow More NPK 20-20-20 Fertilizer 500g,"Shop Grow More NPK 20-20-20 Fertilizer 500g, a balanced water-soluble plant food for healthy roots, foliage, flowering and overall plant growth.",active
grow-more-npk-20-20-20-water-soluble-fertilizer-500g,,,,,,,,,,,,,,,,,,,,https://raw.githubusercontent.com/mrfantastic05678/shopify-products/main/public_images/winbachat/MRT-WB-MTSGARDNING-011_Grow_More_NPK_20_20_20_Water_Soluble_Fertilizer_50_2.webp,2,Grow More NPK 20-20-20 Water-Soluble Fertilizer 500g,,,,
grow-more-npk-20-20-20-water-soluble-fertilizer-500g,,,,,,,,,,,,,,,,,,,,https://raw.githubusercontent.com/mrfantastic05678/shopify-products/main/public_images/winbachat/MRT-WB-MTSGARDNING-011_Grow_More_NPK_20_20_20_Water_Soluble_Fertilizer_50_3.webp,3,Grow More NPK 20-20-20 Water-Soluble Fertilizer 500g,,,,
mkp-0-52-34-fertilizer-200g-high-phosphorus-potassium-plant-nutrition,MKP 0-52-34 Fertilizer 200g – High Phosphorus & Potassium Plant Nutrition,"<p>MKP 0-52-34 is a water-soluble Mono Potassium Phosphate fertilizer formulated to provide plants with concentrated phosphorus and potassium. It supports strong root development, flowering, fruit formation and overall plant growth. Suitable for vegetables, fruits, flowering plants and a wide range of garden crops.</p>",Win Bachat,Home & Garden > Lawn & Garden > Gardening,Gardening,"Gardening, MTS Gardening, Win Bachat, Gardening Fertilizers",true,Title,Default Title,MRT-WB-MTSGARDNING-012,230,shopify,deny,manual,924.38,1202.00,TRUE,TRUE,,https://raw.githubusercontent.com/mrfantastic05678/shopify-products/main/public_images/winbachat/MRT-WB-MTSGARDNING-012_MKP_0_52_34_Fertilizer_200g_High_Phosphorus_Potass_1.webp,1,MKP 0-52-34 Fertilizer 200g – High Phosphorus & Potassium Plant Nutrition,FALSE,MKP 0-52-34 Fertilizer 200g – Mono Potassium Phosphate,"Buy MKP 0-52-34 Fertilizer 200g, a water-soluble source of phosphorus and potassium that supports healthy roots, flowering, fruiting and plant growth.",active
mkp-0-52-34-fertilizer-200g-high-phosphorus-potassium-plant-nutrition,,,,,,,,,,,,,,,,,,,,https://raw.githubusercontent.com/mrfantastic05678/shopify-products/main/public_images/winbachat/MRT-WB-MTSGARDNING-012_MKP_0_52_34_Fertilizer_200g_High_Phosphorus_Potass_2.webp,2,MKP 0-52-34 Fertilizer 200g – High Phosphorus & Potassium Plant Nutrition,,,,
mkp-0-52-34-fertilizer-200g-high-phosphorus-potassium-plant-nutrition,,,,,,,,,,,,,,,,,,,,https://raw.githubusercontent.com/mrfantastic05678/shopify-products/main/public_images/winbachat/MRT-WB-MTSGARDNING-012_MKP_0_52_34_Fertilizer_200g_High_Phosphorus_Potass_3.webp,3,MKP 0-52-34 Fertilizer 200g – High Phosphorus & Potassium Plant Nutrition,,,,
slug-snail-bait-400g-fast-effective-garden-pest-control,Slug & Snail Bait 400g – Fast & Effective Garden Pest Control,"<p>Slug & Snail Bait is designed to help control slugs and snails around flowers, gardens, vegetables and fruit trees. The easy-to-apply bait provides a convenient solution for protecting garden plants from damage caused by these common pests.</p>",Win Bachat,Home & Garden > Lawn & Garden > Gardening,Gardening,"Gardening, MTS Gardening, Win Bachat, Gardening Fertilizers",true,Title,Default Title,MRT-WB-MTSGARDNING-013,450,shopify,deny,manual,924.38,1202.00,TRUE,TRUE,,https://raw.githubusercontent.com/mrfantastic05678/shopify-products/main/public_images/winbachat/MRT-WB-MTSGARDNING-013_Slug_Snail_Bait_400g_Fast_Effective_Garden_Pest_Co_1.webp,1,Slug & Snail Bait 400g – Fast & Effective Garden Pest Control,FALSE,Slug & Snail Bait 400g – Garden Pest Control,"Protect flowers, vegetables, fruit trees and garden plants with Slug & Snail Bait 400g, an easy-to-use solution for controlling slugs and snails.",active
slug-snail-bait-400g-fast-effective-garden-pest-control,,,,,,,,,,,,,,,,,,,,https://raw.githubusercontent.com/mrfantastic05678/shopify-products/main/public_images/winbachat/MRT-WB-MTSGARDNING-013_Slug_Snail_Bait_400g_Fast_Effective_Garden_Pest_Co_2.webp,2,Slug & Snail Bait 400g – Fast & Effective Garden Pest Control,,,,
slug-snail-bait-400g-fast-effective-garden-pest-control,,,,,,,,,,,,,,,,,,,,https://raw.githubusercontent.com/mrfantastic05678/shopify-products/main/public_images/winbachat/MRT-WB-MTSGARDNING-013_Slug_Snail_Bait_400g_Fast_Effective_Garden_Pest_Co_3.webp,3,Slug & Snail Bait 400g – Fast & Effective Garden Pest Control,,,,
lawn-feed-snail-slug-insect-control-500g,"Lawn Feed, Snail, Slug & Insect Control 500g","<p>A multipurpose garden product designed to feed lawns while helping control snails, slugs and crawling insects. Formulated with diatomaceous earth, it is suitable for lawns and garden areas where both plant nutrition and pest management are required.</p>",Win Bachat,Home & Garden > Lawn & Garden > Gardening,Gardening,"Gardening, MTS Gardening, Win Bachat, Gardening Fertilizers",true,Title,Default Title,MRT-WB-MTSGARDNING-014,550,shopify,deny,manual,554.62,721.00,TRUE,TRUE,,https://raw.githubusercontent.com/mrfantastic05678/shopify-products/main/public_images/winbachat/MRT-WB-MTSGARDNING-014_Lawn_Feed_Snail_Slug_Insect_Control_500g_1.webp,1,"Lawn Feed, Snail, Slug & Insect Control 500g",FALSE,"Lawn Feed, Snail, Slug & Insect Control 500g","Shop Lawn Feed, Snail, Slug & Insect Control 500g with diatomaceous earth for lawn nutrition and convenient garden pest management.",active
lawn-feed-snail-slug-insect-control-500g,,,,,,,,,,,,,,,,,,,,https://raw.githubusercontent.com/mrfantastic05678/shopify-products/main/public_images/winbachat/MRT-WB-MTSGARDNING-014_Lawn_Feed_Snail_Slug_Insect_Control_500g_2.webp,2,"Lawn Feed, Snail, Slug & Insect Control 500g",,,,
nitropotash-npk-13-0-44-fertilizer-500g-high-potassium-plant-nutrient,NitroPotash NPK 13-0-44 Fertilizer 500g – High Potassium Plant Nutrient,"<p>NitroPotash NPK 13-0-44 is a water-soluble fertilizer supplying nitrogen and a high concentration of potassium. It is suitable for vegetables, fruits, flowering plants and other crops where additional potassium nutrition is required to support healthy plant development.</p>",Win Bachat,Home & Garden > Lawn & Garden > Gardening,Gardening,"Gardening, MTS Gardening, Win Bachat, Gardening Fertilizers",true,Title,Default Title,MRT-WB-MTSGARDNING-015,550,shopify,deny,manual,801.12,1041.00,TRUE,TRUE,,https://raw.githubusercontent.com/mrfantastic05678/shopify-products/main/public_images/winbachat/MRT-WB-MTSGARDNING-015_NitroPotash_NPK_13_0_44_Fertilizer_500g_High_Potas_1.webp,1,NitroPotash NPK 13-0-44 Fertilizer 500g – High Potassium Plant Nutrient,FALSE,NitroPotash NPK 13-0-44 Fertilizer 500g,"Buy NitroPotash NPK 13-0-44 Fertilizer 500g, a water-soluble, high-potassium plant nutrient suitable for vegetables, fruits, flowers and crops.",active
nitropotash-npk-13-0-44-fertilizer-500g-high-potassium-plant-nutrient,,,,,,,,,,,,,,,,,,,,https://raw.githubusercontent.com/mrfantastic05678/shopify-products/main/public_images/winbachat/MRT-WB-MTSGARDNING-015_NitroPotash_NPK_13_0_44_Fertilizer_500g_High_Potas_2.webp,2,NitroPotash NPK 13-0-44 Fertilizer 500g – High Potassium Plant Nutrient,,,,
nitropotash-npk-13-0-44-fertilizer-500g-high-potassium-plant-nutrient,,,,,,,,,,,,,,,,,,,,https://raw.githubusercontent.com/mrfantastic05678/shopify-products/main/public_images/winbachat/MRT-WB-MTSGARDNING-015_NitroPotash_NPK_13_0_44_Fertilizer_500g_High_Potas_3.webp,3,NitroPotash NPK 13-0-44 Fertilizer 500g – High Potassium Plant Nutrient,,,,
water-soluble-neem-oil-for-plants-100ml,Water Soluble Neem Oil for Plants 100ml,"<p>Water Soluble Neem Oil 100ml provides a convenient plant-care solution for home gardens and outdoor plants. The formulation is intended for use as a fungicide, miticide and insecticide, helping gardeners manage a variety of common plant pests and related problems.</p>",Win Bachat,Home & Garden > Lawn & Garden > Gardening,Gardening,"Gardening, MTS Gardening, Win Bachat, Gardening Fertilizers",true,Title,Default Title,MRT-WB-MTSGARDNING-016,130,shopify,deny,manual,548.46,713.00,TRUE,TRUE,,https://raw.githubusercontent.com/mrfantastic05678/shopify-products/main/public_images/winbachat/MRT-WB-MTSGARDNING-016_Water_Soluble_Neem_Oil_for_Plants_100ml_1.webp,1,Water Soluble Neem Oil for Plants 100ml,FALSE,Neem Oil for Plants 100ml – Water Soluble Plant Care,"Shop Water Soluble Neem Oil 100ml for garden and plant care. A convenient neem-based solution for managing common insects, mites and fungal problems.",active
water-soluble-neem-oil-for-plants-100ml,,,,,,,,,,,,,,,,,,,,https://raw.githubusercontent.com/mrfantastic05678/shopify-products/main/public_images/winbachat/MRT-WB-MTSGARDNING-016_Water_Soluble_Neem_Oil_for_Plants_100ml_2.webp,2,Water Soluble Neem Oil for Plants 100ml,,,,
water-soluble-neem-oil-for-plants-500ml,Water Soluble Neem Oil for Plants 500ml,"<p>Water Soluble Neem Oil 500ml is a practical choice for gardeners requiring a larger quantity for regular plant care. Designed for use as a fungicide, miticide and insecticide, it helps manage common garden pests and supports an effective plant-care routine.</p>",Win Bachat,Home & Garden > Lawn & Garden > Gardening,Gardening,"Gardening, MTS Gardening, Win Bachat, Gardening Fertilizers",true,Title,Default Title,MRT-WB-MTSGARDNING-017,560,shopify,deny,manual,2458.84,3196.00,TRUE,TRUE,,https://raw.githubusercontent.com/mrfantastic05678/shopify-products/main/public_images/winbachat/MRT-WB-MTSGARDNING-017_Water_Soluble_Neem_Oil_for_Plants_500ml_1.webp,1,Water Soluble Neem Oil for Plants 500ml,FALSE,Neem Oil for Plants 500ml – Water Soluble Plant Care,"Buy Water Soluble Neem Oil 500ml for home and garden plants. A versatile neem-based solution for managing common insects, mites and fungal problems.",active
water-soluble-neem-oil-for-plants-500ml,,,,,,,,,,,,,,,,,,,,https://raw.githubusercontent.com/mrfantastic05678/shopify-products/main/public_images/winbachat/MRT-WB-MTSGARDNING-017_Water_Soluble_Neem_Oil_for_Plants_500ml_2.webp,2,Water Soluble Neem Oil for Plants 500ml,,,,
fish-meal-fertilizer-500g-natural-organic-plant-food,Fish Meal Fertilizer 500g – Natural Organic Plant Food,"<p>Fish Meal Fertilizer is a natural plant nutrient suitable for home gardens, vegetables, flowers and other plants. Commonly valued as a nitrogen-rich organic fertilizer, fish meal can help support leafy growth, soil fertility and healthy plant development when applied appropriately.</p>",Win Bachat,Home & Garden > Lawn & Garden > Gardening,Gardening,"Gardening, MTS Gardening, Win Bachat, Gardening Fertilizers",true,Title,Default Title,MRT-WB-MTSGARDNING-018,550,shopify,deny,manual,246.50,320.00,TRUE,TRUE,,https://raw.githubusercontent.com/mrfantastic05678/shopify-products/main/public_images/winbachat/MRT-WB-MTSGARDNING-018_Fish_Meal_Fertilizer_500g_Natural_Organic_Plant_Fo_1.webp,1,Fish Meal Fertilizer 500g – Natural Organic Plant Food,FALSE,Fish Meal Fertilizer 500g – Organic Plant Food,"Buy Fish Meal Fertilizer 500g, a natural nitrogen-rich organic plant food suitable for vegetables, flowers and garden plants to support healthy growth.",active
fish-meal-fertilizer-500g-natural-organic-plant-food,,,,,,,,,,,,,,,,,,,,https://raw.githubusercontent.com/mrfantastic05678/shopify-products/main/public_images/winbachat/MRT-WB-MTSGARDNING-018_Fish_Meal_Fertilizer_500g_Natural_Organic_Plant_Fo_2.webp,2,Fish Meal Fertilizer 500g – Natural Organic Plant Food,,,,
fish-meal-fertilizer-500g-natural-organic-plant-food,,,,,,,,,,,,,,,,,,,,https://raw.githubusercontent.com/mrfantastic05678/shopify-products/main/public_images/winbachat/MRT-WB-MTSGARDNING-018_Fish_Meal_Fertilizer_500g_Natural_Organic_Plant_Fo_3.webp,3,Fish Meal Fertilizer 500g – Natural Organic Plant Food,,,,
mustard-cake-fertilizer-1kg-natural-organic-plant-nutrient,Mustard Cake Fertilizer 1kg – Natural Organic Plant Nutrient,"<p>Mustard Cake Fertilizer is a natural organic soil amendment and plant food suitable for vegetables, flowers and garden plants. It helps enrich garden soil with organic matter and nutrients, making it a useful addition to regular plant-feeding and soil-care routines.</p>",Win Bachat,Home & Garden > Lawn & Garden > Gardening,Gardening,"Gardening, MTS Gardening, Win Bachat, Gardening Fertilizers",true,Title,Default Title,MRT-WB-MTSGARDNING-019,1050,shopify,deny,manual,430.14,559.00,TRUE,TRUE,,https://raw.githubusercontent.com/mrfantastic05678/shopify-products/main/public_images/winbachat/MRT-WB-MTSGARDNING-019_Mustard_Cake_Fertilizer_1kg_Natural_Organic_Plant__1.webp,1,Mustard Cake Fertilizer 1kg – Natural Organic Plant Nutrient,FALSE,Mustard Cake Fertilizer 1kg – Organic Plant Food,"Shop Mustard Cake Fertilizer 1kg, a natural organic plant nutrient and soil amendment for vegetables, flowers, root crops and home garden plants.",active
mustard-cake-fertilizer-1kg-natural-organic-plant-nutrient,,,,,,,,,,,,,,,,,,,,https://raw.githubusercontent.com/mrfantastic05678/shopify-products/main/public_images/winbachat/MRT-WB-MTSGARDNING-019_Mustard_Cake_Fertilizer_1kg_Natural_Organic_Plant__2.webp,2,Mustard Cake Fertilizer 1kg – Natural Organic Plant Nutrient,,,,
mustard-cake-fertilizer-1kg-natural-organic-plant-nutrient,,,,,,,,,,,,,,,,,,,,https://raw.githubusercontent.com/mrfantastic05678/shopify-products/main/public_images/winbachat/MRT-WB-MTSGARDNING-019_Mustard_Cake_Fertilizer_1kg_Natural_Organic_Plant__3.webp,3,Mustard Cake Fertilizer 1kg – Natural Organic Plant Nutrient,,,,
fish-blood-bone-fertilizer-1kg-natural-garden-plant-food,"Fish, Blood & Bone Fertilizer 1kg – Natural Garden Plant Food","<p>Fish, Blood & Bone Fertilizer is an all-purpose natural feed designed for healthy garden growth. Its nutrient-rich formulation provides gradual plant nutrition and is suitable for vegetables, flowers, shrubs and other garden plants.</p>",Win Bachat,Home & Garden > Lawn & Garden > Gardening,Gardening,"Gardening, MTS Gardening, Win Bachat, Gardening Fertilizers",true,Title,Default Title,MRT-WB-MTSGARDNING-020,1050,shopify,deny,manual,801.12,1041.00,TRUE,TRUE,,https://raw.githubusercontent.com/mrfantastic05678/shopify-products/main/public_images/winbachat/MRT-WB-MTSGARDNING-020_Fish_Blood_Bone_Fertilizer_1kg_Natural_Garden_Plan_1.webp,1,"Fish, Blood & Bone Fertilizer 1kg – Natural Garden Plant Food",FALSE,"Fish, Blood & Bone Fertilizer 1kg – Natural Plant Food","Buy Fish, Blood & Bone Fertilizer 1kg, an all-purpose natural garden feed providing essential nutrients for vegetables, flowers, shrubs and plants.",active
fish-blood-bone-fertilizer-1kg-natural-garden-plant-food,,,,,,,,,,,,,,,,,,,,https://raw.githubusercontent.com/mrfantastic05678/shopify-products/main/public_images/winbachat/MRT-WB-MTSGARDNING-020_Fish_Blood_Bone_Fertilizer_1kg_Natural_Garden_Plan_2.webp,2,"Fish, Blood & Bone Fertilizer 1kg – Natural Garden Plant Food",,,,
fish-blood-bone-fertilizer-1kg-natural-garden-plant-food,,,,,,,,,,,,,,,,,,,,https://raw.githubusercontent.com/mrfantastic05678/shopify-products/main/public_images/winbachat/MRT-WB-MTSGARDNING-020_Fish_Blood_Bone_Fertilizer_1kg_Natural_Garden_Plan_3.webp,3,"Fish, Blood & Bone Fertilizer 1kg – Natural Garden Plant Food",,,,
plant-safe-care-plus-100ml-all-in-one-plant-care-solution,Plant Safe & Care Plus 100ml – All-in-One Plant Care Solution,"<p>Plant Safe & Care Plus 100ml is an all-in-one solution designed for convenient plant care. Suitable for a variety of garden and ornamental plants, it can be incorporated into routine plant maintenance to help promote healthy growth and overall plant care.</p>",Win Bachat,Home & Garden > Lawn & Garden > Gardening,Gardening,"Gardening, MTS Gardening, Win Bachat, Gardening Fertilizers",true,Title,Default Title,MRT-WB-MTSGARDNING-021,130,shopify,deny,manual,554.62,721.00,TRUE,TRUE,,https://raw.githubusercontent.com/mrfantastic05678/shopify-products/main/public_images/winbachat/MRT-WB-MTSGARDNING-021_Plant_Safe_Care_Plus_100ml_All_in_One_Plant_Care_S_1.webp,1,Plant Safe & Care Plus 100ml – All-in-One Plant Care Solution,FALSE,Plant Safe & Care Plus 100ml – Plant Care Solution,"Shop Plant Safe & Care Plus 100ml, an all-in-one solution for convenient garden and plant care, formulated to help promote healthy plant growth.",active
plant-safe-care-plus-100ml-all-in-one-plant-care-solution,,,,,,,,,,,,,,,,,,,,https://raw.githubusercontent.com/mrfantastic05678/shopify-products/main/public_images/winbachat/MRT-WB-MTSGARDNING-021_Plant_Safe_Care_Plus_100ml_All_in_One_Plant_Care_S_2.webp,2,Plant Safe & Care Plus 100ml – All-in-One Plant Care Solution,,,,
plant-safe-care-plus-250ml-all-in-one-plant-care-solution,Plant Safe & Care Plus 250ml – All-in-One Plant Care Solution,"<p>Plant Safe & Care Plus 250ml provides a larger pack for regular garden and plant maintenance. Designed as an all-in-one plant-care solution, it is suitable for a range of flowering, ornamental and garden plants and helps support healthy plant growth.</p>",Win Bachat,Home & Garden > Lawn & Garden > Gardening,Gardening,"Gardening, MTS Gardening, Win Bachat, Gardening Fertilizers",true,Title,Default Title,MRT-WB-MTSGARDNING-022,280,shopify,deny,manual,1109.25,1442.00,TRUE,TRUE,,https://raw.githubusercontent.com/mrfantastic05678/shopify-products/main/public_images/winbachat/MRT-WB-MTSGARDNING-022_Plant_Safe_Care_Plus_250ml_All_in_One_Plant_Care_S_1.webp,1,Plant Safe & Care Plus 250ml – All-in-One Plant Care Solution,FALSE,Plant Safe & Care Plus 250ml – Plant Care Solution,"Buy Plant Safe & Care Plus 250ml, an all-in-one garden and plant-care solution formulated for convenient use and healthy plant growth.",active
plant-safe-care-plus-250ml-all-in-one-plant-care-solution,,,,,,,,,,,,,,,,,,,,https://raw.githubusercontent.com/mrfantastic05678/shopify-products/main/public_images/winbachat/MRT-WB-MTSGARDNING-022_Plant_Safe_Care_Plus_250ml_All_in_One_Plant_Care_S_2.webp,2,Plant Safe & Care Plus 250ml – All-in-One Plant Care Solution,,,,
plant-safe-care-plus-500ml-all-in-one-plant-care-solution,Plant Safe & Care Plus 500ml – All-in-One Plant Care Solution,"<p>Plant Safe & Care Plus 500ml is an all-in-one solution designed for routine care of garden, flowering and ornamental plants. Its convenient liquid formulation helps support healthy plant growth and makes regular plant maintenance simple for home gardeners.</p>",Win Bachat,Home & Garden > Lawn & Garden > Gardening,Gardening,"Gardening, MTS Gardening, Win Bachat, Gardening Fertilizers",true,Title,Default Title,MRT-WB-MTSGARDNING-023,560,shopify,deny,manual,1972.00,2564.00,TRUE,TRUE,,https://raw.githubusercontent.com/mrfantastic05678/shopify-products/main/public_images/winbachat/MRT-WB-MTSGARDNING-023_Plant_Safe_Care_Plus_500ml_All_in_One_Plant_Care_S_1.webp,1,Plant Safe & Care Plus 500ml – All-in-One Plant Care Solution,FALSE,Plant Safe & Care Plus 500ml – Plant Care Solution,"Buy Plant Safe & Care Plus 500ml, an all-in-one solution for convenient garden and plant care designed to support healthy growth and vigorous plants.",active
plant-safe-care-plus-500ml-all-in-one-plant-care-solution,,,,,,,,,,,,,,,,,,,,https://raw.githubusercontent.com/mrfantastic05678/shopify-products/main/public_images/winbachat/MRT-WB-MTSGARDNING-023_Plant_Safe_Care_Plus_500ml_All_in_One_Plant_Care_S_2.webp,2,Plant Safe & Care Plus 500ml – All-in-One Plant Care Solution,,,,
plant-safe-care-plus-1000ml-all-in-one-plant-care-solution,Plant Safe & Care Plus 1000ml – All-in-One Plant Care Solution,"<p>Plant Safe & Care Plus 1000ml provides a larger pack for regular garden and plant maintenance. Suitable for a variety of flowering, ornamental and garden plants, this all-in-one liquid solution helps support healthy growth and convenient ongoing plant care.</p>",Win Bachat,Home & Garden > Lawn & Garden > Gardening,Gardening,"Gardening, MTS Gardening, Win Bachat, Gardening Fertilizers",true,Title,Default Title,MRT-WB-MTSGARDNING-024,1080,shopify,deny,manual,3451.00,4486.00,TRUE,TRUE,,https://raw.githubusercontent.com/mrfantastic05678/shopify-products/main/public_images/winbachat/MRT-WB-MTSGARDNING-024_Plant_Safe_Care_Plus_1000ml_All_in_One_Plant_Care__1.webp,1,Plant Safe & Care Plus 1000ml – All-in-One Plant Care Solution,FALSE,Plant Safe & Care Plus 1000ml – Plant Care Solution,"Shop Plant Safe & Care Plus 1000ml, an all-in-one plant care solution for home gardens, flowering plants and ornamentals to support healthy growth.",active
plant-safe-care-plus-1000ml-all-in-one-plant-care-solution,,,,,,,,,,,,,,,,,,,,https://raw.githubusercontent.com/mrfantastic05678/shopify-products/main/public_images/winbachat/MRT-WB-MTSGARDNING-024_Plant_Safe_Care_Plus_1000ml_All_in_One_Plant_Care__2.webp,2,Plant Safe & Care Plus 1000ml – All-in-One Plant Care Solution,,,,
gardentech-insect-killer-fertilizer-lawn-granules-2-lb,GardenTech Insect Killer + Fertilizer Lawn Granules 2 LB,"<p>GardenTech Insect Killer + Fertilizer Lawn Granules combine pest control and lawn feeding in one convenient granular treatment. Designed for lawns, flower gardens, vegetable gardens and ornamental areas, the formula targets a wide range of listed garden pests while providing plant nutrition. Always apply according to the product label.</p>",Win Bachat,Home & Garden > Lawn & Garden > Gardening,Gardening,"Gardening, MTS Gardening, Win Bachat, Gardening Fertilizers",true,Title,Default Title,MRT-WB-MTSGARDNING-025,980,shopify,deny,manual,3327.75,4326.00,TRUE,TRUE,,https://raw.githubusercontent.com/mrfantastic05678/shopify-products/main/public_images/winbachat/MRT-WB-MTSGARDNING-025_GardenTech_Insect_Killer_Fertilizer_Lawn_Granules__1.webp,1,GardenTech Insect Killer + Fertilizer Lawn Granules 2 LB,FALSE,GardenTech Insect Killer + Fertilizer Granules 2 LB,Buy GardenTech Insect Killer + Fertilizer Lawn Granules 2 LB for combined lawn feeding and control of listed pests in lawns and garden areas.,active
gardentech-insect-killer-fertilizer-lawn-granules-2-lb,,,,,,,,,,,,,,,,,,,,https://raw.githubusercontent.com/mrfantastic05678/shopify-products/main/public_images/winbachat/MRT-WB-MTSGARDNING-025_GardenTech_Insect_Killer_Fertilizer_Lawn_Granules__2.webp,2,GardenTech Insect Killer + Fertilizer Lawn Granules 2 LB,,,,
gardentech-insect-killer-fertilizer-lawn-granules-2-lb,,,,,,,,,,,,,,,,,,,,https://raw.githubusercontent.com/mrfantastic05678/shopify-products/main/public_images/winbachat/MRT-WB-MTSGARDNING-025_GardenTech_Insect_Killer_Fertilizer_Lawn_Granules__3.webp,3,GardenTech Insect Killer + Fertilizer Lawn Granules 2 LB,,,,
solu-map-fertilizer-500g-mono-ammonium-phosphate-12-61-0,Solu-MAP Fertilizer 500g – Mono Ammonium Phosphate 12-61-0,"<p>Solu-MAP 12-61-0 is a water-soluble Mono Ammonium Phosphate fertilizer containing a high concentration of phosphorus along with nitrogen. It is formulated to support strong root development, early plant establishment, flowering and overall crop growth. Suitable for vegetables, fruits, flowers and other crops.</p>",Win Bachat,Home & Garden > Lawn & Garden > Gardening,Gardening,"Gardening, MTS Gardening, Win Bachat, Gardening Fertilizers",true,Title,Default Title,MRT-WB-MTSGARDNING-026,550,shopify,deny,manual,801.12,1041.00,TRUE,TRUE,,https://raw.githubusercontent.com/mrfantastic05678/shopify-products/main/public_images/winbachat/MRT-WB-MTSGARDNING-026_Solu_MAP_Fertilizer_500g_Mono_Ammonium_Phosphate_1_1.webp,1,Solu-MAP Fertilizer 500g – Mono Ammonium Phosphate 12-61-0,FALSE,Solu-MAP 12-61-0 Fertilizer 500g – MAP Fertilizer,"Buy Solu-MAP Fertilizer 500g with NPK 12-61-0. Water-soluble Mono Ammonium Phosphate for root development, flowering and healthy plant growth.",active
solu-map-fertilizer-500g-mono-ammonium-phosphate-12-61-0,,,,,,,,,,,,,,,,,,,,https://raw.githubusercontent.com/mrfantastic05678/shopify-products/main/public_images/winbachat/MRT-WB-MTSGARDNING-026_Solu_MAP_Fertilizer_500g_Mono_Ammonium_Phosphate_1_2.webp,2,Solu-MAP Fertilizer 500g – Mono Ammonium Phosphate 12-61-0,,,,
solu-map-fertilizer-500g-mono-ammonium-phosphate-12-61-0,,,,,,,,,,,,,,,,,,,,https://raw.githubusercontent.com/mrfantastic05678/shopify-products/main/public_images/winbachat/MRT-WB-MTSGARDNING-026_Solu_MAP_Fertilizer_500g_Mono_Ammonium_Phosphate_1_3.webp,3,Solu-MAP Fertilizer 500g – Mono Ammonium Phosphate 12-61-0,,,,
gypsum-fertilizer-500g-calcium-sulphur-soil-conditioner,Gypsum Fertilizer 500g – Calcium & Sulphur Soil Conditioner,"<p>Gypsum Fertilizer is a fast-acting soil conditioner that supplies calcium and sulphur while helping improve the physical condition of suitable soils. It can help improve drainage and soil structure, particularly in compacted clay soils, while providing essential secondary nutrients for healthy plant development.</p>",Win Bachat,Home & Garden > Lawn & Garden > Gardening,Gardening,"Gardening, MTS Gardening, Win Bachat, Gardening Fertilizers",true,Title,Default Title,MRT-WB-MTSGARDNING-027,550,shopify,deny,manual,431.38,561.00,TRUE,TRUE,,https://raw.githubusercontent.com/mrfantastic05678/shopify-products/main/public_images/winbachat/MRT-WB-MTSGARDNING-027_Gypsum_Fertilizer_500g_Calcium_Sulphur_Soil_Condit_1.webp,1,Gypsum Fertilizer 500g – Calcium & Sulphur Soil Conditioner,FALSE,Gypsum Fertilizer 500g – Calcium & Sulphur Soil Conditioner,"Shop Gypsum Fertilizer 500g, a calcium and sulphur soil conditioner designed to improve suitable clay soils, drainage, soil structure and plant nutrition.",active
gypsum-fertilizer-500g-calcium-sulphur-soil-conditioner,,,,,,,,,,,,,,,,,,,,https://raw.githubusercontent.com/mrfantastic05678/shopify-products/main/public_images/winbachat/MRT-WB-MTSGARDNING-027_Gypsum_Fertilizer_500g_Calcium_Sulphur_Soil_Condit_2.webp,2,Gypsum Fertilizer 500g – Calcium & Sulphur Soil Conditioner,,,,
gypsum-fertilizer-500g-calcium-sulphur-soil-conditioner,,,,,,,,,,,,,,,,,,,,https://raw.githubusercontent.com/mrfantastic05678/shopify-products/main/public_images/winbachat/MRT-WB-MTSGARDNING-027_Gypsum_Fertilizer_500g_Calcium_Sulphur_Soil_Condit_3.webp,3,Gypsum Fertilizer 500g – Calcium & Sulphur Soil Conditioner,,,,
agronio-mycrop-coconut-fertilizer-1kg-multi-micronutrient-formula,Agronio Mycrop Coconut Fertilizer 1kg – Multi-Micronutrient Formula,<p>Agronio Mycrop Coconut is a multi-micronutrient fertilizer formulated specifically for coconut trees. It provides supplemental plant nutrition to support healthy coconut growth and development and can be incorporated into a regular coconut-tree fertilization program according to label directions.</p>,Win Bachat,Home & Garden > Lawn & Garden > Gardening,Gardening,"Gardening, MTS Gardening, Win Bachat, Gardening Fertilizers",true,Title,Default Title,MRT-WB-MTSGARDNING-028,1050,shopify,deny,manual,554.62,721.00,TRUE,TRUE,,https://raw.githubusercontent.com/mrfantastic05678/shopify-products/main/public_images/winbachat/MRT-WB-MTSGARDNING-028_Agronio_Mycrop_Coconut_Fertilizer_1kg_Multi_Micron_1.webp,1,Agronio Mycrop Coconut Fertilizer 1kg – Multi-Micronutrient Formula,FALSE,Agronio Mycrop Coconut Fertilizer 1kg – Micronutrients,"Buy Agronio Mycrop Coconut Fertilizer 1kg, a multi-micronutrient plant food formulated to provide nutritional support for healthy coconut trees.",active
agronio-mycrop-coconut-fertilizer-1kg-multi-micronutrient-formula,,,,,,,,,,,,,,,,,,,,https://raw.githubusercontent.com/mrfantastic05678/shopify-products/main/public_images/winbachat/MRT-WB-MTSGARDNING-028_Agronio_Mycrop_Coconut_Fertilizer_1kg_Multi_Micron_2.webp,2,Agronio Mycrop Coconut Fertilizer 1kg – Multi-Micronutrient Formula,,,,
agronio-mycrop-coconut-fertilizer-1kg-multi-micronutrient-formula,,,,,,,,,,,,,,,,,,,,https://raw.githubusercontent.com/mrfantastic05678/shopify-products/main/public_images/winbachat/MRT-WB-MTSGARDNING-028_Agronio_Mycrop_Coconut_Fertilizer_1kg_Multi_Micron_3.webp,3,Agronio Mycrop Coconut Fertilizer 1kg – Multi-Micronutrient Formula,,,,
wokozim-crop-plus-seaweed-extract-100ml-natural-plant-growth-support,Wokozim Crop Plus Seaweed Extract 100ml – Natural Plant Growth Support,"<p>Wokozim Crop Plus Seaweed Extract is a plant growth support product suitable for home gardens and agricultural use. Its seaweed-based formulation is designed to support healthy plant growth, strong root development and overall plant vigor. Suitable for fruits, vegetables and a variety of crops.</p>",Win Bachat,Home & Garden > Lawn & Garden > Gardening,Gardening,"Gardening, MTS Gardening, Win Bachat, Gardening Fertilizers",true,Title,Default Title,MRT-WB-MTSGARDNING-029,130,shopify,deny,manual,738.27,960.00,TRUE,TRUE,,https://raw.githubusercontent.com/mrfantastic05678/shopify-products/main/public_images/winbachat/MRT-WB-MTSGARDNING-029_Wokozim_Crop_Plus_Seaweed_Extract_100ml_Natural_Pl_1.webp,1,Wokozim Crop Plus Seaweed Extract 100ml – Natural Plant Growth Support,FALSE,Wokozim Crop Plus Seaweed Extract 100ml,"Buy Wokozim Crop Plus Seaweed Extract 100ml for natural plant growth support, strong root development and improved plant vigor in fruits, vegetables and crops.",active
wokozim-crop-plus-seaweed-extract-100ml-natural-plant-growth-support,,,,,,,,,,,,,,,,,,,,https://raw.githubusercontent.com/mrfantastic05678/shopify-products/main/public_images/winbachat/MRT-WB-MTSGARDNING-029_Wokozim_Crop_Plus_Seaweed_Extract_100ml_Natural_Pl_2.webp,2,Wokozim Crop Plus Seaweed Extract 100ml – Natural Plant Growth Support,,,,
wokozim-crop-plus-seaweed-extract-100ml-natural-plant-growth-support,,,,,,,,,,,,,,,,,,,,https://raw.githubusercontent.com/mrfantastic05678/shopify-products/main/public_images/winbachat/MRT-WB-MTSGARDNING-029_Wokozim_Crop_Plus_Seaweed_Extract_100ml_Natural_Pl_3.webp,3,Wokozim Crop Plus Seaweed Extract 100ml – Natural Plant Growth Support,,,,
glyphosate-weed-grass-killer-100ml-garden-weed-control,Glyphosate Weed & Grass Killer 100ml – Garden Weed Control,"<p>Glyphosate Weed & Grass Killer 100ml is a herbicide intended for controlling unwanted weeds and grasses in appropriate treatment areas. As a non-selective weed-control product, it should be kept away from desirable plants and used strictly according to the product label and applicable local requirements.</p>",Win Bachat,Home & Garden > Lawn & Garden > Gardening,Gardening,"Gardening, MTS Gardening, Win Bachat, Gardening Fertilizers",true,Title,Default Title,MRT-WB-MTSGARDNING-030,130,shopify,deny,manual,548.46,713.00,TRUE,TRUE,,https://raw.githubusercontent.com/mrfantastic05678/shopify-products/main/public_images/winbachat/MRT-WB-MTSGARDNING-030_Glyphosate_Weed_Grass_Killer_100ml_Garden_Weed_Con_1.webp,1,Glyphosate Weed & Grass Killer 100ml – Garden Weed Control,FALSE,Glyphosate Weed & Grass Killer 100ml – Weed Control,Shop Glyphosate Weed & Grass Killer 100ml for controlling unwanted weeds and grasses. Use only as directed on the product label and avoid desirable plants.,active
glyphosate-weed-grass-killer-100ml-garden-weed-control,,,,,,,,,,,,,,,,,,,,https://raw.githubusercontent.com/mrfantastic05678/shopify-products/main/public_images/winbachat/MRT-WB-MTSGARDNING-030_Glyphosate_Weed_Grass_Killer_100ml_Garden_Weed_Con_2.webp,2,Glyphosate Weed & Grass Killer 100ml – Garden Weed Control,,,,
usa-lawn-care-insect-killer-500ml-lawn-garden-pest-control,USA Lawn Care Insect Killer 500ml – Lawn & Garden Pest Control,"<p>USA Lawn Care Insect Killer 500ml is designed for pest management in lawns and garden areas. The product label indicates control of various listed pests, including ants, fleas, ticks, grubs, mole crickets and chinch bugs. Suitable for lawn and garden applications when used according to label directions.</p>",Win Bachat,Home & Garden > Lawn & Garden > Gardening,Gardening,"Gardening, MTS Gardening, Win Bachat, Gardening Fertilizers",true,Title,Default Title,MRT-WB-MTSGARDNING-031,560,shopify,deny,manual,1972.00,2564.00,TRUE,TRUE,,https://raw.githubusercontent.com/mrfantastic05678/shopify-products/main/public_images/winbachat/MRT-WB-MTSGARDNING-031_USA_Lawn_Care_Insect_Killer_500ml_Lawn_Garden_Pest_1.webp,1,USA Lawn Care Insect Killer 500ml – Lawn & Garden Pest Control,FALSE,USA Lawn Care Insect Killer 500ml – Garden Pest Control,"Buy USA Lawn Care Insect Killer 500ml for controlling listed lawn and garden pests, including ants, fleas, ticks, grubs and other listed insects.",active
usa-lawn-care-insect-killer-500ml-lawn-garden-pest-control,,,,,,,,,,,,,,,,,,,,https://raw.githubusercontent.com/mrfantastic05678/shopify-products/main/public_images/winbachat/MRT-WB-MTSGARDNING-031_USA_Lawn_Care_Insect_Killer_500ml_Lawn_Garden_Pest_2.webp,2,USA Lawn Care Insect Killer 500ml – Lawn & Garden Pest Control,,,,
usa-lawn-care-insect-killer-1000ml-lawn-garden-pest-control,USA Lawn Care Insect Killer 1000ml – Lawn & Garden Pest Control,"<p>USA Lawn Care Insect Killer 1000ml offers a larger quantity for treating lawns and garden areas against various listed insect pests. It is intended to help control pests such as ants, fleas, ticks, grubs, mole crickets and chinch bugs. Follow all product-label application and safety instructions.</p>",Win Bachat,Home & Garden > Lawn & Garden > Gardening,Gardening,"Gardening, MTS Gardening, Win Bachat, Gardening Fertilizers",true,Title,Default Title,MRT-WB-MTSGARDNING-032,1080,shopify,deny,manual,3451.00,4486.00,TRUE,TRUE,,https://raw.githubusercontent.com/mrfantastic05678/shopify-products/main/public_images/winbachat/MRT-WB-MTSGARDNING-032_USA_Lawn_Care_Insect_Killer_1000ml_Lawn_Garden_Pes_1.webp,1,USA Lawn Care Insect Killer 1000ml – Lawn & Garden Pest Control,FALSE,USA Lawn Care Insect Killer 1000ml – Pest Control,"Shop USA Lawn Care Insect Killer 1000ml for control of listed lawn and garden pests, including ants, fleas, ticks, grubs, mole crickets and more.",active
usa-lawn-care-insect-killer-1000ml-lawn-garden-pest-control,,,,,,,,,,,,,,,,,,,,https://raw.githubusercontent.com/mrfantastic05678/shopify-products/main/public_images/winbachat/MRT-WB-MTSGARDNING-032_USA_Lawn_Care_Insect_Killer_1000ml_Lawn_Garden_Pes_2.webp,2,USA Lawn Care Insect Killer 1000ml – Lawn & Garden Pest Control,,,,
bromoxynil-mcpa-herbicide-100ml-broadleaf-weed-control,Bromoxynil + MCPA Herbicide 100ml – Broadleaf Weed Control,"<p>Bromoxynil + MCPA Herbicide 100ml is a selective herbicide formulation intended for controlling susceptible broadleaf weeds in approved crops and treatment areas. The combination of active ingredients provides targeted weed management when applied according to the product label. Always follow crop, dosage and safety instructions provided by the manufacturer.</p>",Win Bachat,Home & Garden > Lawn & Garden > Gardening,Gardening,"Gardening, MTS Gardening, Win Bachat, Gardening Fertilizers",true,Title,Default Title,MRT-WB-MTSGARDNING-033,130,shopify,deny,manual,554.62,721.00,TRUE,TRUE,,https://raw.githubusercontent.com/mrfantastic05678/shopify-products/main/public_images/winbachat/MRT-WB-MTSGARDNING-033_Bromoxynil_MCPA_Herbicide_100ml_Broadleaf_Weed_Con_1.webp,1,Bromoxynil + MCPA Herbicide 100ml – Broadleaf Weed Control,FALSE,Bromoxynil + MCPA Herbicide 100ml – Weed Control,Buy Bromoxynil + MCPA Herbicide 100ml for selective control of susceptible broadleaf weeds. Apply only to approved crops and areas according to label directions.,active
bromoxynil-mcpa-herbicide-100ml-broadleaf-weed-control,,,,,,,,,,,,,,,,,,,,https://raw.githubusercontent.com/mrfantastic05678/shopify-products/main/public_images/winbachat/MRT-WB-MTSGARDNING-033_Bromoxynil_MCPA_Herbicide_100ml_Broadleaf_Weed_Con_2.webp,2,Bromoxynil + MCPA Herbicide 100ml – Broadleaf Weed Control,,,,
bromoxynil-mcpa-herbicide-100ml-broadleaf-weed-control,,,,,,,,,,,,,,,,,,,,https://raw.githubusercontent.com/mrfantastic05678/shopify-products/main/public_images/winbachat/MRT-WB-MTSGARDNING-033_Bromoxynil_MCPA_Herbicide_100ml_Broadleaf_Weed_Con_3.webp,3,Bromoxynil + MCPA Herbicide 100ml – Broadleaf Weed Control,,,,
sulphate-of-potash-sop-0-0-50-18s-500g-flower-fruit-enhancer,Sulphate of Potash SOP 0-0-50 + 18S 500g – Flower & Fruit Enhancer,"<p>Sulphate of Potash (SOP) 0-0-50 + 18S is a high-potassium fertilizer supplying potassium and sulphur for fruits, vegetables and flowering plants. It supports flowering, fruit development and overall plant quality and is particularly useful where additional potassium nutrition is required.</p>",Win Bachat,Home & Garden > Lawn & Garden > Gardening,Gardening,"Gardening, MTS Gardening, Win Bachat, Gardening Fertilizers",true,Title,Default Title,MRT-WB-MTSGARDNING-034,550,shopify,deny,manual,801.12,1041.00,TRUE,TRUE,,https://raw.githubusercontent.com/mrfantastic05678/shopify-products/main/public_images/winbachat/MRT-WB-MTSGARDNING-034_Sulphate_of_Potash_SOP_0_0_50_18S_500g_Flower_Frui_1.webp,1,Sulphate of Potash SOP 0-0-50 + 18S 500g – Flower & Fruit Enhancer,FALSE,Sulphate of Potash SOP 0-0-50 + 18S 500g,"Buy Sulphate of Potash SOP 0-0-50 + 18S 500g, a high-potassium fertilizer for flowering, fruit development and healthy fruits, vegetables and plants.",active
sulphate-of-potash-sop-0-0-50-18s-500g-flower-fruit-enhancer,,,,,,,,,,,,,,,,,,,,https://raw.githubusercontent.com/mrfantastic05678/shopify-products/main/public_images/winbachat/MRT-WB-MTSGARDNING-034_Sulphate_of_Potash_SOP_0_0_50_18S_500g_Flower_Frui_2.webp,2,Sulphate of Potash SOP 0-0-50 + 18S 500g – Flower & Fruit Enhancer,,,,
sulphate-of-potash-sop-0-0-50-18s-500g-flower-fruit-enhancer,,,,,,,,,,,,,,,,,,,,https://raw.githubusercontent.com/mrfantastic05678/shopify-products/main/public_images/winbachat/MRT-WB-MTSGARDNING-034_Sulphate_of_Potash_SOP_0_0_50_18S_500g_Flower_Frui_3.webp,3,Sulphate of Potash SOP 0-0-50 + 18S 500g – Flower & Fruit Enhancer,,,,
gardening-tools-set-pack-of-3-hand-trowel-fork-rake,"Gardening Tools Set – Pack of 3 Hand Trowel, Fork & Rake","<p>A practical 3-piece gardening tool set featuring a hand trowel, garden fork and hand rake. Designed for everyday gardening tasks such as digging, loosening soil, planting, transplanting and cultivating around plants. The wooden handles provide a comfortable grip, making this set suitable for home gardens, pots, planters and flower beds.</p>",Win Bachat,Home & Garden > Lawn & Garden > Gardening,Gardening,"Gardening, MTS Gardening, Win Bachat, Gardening Tools",true,Title,Default Title,MRT-WB-MTSGARDNING-035,450,shopify,deny,manual,924.38,1202.00,TRUE,TRUE,,https://raw.githubusercontent.com/mrfantastic05678/shopify-products/main/public_images/winbachat/MRT-WB-MTSGARDNING-035_Gardening_Tools_Set_Pack_of_3_Hand_Trowel_Fork_Rak_1.webp,1,"Gardening Tools Set – Pack of 3 Hand Trowel, Fork & Rake",FALSE,"Gardening Tools Set Pack of 3 – Trowel, Fork & Rake","Shop a 3-piece gardening tools set with hand trowel, fork and rake. Ideal for digging, planting, cultivating soil and everyday home garden maintenance.",active
gardening-tools-set-pack-of-3-hand-trowel-fork-rake,,,,,,,,,,,,,,,,,,,,https://raw.githubusercontent.com/mrfantastic05678/shopify-products/main/public_images/winbachat/MRT-WB-MTSGARDNING-035_Gardening_Tools_Set_Pack_of_3_Hand_Trowel_Fork_Rak_2.webp,2,"Gardening Tools Set – Pack of 3 Hand Trowel, Fork & Rake",,,,
gardening-tools-set-pack-of-3-hand-trowel-fork-rake,,,,,,,,,,,,,,,,,,,,https://raw.githubusercontent.com/mrfantastic05678/shopify-products/main/public_images/winbachat/MRT-WB-MTSGARDNING-035_Gardening_Tools_Set_Pack_of_3_Hand_Trowel_Fork_Rak_3.webp,3,"Gardening Tools Set – Pack of 3 Hand Trowel, Fork & Rake",,,,
gardening-tools-set-pack-of-3-hand-trowel-fork-rake,,,,,,,,,,,,,,,,,,,,https://raw.githubusercontent.com/mrfantastic05678/shopify-products/main/public_images/winbachat/MRT-WB-MTSGARDNING-035_Gardening_Tools_Set_Pack_of_3_Hand_Trowel_Fork_Rak_4.webp,4,"Gardening Tools Set – Pack of 3 Hand Trowel, Fork & Rake",,,,
gardening-tools-set-pack-of-3-hand-trowel-fork-rake,,,,,,,,,,,,,,,,,,,,https://raw.githubusercontent.com/mrfantastic05678/shopify-products/main/public_images/winbachat/MRT-WB-MTSGARDNING-035_Gardening_Tools_Set_Pack_of_3_Hand_Trowel_Fork_Rak_5.webp,5,"Gardening Tools Set – Pack of 3 Hand Trowel, Fork & Rake",,,,
gardening-tools-set-pack-of-3-hand-trowel-fork-rake,,,,,,,,,,,,,,,,,,,,https://raw.githubusercontent.com/mrfantastic05678/shopify-products/main/public_images/winbachat/MRT-WB-MTSGARDNING-035_Gardening_Tools_Set_Pack_of_3_Hand_Trowel_Fork_Rak_6.webp,6,"Gardening Tools Set – Pack of 3 Hand Trowel, Fork & Rake",,,,
garden-twist-tie-roll-plant-support-wire,Garden Twist Tie Roll – Plant Support Wire,"<p>Garden Twist Tie is a flexible and convenient solution for supporting plants, vines, stems and young branches. It can be cut to the required length for tying plants to stakes, trellises and other supports. Ideal for organizing and securing plants in home gardens, nurseries, balconies and vegetable gardens.</p>",Win Bachat,Home & Garden > Lawn & Garden > Gardening,Gardening,"Gardening, MTS Gardening, Win Bachat, Gardening Tools",true,Title,Default Title,MRT-WB-MTSGARDNING-036,100,shopify,deny,manual,615.02,800.00,TRUE,TRUE,,https://raw.githubusercontent.com/mrfantastic05678/shopify-products/main/public_images/winbachat/MRT-WB-MTSGARDNING-036_Garden_Twist_Tie_Roll_Plant_Support_Wire_1.webp,1,Garden Twist Tie Roll – Plant Support Wire,FALSE,Garden Twist Tie Roll – Plant Support & Garden Wire,"Buy Garden Twist Tie Roll for securing plants, vines and stems to stakes and trellises. Flexible, easy to cut and ideal for everyday garden plant support.",active
garden-twist-tie-roll-plant-support-wire,,,,,,,,,,,,,,,,,,,,https://raw.githubusercontent.com/mrfantastic05678/shopify-products/main/public_images/winbachat/MRT-WB-MTSGARDNING-036_Garden_Twist_Tie_Roll_Plant_Support_Wire_2.webp,2,Garden Twist Tie Roll – Plant Support Wire,,,,
garden-twist-tie-roll-plant-support-wire,,,,,,,,,,,,,,,,,,,,https://raw.githubusercontent.com/mrfantastic05678/shopify-products/main/public_images/winbachat/MRT-WB-MTSGARDNING-036_Garden_Twist_Tie_Roll_Plant_Support_Wire_3.webp,3,Garden Twist Tie Roll – Plant Support Wire,,,,
garden-twist-tie-roll-plant-support-wire,,,,,,,,,,,,,,,,,,,,https://raw.githubusercontent.com/mrfantastic05678/shopify-products/main/public_images/winbachat/MRT-WB-MTSGARDNING-036_Garden_Twist_Tie_Roll_Plant_Support_Wire_4.webp,4,Garden Twist Tie Roll – Plant Support Wire,,,,
garden-twist-tie-roll-plant-support-wire,,,,,,,,,,,,,,,,,,,,https://raw.githubusercontent.com/mrfantastic05678/shopify-products/main/public_images/winbachat/MRT-WB-MTSGARDNING-036_Garden_Twist_Tie_Roll_Plant_Support_Wire_5.webp,5,Garden Twist Tie Roll – Plant Support Wire,,,,
carbon-steel-heavy-duty-hand-shovel-garden-digging-tool,Carbon Steel Heavy Duty Hand Shovel – Garden Digging Tool,"<p>A sturdy hand shovel designed for digging, planting, transplanting and moving soil in gardens, pots and flower beds. Its durable metal blade handles routine gardening work, while the ergonomic grip provides comfortable control. A useful hand tool for gardeners working with soil, compost and potting mixes.</p>",Win Bachat,Home & Garden > Lawn & Garden > Gardening,Gardening,"Gardening, MTS Gardening, Win Bachat, Gardening Tools",true,Title,Default Title,MRT-WB-MTSGARDNING-037,350,shopify,deny,manual,676.64,880.00,TRUE,TRUE,,https://raw.githubusercontent.com/mrfantastic05678/shopify-products/main/public_images/winbachat/MRT-WB-MTSGARDNING-037_Carbon_Steel_Heavy_Duty_Hand_Shovel_Garden_Digging_1.webp,1,Carbon Steel Heavy Duty Hand Shovel – Garden Digging Tool,FALSE,Heavy Duty Hand Shovel – Garden Digging & Planting Tool,"Shop a heavy-duty hand shovel for digging, planting, transplanting and moving soil. A practical gardening tool for pots, flower beds and home gardens.",active
carbon-steel-heavy-duty-hand-shovel-garden-digging-tool,,,,,,,,,,,,,,,,,,,,https://raw.githubusercontent.com/mrfantastic05678/shopify-products/main/public_images/winbachat/MRT-WB-MTSGARDNING-037_Carbon_Steel_Heavy_Duty_Hand_Shovel_Garden_Digging_2.webp,2,Carbon Steel Heavy Duty Hand Shovel – Garden Digging Tool,,,,
carbon-steel-heavy-duty-hand-shovel-garden-digging-tool,,,,,,,,,,,,,,,,,,,,https://raw.githubusercontent.com/mrfantastic05678/shopify-products/main/public_images/winbachat/MRT-WB-MTSGARDNING-037_Carbon_Steel_Heavy_Duty_Hand_Shovel_Garden_Digging_3.webp,3,Carbon Steel Heavy Duty Hand Shovel – Garden Digging Tool,,,,
carbon-steel-heavy-duty-hand-shovel-garden-digging-tool,,,,,,,,,,,,,,,,,,,,https://raw.githubusercontent.com/mrfantastic05678/shopify-products/main/public_images/winbachat/MRT-WB-MTSGARDNING-037_Carbon_Steel_Heavy_Duty_Hand_Shovel_Garden_Digging_4.webp,4,Carbon Steel Heavy Duty Hand Shovel – Garden Digging Tool,,,,
grafting-tape-roll-plant-grafting-budding-tape,Grafting Tape Roll – Plant Grafting & Budding Tape,"<p>Grafting Tape is designed for wrapping and securing graft unions, buds and plant stems during propagation work. Its flexible construction helps hold grafted sections securely together while plants establish. Suitable for fruit trees, flowering plants, nursery propagation and general grafting applications.</p>",Win Bachat,Home & Garden > Lawn & Garden > Gardening,Gardening,"Gardening, MTS Gardening, Win Bachat, Gardening Tools",true,Title,Default Title,MRT-WB-MTSGARDNING-038,60,shopify,deny,manual,554.62,721.00,TRUE,TRUE,,https://raw.githubusercontent.com/mrfantastic05678/shopify-products/main/public_images/winbachat/MRT-WB-MTSGARDNING-038_Grafting_Tape_Roll_Plant_Grafting_Budding_Tape_1.webp,1,Grafting Tape Roll – Plant Grafting & Budding Tape,FALSE,Grafting Tape Roll – Plant Grafting & Budding Tape,"Buy Grafting Tape Roll for wrapping and securing graft unions, buds and stems. Flexible plant propagation tape for gardening, nurseries and fruit trees.",active
grafting-tape-roll-plant-grafting-budding-tape,,,,,,,,,,,,,,,,,,,,https://raw.githubusercontent.com/mrfantastic05678/shopify-products/main/public_images/winbachat/MRT-WB-MTSGARDNING-038_Grafting_Tape_Roll_Plant_Grafting_Budding_Tape_2.webp,2,Grafting Tape Roll – Plant Grafting & Budding Tape,,,,
grafting-tape-roll-plant-grafting-budding-tape,,,,,,,,,,,,,,,,,,,,https://raw.githubusercontent.com/mrfantastic05678/shopify-products/main/public_images/winbachat/MRT-WB-MTSGARDNING-038_Grafting_Tape_Roll_Plant_Grafting_Budding_Tape_3.webp,3,Grafting Tape Roll – Plant Grafting & Budding Tape,,,,
grafting-tape-roll-plant-grafting-budding-tape,,,,,,,,,,,,,,,,,,,,https://raw.githubusercontent.com/mrfantastic05678/shopify-products/main/public_images/winbachat/MRT-WB-MTSGARDNING-038_Grafting_Tape_Roll_Plant_Grafting_Budding_Tape_4.webp,4,Grafting Tape Roll – Plant Grafting & Budding Tape,,,,
grafting-tape-roll-plant-grafting-budding-tape,,,,,,,,,,,,,,,,,,,,https://raw.githubusercontent.com/mrfantastic05678/shopify-products/main/public_images/winbachat/MRT-WB-MTSGARDNING-038_Grafting_Tape_Roll_Plant_Grafting_Budding_Tape_5.webp,5,Grafting Tape Roll – Plant Grafting & Budding Tape,,,,
grafting-tape-roll-plant-grafting-budding-tape,,,,,,,,,,,,,,,,,,,,https://raw.githubusercontent.com/mrfantastic05678/shopify-products/main/public_images/winbachat/MRT-WB-MTSGARDNING-038_Grafting_Tape_Roll_Plant_Grafting_Budding_Tape_6.webp,6,Grafting Tape Roll – Plant Grafting & Budding Tape,,,,
gardening-rubber-gloves-durable-protective-hand-gloves,Gardening Rubber Gloves – Durable Protective Hand Gloves,"<p>Gardening Rubber Gloves help protect hands during planting, potting, soil handling and general garden maintenance. Their flexible design provides comfortable hand movement while creating a protective barrier against dirt and everyday gardening mess. Suitable for home gardening, cleaning and routine outdoor tasks.</p>",Win Bachat,Home & Garden > Lawn & Garden > Gardening,Gardening,"Gardening, MTS Gardening, Win Bachat, Gardening Tools",true,Title,Default Title,MRT-WB-MTSGARDNING-039,150,shopify,deny,manual,306.89,399.00,TRUE,TRUE,,https://raw.githubusercontent.com/mrfantastic05678/shopify-products/main/public_images/winbachat/MRT-WB-MTSGARDNING-039_Gardening_Rubber_Gloves_Durable_Protective_Hand_Gl_1.webp,1,Gardening Rubber Gloves – Durable Protective Hand Gloves,FALSE,Gardening Rubber Gloves – Protective Garden Hand Gloves,"Shop durable gardening rubber gloves for planting, potting, soil handling and garden maintenance. Flexible protective gloves for home and outdoor use.",active
gardening-rubber-gloves-durable-protective-hand-gloves,,,,,,,,,,,,,,,,,,,,https://raw.githubusercontent.com/mrfantastic05678/shopify-products/main/public_images/winbachat/MRT-WB-MTSGARDNING-039_Gardening_Rubber_Gloves_Durable_Protective_Hand_Gl_2.webp,2,Gardening Rubber Gloves – Durable Protective Hand Gloves,,,,
gardening-rubber-gloves-durable-protective-hand-gloves,,,,,,,,,,,,,,,,,,,,https://raw.githubusercontent.com/mrfantastic05678/shopify-products/main/public_images/winbachat/MRT-WB-MTSGARDNING-039_Gardening_Rubber_Gloves_Durable_Protective_Hand_Gl_3.webp,3,Gardening Rubber Gloves – Durable Protective Hand Gloves,,,,
nktop-garden-scissors-8-inch-200mm-heavy-duty-pruning-shears,NKTOP Garden Scissors 8 Inch (200mm) – Heavy Duty Pruning Shears,"<p>NKTOP 8-inch garden scissors are designed for pruning and trimming stems, shoots, flowers and small branches. The spring-assisted design helps provide convenient cutting action, while the comfortable handles offer better control during regular garden maintenance. Suitable for flowers, shrubs, ornamental plants and home gardens.</p>",Win Bachat,Home & Garden > Lawn & Garden > Gardening,Gardening,"Gardening, MTS Gardening, Win Bachat, Gardening Tools",true,Title,Default Title,MRT-WB-MTSGARDNING-040,300,shopify,deny,manual,1970.77,2562.00,TRUE,TRUE,,https://raw.githubusercontent.com/mrfantastic05678/shopify-products/main/public_images/winbachat/MRT-WB-MTSGARDNING-040_NKTOP_Garden_Scissors_8_Inch_200mm_Heavy_Duty_Prun_1.webp,1,NKTOP Garden Scissors 8 Inch (200mm) – Heavy Duty Pruning Shears,FALSE,NKTOP Garden Scissors 8 Inch – Heavy Duty Pruning Shears,"Buy NKTOP 8-inch garden scissors for pruning flowers, stems, shoots and small branches. Practical pruning shears for shrubs, plants and garden maintenance.",active
nktop-garden-scissors-8-inch-200mm-heavy-duty-pruning-shears,,,,,,,,,,,,,,,,,,,,https://raw.githubusercontent.com/mrfantastic05678/shopify-products/main/public_images/winbachat/MRT-WB-MTSGARDNING-040_NKTOP_Garden_Scissors_8_Inch_200mm_Heavy_Duty_Prun_2.webp,2,NKTOP Garden Scissors 8 Inch (200mm) – Heavy Duty Pruning Shears,,,,
2-in-1-garden-hoe-cultivator-tool-dual-purpose-gardening-tool,2-in-1 Garden Hoe & Cultivator Tool – Dual Purpose Gardening Tool,"<p>This 2-in-1 garden tool combines a hoe blade and three-prong cultivator for convenient soil maintenance. Use it for loosening and cultivating soil, breaking up surface soil and working around garden plants. Its dual-purpose design reduces the need to switch between separate hand tools during routine gardening.</p>",Win Bachat,Home & Garden > Lawn & Garden > Gardening,Gardening,"Gardening, MTS Gardening, Win Bachat, Gardening Tools",true,Title,Default Title,MRT-WB-MTSGARDNING-041,400,shopify,deny,manual,677.88,881.00,TRUE,TRUE,,https://raw.githubusercontent.com/mrfantastic05678/shopify-products/main/public_images/winbachat/MRT-WB-MTSGARDNING-041_2_in_1_Garden_Hoe_Cultivator_Tool_Dual_Purpose_Gar_1.webp,1,2-in-1 Garden Hoe & Cultivator Tool – Dual Purpose Gardening Tool,FALSE,2-in-1 Garden Hoe & Cultivator – Dual Purpose Garden Tool,"Shop a 2-in-1 garden hoe and cultivator for loosening soil, cultivating garden beds and routine plant maintenance. Practical dual-purpose gardening tool.",active
2-in-1-garden-hoe-cultivator-tool-dual-purpose-gardening-tool,,,,,,,,,,,,,,,,,,,,https://raw.githubusercontent.com/mrfantastic05678/shopify-products/main/public_images/winbachat/MRT-WB-MTSGARDNING-041_2_in_1_Garden_Hoe_Cultivator_Tool_Dual_Purpose_Gar_2.webp,2,2-in-1 Garden Hoe & Cultivator Tool – Dual Purpose Gardening Tool,,,,
2-in-1-garden-hoe-cultivator-tool-dual-purpose-gardening-tool,,,,,,,,,,,,,,,,,,,,https://raw.githubusercontent.com/mrfantastic05678/shopify-products/main/public_images/winbachat/MRT-WB-MTSGARDNING-041_2_in_1_Garden_Hoe_Cultivator_Tool_Dual_Purpose_Gar_3.webp,3,2-in-1 Garden Hoe & Cultivator Tool – Dual Purpose Gardening Tool,,,,
2-in-1-garden-hoe-cultivator-tool-dual-purpose-gardening-tool,,,,,,,,,,,,,,,,,,,,https://raw.githubusercontent.com/mrfantastic05678/shopify-products/main/public_images/winbachat/MRT-WB-MTSGARDNING-041_2_in_1_Garden_Hoe_Cultivator_Tool_Dual_Purpose_Gar_4.webp,4,2-in-1 Garden Hoe & Cultivator Tool – Dual Purpose Gardening Tool,,,,
2-in-1-garden-hoe-cultivator-tool-dual-purpose-gardening-tool,,,,,,,,,,,,,,,,,,,,https://raw.githubusercontent.com/mrfantastic05678/shopify-products/main/public_images/winbachat/MRT-WB-MTSGARDNING-041_2_in_1_Garden_Hoe_Cultivator_Tool_Dual_Purpose_Gar_5.webp,5,2-in-1 Garden Hoe & Cultivator Tool – Dual Purpose Gardening Tool,,,,
2-in-1-garden-hoe-cultivator-tool-dual-purpose-gardening-tool,,,,,,,,,,,,,,,,,,,,https://raw.githubusercontent.com/mrfantastic05678/shopify-products/main/public_images/winbachat/MRT-WB-MTSGARDNING-041_2_in_1_Garden_Hoe_Cultivator_Tool_Dual_Purpose_Gar_6.webp,6,2-in-1 Garden Hoe & Cultivator Tool – Dual Purpose Gardening Tool,,,,
2-in-1-garden-hoe-cultivator-tool-dual-purpose-gardening-tool,,,,,,,,,,,,,,,,,,,,https://raw.githubusercontent.com/mrfantastic05678/shopify-products/main/public_images/winbachat/MRT-WB-MTSGARDNING-041_2_in_1_Garden_Hoe_Cultivator_Tool_Dual_Purpose_Gar_7.webp,7,2-in-1 Garden Hoe & Cultivator Tool – Dual Purpose Gardening Tool,,,,
2-in-1-garden-hoe-cultivator-tool-dual-purpose-gardening-tool,,,,,,,,,,,,,,,,,,,,https://raw.githubusercontent.com/mrfantastic05678/shopify-products/main/public_images/winbachat/MRT-WB-MTSGARDNING-041_2_in_1_Garden_Hoe_Cultivator_Tool_Dual_Purpose_Gar_8.webp,8,2-in-1 Garden Hoe & Cultivator Tool – Dual Purpose Gardening Tool,,,,
plant-label-tags-pack-of-20-garden-plant-markers,Plant Label Tags – Pack of 20 Garden Plant Markers,"<p>Keep plants, seedlings and varieties organized with this pack of 20 plant label tags. The simple stake design can be inserted into soil in pots, seed trays, planters and garden beds, while the blank writing area provides space for plant names, varieties, dates or other useful growing information.</p>",Win Bachat,Home & Garden > Lawn & Garden > Gardening,Gardening,"Gardening, MTS Gardening, Win Bachat, Gardening Tools",true,Title,Default Title,MRT-WB-MTSGARDNING-042,50,shopify,deny,manual,553.39,719.00,TRUE,TRUE,,https://raw.githubusercontent.com/mrfantastic05678/shopify-products/main/public_images/winbachat/MRT-WB-MTSGARDNING-042_Plant_Label_Tags_Pack_of_20_Garden_Plant_Markers_1.webp,1,Plant Label Tags – Pack of 20 Garden Plant Markers,FALSE,Plant Label Tags Pack of 20 – Garden Plant Markers,"Buy a pack of 20 plant label tags for identifying seedlings, herbs, flowers and vegetables in pots, seed trays, planters and garden beds.",active
plant-label-tags-pack-of-20-garden-plant-markers,,,,,,,,,,,,,,,,,,,,https://raw.githubusercontent.com/mrfantastic05678/shopify-products/main/public_images/winbachat/MRT-WB-MTSGARDNING-042_Plant_Label_Tags_Pack_of_20_Garden_Plant_Markers_2.webp,2,Plant Label Tags – Pack of 20 Garden Plant Markers,,,,
plant-label-tags-pack-of-20-garden-plant-markers,,,,,,,,,,,,,,,,,,,,https://raw.githubusercontent.com/mrfantastic05678/shopify-products/main/public_images/winbachat/MRT-WB-MTSGARDNING-042_Plant_Label_Tags_Pack_of_20_Garden_Plant_Markers_3.webp,3,Plant Label Tags – Pack of 20 Garden Plant Markers,,,,
plant-label-tags-pack-of-20-garden-plant-markers,,,,,,,,,,,,,,,,,,,,https://raw.githubusercontent.com/mrfantastic05678/shopify-products/main/public_images/winbachat/MRT-WB-MTSGARDNING-042_Plant_Label_Tags_Pack_of_20_Garden_Plant_Markers_4.webp,4,Plant Label Tags – Pack of 20 Garden Plant Markers,,,,
plant-label-tags-pack-of-20-garden-plant-markers,,,,,,,,,,,,,,,,,,,,https://raw.githubusercontent.com/mrfantastic05678/shopify-products/main/public_images/winbachat/MRT-WB-MTSGARDNING-042_Plant_Label_Tags_Pack_of_20_Garden_Plant_Markers_5.webp,5,Plant Label Tags – Pack of 20 Garden Plant Markers,,,,
coco-peat-1kg-natural-soil-conditioner-for-healthy-plant-growth,Coco Peat 1kg – Natural Soil Conditioner for Healthy Plant Growth,"<p>Coco Peat is a natural growing medium and soil conditioner made from coconut material. It helps improve moisture retention, soil structure and root-zone conditions, making it useful for pots, planters, seed starting and garden beds. Mix it with soil or other growing media to create a balanced environment for healthy plant development.</p>",Win Bachat,Home & Garden > Lawn & Garden > Gardening,Gardening,"Gardening, MTS Gardening, Win Bachat, Soil Fertilizer",true,Title,Default Title,MRT-WB-MTSGARDNING-043,1050,shopify,deny,manual,368.52,479.00,TRUE,TRUE,,https://raw.githubusercontent.com/mrfantastic05678/shopify-products/main/public_images/winbachat/MRT-WB-MTSGARDNING-043_Coco_Peat_1kg_Natural_Soil_Conditioner_for_Healthy_1.webp,1,Coco Peat 1kg – Natural Soil Conditioner for Healthy Plant Growth,FALSE,Coco Peat 1kg – Natural Soil Conditioner & Growing Medium,"Buy Coco Peat 1kg, a natural growing medium that improves moisture retention and soil structure while supporting healthy roots in pots and garden plants.",active
coco-peat-1kg-natural-soil-conditioner-for-healthy-plant-growth,,,,,,,,,,,,,,,,,,,,https://raw.githubusercontent.com/mrfantastic05678/shopify-products/main/public_images/winbachat/MRT-WB-MTSGARDNING-043_Coco_Peat_1kg_Natural_Soil_Conditioner_for_Healthy_2.webp,2,Coco Peat 1kg – Natural Soil Conditioner for Healthy Plant Growth,,,,
coco-peat-1kg-natural-soil-conditioner-for-healthy-plant-growth,,,,,,,,,,,,,,,,,,,,https://raw.githubusercontent.com/mrfantastic05678/shopify-products/main/public_images/winbachat/MRT-WB-MTSGARDNING-043_Coco_Peat_1kg_Natural_Soil_Conditioner_for_Healthy_3.webp,3,Coco Peat 1kg – Natural Soil Conditioner for Healthy Plant Growth,,,,
gro-sure-perlite-100g-lightweight-soil-conditioner-for-better-drainage,Gro-Sure Perlite 100g – Lightweight Soil Conditioner for Better Drainage,"<p>Gro-Sure Perlite is a lightweight soil additive designed to improve aeration and drainage around plant roots. Mixed with compost or potting media, it helps reduce compaction and creates a more open growing environment. Ideal for potting, rooting cuttings, propagation and container gardening.</p>",Win Bachat,Home & Garden > Lawn & Garden > Gardening,Gardening,"Gardening, MTS Gardening, Win Bachat, Soil Fertilizer",true,Title,Default Title,MRT-WB-MTSGARDNING-044,130,shopify,deny,manual,738.27,960.00,TRUE,TRUE,,https://raw.githubusercontent.com/mrfantastic05678/shopify-products/main/public_images/winbachat/MRT-WB-MTSGARDNING-044_Gro_Sure_Perlite_100g_Lightweight_Soil_Conditioner_1.webp,1,Gro-Sure Perlite 100g – Lightweight Soil Conditioner for Better Drainage,FALSE,Gro-Sure Perlite 100g – Soil Aeration & Drainage Conditioner,"Shop Gro-Sure Perlite 100g to improve aeration and drainage in potting mixes. Ideal for healthy roots, cuttings, propagation and container plants.",active
gro-sure-perlite-100g-lightweight-soil-conditioner-for-better-drainage,,,,,,,,,,,,,,,,,,,,https://raw.githubusercontent.com/mrfantastic05678/shopify-products/main/public_images/winbachat/MRT-WB-MTSGARDNING-044_Gro_Sure_Perlite_100g_Lightweight_Soil_Conditioner_2.webp,2,Gro-Sure Perlite 100g – Lightweight Soil Conditioner for Better Drainage,,,,
gro-sure-perlite-100g-lightweight-soil-conditioner-for-better-drainage,,,,,,,,,,,,,,,,,,,,https://raw.githubusercontent.com/mrfantastic05678/shopify-products/main/public_images/winbachat/MRT-WB-MTSGARDNING-044_Gro_Sure_Perlite_100g_Lightweight_Soil_Conditioner_3.webp,3,Gro-Sure Perlite 100g – Lightweight Soil Conditioner for Better Drainage,,,,
indoor-potting-mix-1kg-premium-blend-for-healthy-indoor-plants,Indoor Potting Mix 1kg – Premium Blend for Healthy Indoor Plants,<p>Indoor Potting Mix is a convenient growing medium blended for a wide variety of container and houseplants. It provides a supportive root environment for indoor plants and is suitable for repotting and routine container gardening. The product packaging indicates plant feeding for up to six months.</p>,Win Bachat,Home & Garden > Lawn & Garden > Gardening,Gardening,"Gardening, MTS Gardening, Win Bachat, Soil Fertilizer",true,Title,Default Title,MRT-WB-MTSGARDNING-045,1050,shopify,deny,manual,738.27,960.00,TRUE,TRUE,,https://raw.githubusercontent.com/mrfantastic05678/shopify-products/main/public_images/winbachat/MRT-WB-MTSGARDNING-045_Indoor_Potting_Mix_1kg_Premium_Blend_for_Healthy_I_1.webp,1,Indoor Potting Mix 1kg – Premium Blend for Healthy Indoor Plants,FALSE,Indoor Potting Mix 1kg – Soil Mix for Houseplants,"Buy Indoor Potting Mix 1kg, a convenient growing medium for houseplants and container plants, ideal for repotting and supporting healthy indoor growth.",active
indoor-potting-mix-1kg-premium-blend-for-healthy-indoor-plants,,,,,,,,,,,,,,,,,,,,https://raw.githubusercontent.com/mrfantastic05678/shopify-products/main/public_images/winbachat/MRT-WB-MTSGARDNING-045_Indoor_Potting_Mix_1kg_Premium_Blend_for_Healthy_I_2.webp,2,Indoor Potting Mix 1kg – Premium Blend for Healthy Indoor Plants,,,,
indoor-potting-mix-1kg-premium-blend-for-healthy-indoor-plants,,,,,,,,,,,,,,,,,,,,https://raw.githubusercontent.com/mrfantastic05678/shopify-products/main/public_images/winbachat/MRT-WB-MTSGARDNING-045_Indoor_Potting_Mix_1kg_Premium_Blend_for_Healthy_I_3.webp,3,Indoor Potting Mix 1kg – Premium Blend for Healthy Indoor Plants,,,,
neem-cake-1kg-organic-fertilizer-soil-conditioner,Neem Cake 1kg – Organic Fertilizer & Soil Conditioner,"<p>Neem Cake is a natural organic soil amendment and fertilizer derived from neem material. It can help enrich soil with organic matter and plant nutrients while supporting better soil condition. Suitable for vegetables, flowers, fruit plants, pots and garden beds as part of a regular soil-care and feeding program.</p>",Win Bachat,Home & Garden > Lawn & Garden > Gardening,Gardening,"Gardening, MTS Gardening, Win Bachat, Plants Insecticide/Fungicide",true,Title,Default Title,MRT-WB-MTSGARDNING-046,1050,shopify,deny,manual,431.38,561.00,TRUE,TRUE,,https://raw.githubusercontent.com/mrfantastic05678/shopify-products/main/public_images/winbachat/MRT-WB-MTSGARDNING-046_Neem_Cake_1kg_Organic_Fertilizer_Soil_Conditioner_1.webp,1,Neem Cake 1kg – Organic Fertilizer & Soil Conditioner,FALSE,Neem Cake 1kg – Organic Fertilizer & Soil Conditioner,"Buy Neem Cake 1kg, a natural organic fertilizer and soil conditioner for vegetables, flowers, fruit plants, pots and home gardens.",active
neem-cake-1kg-organic-fertilizer-soil-conditioner,,,,,,,,,,,,,,,,,,,,https://raw.githubusercontent.com/mrfantastic05678/shopify-products/main/public_images/winbachat/MRT-WB-MTSGARDNING-046_Neem_Cake_1kg_Organic_Fertilizer_Soil_Conditioner_2.webp,2,Neem Cake 1kg – Organic Fertilizer & Soil Conditioner,,,,
neem-cake-1kg-organic-fertilizer-soil-conditioner,,,,,,,,,,,,,,,,,,,,https://raw.githubusercontent.com/mrfantastic05678/shopify-products/main/public_images/winbachat/MRT-WB-MTSGARDNING-046_Neem_Cake_1kg_Organic_Fertilizer_Soil_Conditioner_3.webp,3,Neem Cake 1kg – Organic Fertilizer & Soil Conditioner,,,,
slug-snail-bait-400g-garden-pest-control,Slug & Snail Bait 400g – Garden Pest Control,"<p>Slug & Snail Bait 400g is designed to help control slugs and snails that can damage garden plants. Suitable for use around flowers, gardens, vegetables and fruit trees according to label directions, it provides a convenient way to manage these common garden pests and protect vulnerable plants.</p>",Win Bachat,Home & Garden > Lawn & Garden > Gardening,Gardening,"Gardening, MTS Gardening, Win Bachat, Plants Insecticide/Fungicide",true,Title,Default Title,MRT-WB-MTSGARDNING-047,450,shopify,deny,manual,924.38,1202.00,TRUE,TRUE,,https://raw.githubusercontent.com/mrfantastic05678/shopify-products/main/public_images/winbachat/MRT-WB-MTSGARDNING-047_Slug_Snail_Bait_400g_Garden_Pest_Control_1.webp,1,Slug & Snail Bait 400g – Garden Pest Control,FALSE,Slug & Snail Bait 400g – Garden Pest Control,"Shop Slug & Snail Bait 400g for convenient control of slugs and snails around flowers, vegetables, fruit trees and garden plants. Use as directed.",active
slug-snail-bait-400g-garden-pest-control,,,,,,,,,,,,,,,,,,,,https://raw.githubusercontent.com/mrfantastic05678/shopify-products/main/public_images/winbachat/MRT-WB-MTSGARDNING-047_Slug_Snail_Bait_400g_Garden_Pest_Control_2.webp,2,Slug & Snail Bait 400g – Garden Pest Control,,,,
slug-snail-bait-400g-garden-pest-control,,,,,,,,,,,,,,,,,,,,https://raw.githubusercontent.com/mrfantastic05678/shopify-products/main/public_images/winbachat/MRT-WB-MTSGARDNING-047_Slug_Snail_Bait_400g_Garden_Pest_Control_3.webp,3,Slug & Snail Bait 400g – Garden Pest Control,,,,
lawn-feed-snail-slug-insect-control-500g-plants-insecticidefungicide,"Lawn Feed, Snail, Slug & Insect Control 500g","<p>Lawn Feed, Snail, Slug & Insect Control is a multipurpose garden product formulated with diatomaceous earth. It combines lawn and plant care with control of listed snails, slugs and insects. Suitable for indoor and outdoor applications where permitted by the label, making it a practical option for routine garden maintenance.</p>",Win Bachat,Home & Garden > Lawn & Garden > Gardening,Gardening,"Gardening, MTS Gardening, Win Bachat, Plants Insecticide/Fungicide",false,Title,Default Title,MRT-WB-MTSGARDNING-048,550,shopify,deny,manual,554.62,721.00,TRUE,TRUE,,https://raw.githubusercontent.com/mrfantastic05678/shopify-products/main/public_images/winbachat/MRT-WB-MTSGARDNING-048_Lawn_Feed_Snail_Slug_Insect_Control_500g_1.webp,1,"Lawn Feed, Snail, Slug & Insect Control 500g",FALSE,"Lawn Feed, Snail, Slug & Insect Control 500g","Buy Lawn Feed, Snail, Slug & Insect Control 500g with diatomaceous earth for convenient lawn care and control of listed garden pests.",draft
lawn-feed-snail-slug-insect-control-500g-plants-insecticidefungicide,,,,,,,,,,,,,,,,,,,,https://raw.githubusercontent.com/mrfantastic05678/shopify-products/main/public_images/winbachat/MRT-WB-MTSGARDNING-048_Lawn_Feed_Snail_Slug_Insect_Control_500g_2.webp,2,"Lawn Feed, Snail, Slug & Insect Control 500g",,,,
water-soluble-neem-oil-for-plants-100ml-plant-pest-care,Water Soluble Neem Oil for Plants 100ml – Plant Pest Care,"<p>Water Soluble Neem Oil 100ml is a convenient neem-based product for routine garden and plant care. The label identifies it for fungicidal, miticidal and insecticidal applications. Suitable for gardeners looking for a compact plant-care solution for managing listed pest and fungal problems when used according to directions.</p>",Win Bachat,Home & Garden > Lawn & Garden > Gardening,Gardening,"Gardening, MTS Gardening, Win Bachat, Plants Insecticide/Fungicide",true,Title,Default Title,MRT-WB-MTSGARDNING-049,130,shopify,deny,manual,548.46,713.00,TRUE,TRUE,,https://raw.githubusercontent.com/mrfantastic05678/shopify-products/main/public_images/winbachat/MRT-WB-MTSGARDNING-049_Water_Soluble_Neem_Oil_for_Plants_100ml_Plant_Pest_1.webp,1,Water Soluble Neem Oil for Plants 100ml – Plant Pest Care,FALSE,Neem Oil for Plants 100ml – Water Soluble Plant Care,"Buy Water Soluble Neem Oil 100ml for plant and garden care. A convenient neem-based solution for managing listed insects, mites and fungal problems.",active
water-soluble-neem-oil-for-plants-100ml-plant-pest-care,,,,,,,,,,,,,,,,,,,,https://raw.githubusercontent.com/mrfantastic05678/shopify-products/main/public_images/winbachat/MRT-WB-MTSGARDNING-049_Water_Soluble_Neem_Oil_for_Plants_100ml_Plant_Pest_2.webp,2,Water Soluble Neem Oil for Plants 100ml – Plant Pest Care,,,,
water-soluble-neem-oil-for-plants-100ml-plant-pest-care,,,,,,,,,,,,,,,,,,,,https://raw.githubusercontent.com/mrfantastic05678/shopify-products/main/public_images/winbachat/MRT-WB-MTSGARDNING-049_Water_Soluble_Neem_Oil_for_Plants_100ml_Plant_Pest_3.webp,3,Water Soluble Neem Oil for Plants 100ml – Plant Pest Care,,,,
water-soluble-neem-oil-for-plants-100ml-plant-pest-care,,,,,,,,,,,,,,,,,,,,https://raw.githubusercontent.com/mrfantastic05678/shopify-products/main/public_images/winbachat/MRT-WB-MTSGARDNING-049_Water_Soluble_Neem_Oil_for_Plants_100ml_Plant_Pest_4.webp,4,Water Soluble Neem Oil for Plants 100ml – Plant Pest Care,,,,
plant-safe-care-plus-100ml-all-in-one-plant-care-solution-plants-insecticidefungicide,Plant Safe & Care Plus 100ml – All-in-One Plant Care Solution,"<p>Plant Safe & Care Plus 100ml is an all-in-one liquid solution designed for convenient garden and plant care. Its compact size is suitable for smaller home gardens and plant collections. It can be incorporated into routine maintenance for flowering, ornamental and other garden plants according to product directions.</p>",Win Bachat,Home & Garden > Lawn & Garden > Gardening,Gardening,"Gardening, MTS Gardening, Win Bachat, Plants Insecticide/Fungicide",false,Title,Default Title,MRT-WB-MTSGARDNING-050,130,shopify,deny,manual,2458.84,3196.00,TRUE,TRUE,,https://raw.githubusercontent.com/mrfantastic05678/shopify-products/main/public_images/winbachat/MRT-WB-MTSGARDNING-050_Plant_Safe_Care_Plus_100ml_All_in_One_Plant_Care_S_1.webp,1,Plant Safe & Care Plus 100ml – All-in-One Plant Care Solution,FALSE,Plant Safe & Care Plus 100ml – Plant Care Solution,"Shop Plant Safe & Care Plus 100ml, an all-in-one liquid solution for convenient maintenance of flowering, ornamental and home garden plants.",draft
plant-safe-care-plus-100ml-all-in-one-plant-care-solution-plants-insecticidefungicide,,,,,,,,,,,,,,,,,,,,https://raw.githubusercontent.com/mrfantastic05678/shopify-products/main/public_images/winbachat/MRT-WB-MTSGARDNING-050_Plant_Safe_Care_Plus_100ml_All_in_One_Plant_Care_S_2.webp,2,Plant Safe & Care Plus 100ml – All-in-One Plant Care Solution,,,,
plant-safe-care-plus-250ml-all-in-one-plant-care-solution-plants-insecticidefungicide,Plant Safe & Care Plus 250ml – All-in-One Plant Care Solution,"<p>Plant Safe & Care Plus 250ml provides a convenient liquid solution for regular plant and garden maintenance. Suitable for a variety of ornamental, flowering and garden plants, it offers an easy-to-use option for gardeners seeking an all-in-one product for their routine plant-care program.</p>",Win Bachat,Home & Garden > Lawn & Garden > Gardening,Gardening,"Gardening, MTS Gardening, Win Bachat, Plants Insecticide/Fungicide",false,Title,Default Title,MRT-WB-MTSGARDNING-051,280,shopify,deny,manual,554.62,721.00,TRUE,TRUE,,https://raw.githubusercontent.com/mrfantastic05678/shopify-products/main/public_images/winbachat/MRT-WB-MTSGARDNING-051_Plant_Safe_Care_Plus_250ml_All_in_One_Plant_Care_S_1.webp,1,Plant Safe & Care Plus 250ml – All-in-One Plant Care Solution,FALSE,Plant Safe & Care Plus 250ml – Plant Care Solution,"Buy Plant Safe & Care Plus 250ml, an all-in-one liquid plant-care solution suitable for flowering, ornamental and a variety of home garden plants.",draft
plant-safe-care-plus-250ml-all-in-one-plant-care-solution-plants-insecticidefungicide,,,,,,,,,,,,,,,,,,,,https://raw.githubusercontent.com/mrfantastic05678/shopify-products/main/public_images/winbachat/MRT-WB-MTSGARDNING-051_Plant_Safe_Care_Plus_250ml_All_in_One_Plant_Care_S_2.webp,2,Plant Safe & Care Plus 250ml – All-in-One Plant Care Solution,,,,
plant-safe-care-plus-500ml-all-in-one-plant-care-solution-plants-insecticidefungicide,Plant Safe & Care Plus 500ml – All-in-One Plant Care Solution,"<p>Plant Safe & Care Plus 500ml is a practical larger-size solution for regular home garden and plant maintenance. Designed for use with a variety of garden, flowering and ornamental plants, the liquid formulation provides a convenient option for ongoing plant care when applied according to product directions.</p>",Win Bachat,Home & Garden > Lawn & Garden > Gardening,Gardening,"Gardening, MTS Gardening, Win Bachat, Plants Insecticide/Fungicide",false,Title,Default Title,MRT-WB-MTSGARDNING-052,560,shopify,deny,manual,1109.25,1442.00,TRUE,TRUE,,https://raw.githubusercontent.com/mrfantastic05678/shopify-products/main/public_images/winbachat/MRT-WB-MTSGARDNING-052_Plant_Safe_Care_Plus_500ml_All_in_One_Plant_Care_S_1.webp,1,Plant Safe & Care Plus 500ml – All-in-One Plant Care Solution,FALSE,Plant Safe & Care Plus 500ml – Garden & Plant Care Solution,"Shop Plant Safe & Care Plus 500ml, an all-in-one liquid solution for convenient care and maintenance of garden, flowering and ornamental plants.",draft
plant-safe-care-plus-500ml-all-in-one-plant-care-solution-plants-insecticidefungicide,,,,,,,,,,,,,,,,,,,,https://raw.githubusercontent.com/mrfantastic05678/shopify-products/main/public_images/winbachat/MRT-WB-MTSGARDNING-052_Plant_Safe_Care_Plus_500ml_All_in_One_Plant_Care_S_2.webp,2,Plant Safe & Care Plus 500ml – All-in-One Plant Care Solution,,,,
plant-safe-care-plus-1000ml-all-in-one-plant-care-solution-plants-insecticidefungicide,Plant Safe & Care Plus 1000ml – All-in-One Plant Care Solution,"<p>Plant Safe & Care Plus 1000ml offers an economical larger pack for gardeners with multiple plants or larger growing areas. The all-in-one liquid solution is suitable for routine care of flowering, ornamental and garden plants and provides a convenient addition to regular plant maintenance.</p>",Win Bachat,Home & Garden > Lawn & Garden > Gardening,Gardening,"Gardening, MTS Gardening, Win Bachat, Plants Insecticide/Fungicide",false,Title,Default Title,MRT-WB-MTSGARDNING-053,1080,shopify,deny,manual,1972.00,2564.00,TRUE,TRUE,,https://raw.githubusercontent.com/mrfantastic05678/shopify-products/main/public_images/winbachat/MRT-WB-MTSGARDNING-053_Plant_Safe_Care_Plus_1000ml_All_in_One_Plant_Care__1.webp,1,Plant Safe & Care Plus 1000ml – All-in-One Plant Care Solution,FALSE,Plant Safe & Care Plus 1000ml – Plant Care Solution,"Buy Plant Safe & Care Plus 1000ml, a larger all-in-one liquid plant-care solution for regular maintenance of flowering, ornamental and garden plants.",draft
plant-safe-care-plus-1000ml-all-in-one-plant-care-solution-plants-insecticidefungicide,,,,,,,,,,,,,,,,,,,,https://raw.githubusercontent.com/mrfantastic05678/shopify-products/main/public_images/winbachat/MRT-WB-MTSGARDNING-053_Plant_Safe_Care_Plus_1000ml_All_in_One_Plant_Care__2.webp,2,Plant Safe & Care Plus 1000ml – All-in-One Plant Care Solution,,,,
gardentech-insect-killer-fertilizer-lawn-granules-2-lb-plants-insecticidefungicide,GardenTech Insect Killer + Fertilizer Lawn Granules 2 LB,"<p>GardenTech Insect Killer + Fertilizer Lawn Granules combine pest control with plant and lawn feeding in a convenient granular formulation. The package states that the product controls over 100 listed pests and provides protection for up to three months. Suitable for labeled use around lawns, fruit and vegetable gardens, flowers and ornamental areas.</p>",Win Bachat,Home & Garden > Lawn & Garden > Gardening,Gardening,"Gardening, MTS Gardening, Win Bachat, Plants Insecticide/Fungicide",false,Title,Default Title,MRT-WB-MTSGARDNING-054,980,shopify,deny,manual,3451.00,4486.00,TRUE,TRUE,,https://raw.githubusercontent.com/mrfantastic05678/shopify-products/main/public_images/winbachat/MRT-WB-MTSGARDNING-054_GardenTech_Insect_Killer_Fertilizer_Lawn_Granules__1.webp,1,GardenTech Insect Killer + Fertilizer Lawn Granules 2 LB,FALSE,GardenTech Insect Killer + Fertilizer Granules 2 LB,Buy GardenTech Insect Killer + Fertilizer Lawn Granules 2 LB for combined feeding and control of listed pests in lawns and garden areas.,draft
gardentech-insect-killer-fertilizer-lawn-granules-2-lb-plants-insecticidefungicide,,,,,,,,,,,,,,,,,,,,https://raw.githubusercontent.com/mrfantastic05678/shopify-products/main/public_images/winbachat/MRT-WB-MTSGARDNING-054_GardenTech_Insect_Killer_Fertilizer_Lawn_Granules__2.webp,2,GardenTech Insect Killer + Fertilizer Lawn Granules 2 LB,,,,
gardentech-insect-killer-fertilizer-lawn-granules-2-lb-plants-insecticidefungicide,,,,,,,,,,,,,,,,,,,,https://raw.githubusercontent.com/mrfantastic05678/shopify-products/main/public_images/winbachat/MRT-WB-MTSGARDNING-054_GardenTech_Insect_Killer_Fertilizer_Lawn_Granules__3.webp,3,GardenTech Insect Killer + Fertilizer Lawn Granules 2 LB,,,,
tenekil-plus-total-termite-control-1-liter-termite-treatment-solution,Tenekil Plus Total Termite Control 1 Liter – Termite Treatment Solution,"<p>Tenekil Plus Total Termite Control is a liquid termite-control product designed for the treatment of termite problems in appropriate areas. The 1-liter pack is suitable for larger treatment requirements, while its low-odor formulation makes application more convenient. Use strictly according to the manufacturer’s label, safety precautions and approved application instructions.</p>",Win Bachat,Home & Garden > Lawn & Garden > Gardening,Gardening,"Gardening, MTS Gardening, Win Bachat, Plants Insecticide/Fungicide",true,Title,Default Title,MRT-WB-MTSGARDNING-055,1100,shopify,deny,manual,3327.75,4326.00,TRUE,TRUE,,https://raw.githubusercontent.com/mrfantastic05678/shopify-products/main/public_images/winbachat/MRT-WB-MTSGARDNING-055_Tenekil_Plus_Total_Termite_Control_1_Liter_Termite_1.webp,1,Tenekil Plus Total Termite Control 1 Liter – Termite Treatment Solution,FALSE,Tenekil Plus Termite Control 1 Liter – Termite Treatment,"Buy Tenekil Plus Total Termite Control 1 Liter, a low-odor termite treatment solution for controlling termites in approved areas. Use as directed.",active
tenekil-plus-total-termite-control-1-liter-termite-treatment-solution,,,,,,,,,,,,,,,,,,,,https://raw.githubusercontent.com/mrfantastic05678/shopify-products/main/public_images/winbachat/MRT-WB-MTSGARDNING-055_Tenekil_Plus_Total_Termite_Control_1_Liter_Termite_2.webp,2,Tenekil Plus Total Termite Control 1 Liter – Termite Treatment Solution,,,,
wokozim-crop-plus-seaweed-extract-100ml-natural-plant-growth-support-plants-insecticidefungicide,Wokozim Crop Plus Seaweed Extract 100ml – Natural Plant Growth Support,"<p>Wokozim Crop Plus Seaweed Extract 100ml is a plant growth support product suitable for home gardens and agricultural use. Its seaweed-based formulation is designed to support healthy plant growth, encourage strong root development and improve overall plant vigor. Ideal for fruits, vegetables and a variety of crops when used according to directions.</p>",Win Bachat,Home & Garden > Lawn & Garden > Gardening,Gardening,"Gardening, MTS Gardening, Win Bachat, Plants Insecticide/Fungicide",false,Title,Default Title,MRT-WB-MTSGARDNING-056,130,shopify,deny,manual,3203.27,4164.00,TRUE,TRUE,,https://raw.githubusercontent.com/mrfantastic05678/shopify-products/main/public_images/winbachat/MRT-WB-MTSGARDNING-056_Wokozim_Crop_Plus_Seaweed_Extract_100ml_Natural_Pl_1.webp,1,Wokozim Crop Plus Seaweed Extract 100ml – Natural Plant Growth Support,FALSE,Wokozim Crop Plus Seaweed Extract 100ml,"Buy Wokozim Crop Plus Seaweed Extract 100ml to support healthy plant growth, strong roots and plant vigor in fruits, vegetables and crops.",draft
glyphosate-weed-grass-killer-100ml-garden-weed-control-plants-insecticidefungicide,Glyphosate Weed & Grass Killer 100ml – Garden Weed Control,"<p>Glyphosate Weed & Grass Killer 100ml is a non-selective herbicide intended for controlling unwanted weeds and grasses in approved treatment areas. It is suitable for targeted weed-management applications where permitted. Avoid contact with desirable vegetation and always follow the product label, recommended application method and safety precautions.</p>",Win Bachat,Home & Garden > Lawn & Garden > Gardening,Gardening,"Gardening, MTS Gardening, Win Bachat, Plants Insecticide/Fungicide",false,Title,Default Title,MRT-WB-MTSGARDNING-057,130,shopify,deny,manual,738.27,960.00,TRUE,TRUE,,https://raw.githubusercontent.com/mrfantastic05678/shopify-products/main/public_images/winbachat/MRT-WB-MTSGARDNING-057_Glyphosate_Weed_Grass_Killer_100ml_Garden_Weed_Con_1.webp,1,Glyphosate Weed & Grass Killer 100ml – Garden Weed Control,FALSE,Glyphosate Weed & Grass Killer 100ml – Weed Control,Shop Glyphosate Weed & Grass Killer 100ml for controlling unwanted weeds and grasses in approved areas. Use carefully and follow all label directions.,draft
glyphosate-weed-grass-killer-100ml-garden-weed-control-plants-insecticidefungicide,,,,,,,,,,,,,,,,,,,,https://raw.githubusercontent.com/mrfantastic05678/shopify-products/main/public_images/winbachat/MRT-WB-MTSGARDNING-057_Glyphosate_Weed_Grass_Killer_100ml_Garden_Weed_Con_2.webp,2,Glyphosate Weed & Grass Killer 100ml – Garden Weed Control,,,,
usa-lawn-care-insect-killer-500ml-lawn-garden-pest-control-plants-insecticidefungicide,USA Lawn Care Insect Killer 500ml – Lawn & Garden Pest Control,"<p>USA Lawn Care Insect Killer 500ml is designed to help control listed insects above and below the lawn surface. The label identifies pests including ants, fleas, ticks, grubs, mole crickets and chinch bugs. Suitable for labeled lawn and garden applications, providing a convenient solution for routine outdoor pest management.</p>",Win Bachat,Home & Garden > Lawn & Garden > Gardening,Gardening,"Gardening, MTS Gardening, Win Bachat, Plants Insecticide/Fungicide",false,Title,Default Title,MRT-WB-MTSGARDNING-058,560,shopify,deny,manual,548.46,713.00,TRUE,TRUE,,https://raw.githubusercontent.com/mrfantastic05678/shopify-products/main/public_images/winbachat/MRT-WB-MTSGARDNING-058_USA_Lawn_Care_Insect_Killer_500ml_Lawn_Garden_Pest_1.webp,1,USA Lawn Care Insect Killer 500ml – Lawn & Garden Pest Control,FALSE,USA Lawn Care Insect Killer 500ml – Garden Pest Control,"Buy USA Lawn Care Insect Killer 500ml for control of listed lawn and garden pests including ants, fleas, ticks, grubs and other insects.",draft
usa-lawn-care-insect-killer-500ml-lawn-garden-pest-control-plants-insecticidefungicide,,,,,,,,,,,,,,,,,,,,https://raw.githubusercontent.com/mrfantastic05678/shopify-products/main/public_images/winbachat/MRT-WB-MTSGARDNING-058_USA_Lawn_Care_Insect_Killer_500ml_Lawn_Garden_Pest_2.webp,2,USA Lawn Care Insect Killer 500ml – Lawn & Garden Pest Control,,,,
usa-lawn-care-insect-killer-1000ml-lawn-garden-pest-control-plants-insecticidefungicide,USA Lawn Care Insect Killer 1000ml – Lawn & Garden Pest Control,"<p>USA Lawn Care Insect Killer 1000ml provides a larger pack for managing listed insect pests in lawns and garden areas. It is designed to target various pests above and below the surface, including ants, fleas, ticks, grubs, mole crickets and chinch bugs. Always follow label directions and safety precautions during application.</p>",Win Bachat,Home & Garden > Lawn & Garden > Gardening,Gardening,"Gardening, MTS Gardening, Win Bachat, Plants Insecticide/Fungicide",false,Title,Default Title,MRT-WB-MTSGARDNING-059,1080,shopify,deny,manual,1972.00,2564.00,TRUE,TRUE,,https://raw.githubusercontent.com/mrfantastic05678/shopify-products/main/public_images/winbachat/MRT-WB-MTSGARDNING-059_USA_Lawn_Care_Insect_Killer_1000ml_Lawn_Garden_Pes_1.webp,1,USA Lawn Care Insect Killer 1000ml – Lawn & Garden Pest Control,FALSE,USA Lawn Care Insect Killer 1000ml – Pest Control,"Shop USA Lawn Care Insect Killer 1000ml for controlling listed lawn and garden insects, including ants, fleas, ticks, grubs and other common pests.",draft
usa-lawn-care-insect-killer-1000ml-lawn-garden-pest-control-plants-insecticidefungicide,,,,,,,,,,,,,,,,,,,,https://raw.githubusercontent.com/mrfantastic05678/shopify-products/main/public_images/winbachat/MRT-WB-MTSGARDNING-059_USA_Lawn_Care_Insect_Killer_1000ml_Lawn_Garden_Pes_2.webp,2,USA Lawn Care Insect Killer 1000ml – Lawn & Garden Pest Control,,,,
bromoxynil-mcpa-herbicide-100ml-broadleaf-weed-control,Bromoxynil MCPA Herbicide 100ml – Broadleaf Weed Control,"<p>Bromoxynil MCPA Herbicide 100ml is a selective herbicide formulated for controlling susceptible broadleaf weeds in approved crops and treatment areas. Its combined active-ingredient formulation provides targeted weed management while allowing appropriate crops to be treated according to label instructions. Follow all crop, dosage and safety directions supplied with the product.</p>",Win Bachat,Home & Garden > Lawn & Garden > Gardening,Gardening,"Gardening, MTS Gardening, Win Bachat, Plants Insecticide/Fungicide",true,Title,Default Title,MRT-WB-MTSGARDNING-060,130,shopify,deny,manual,3451.00,4486.00,TRUE,TRUE,,https://raw.githubusercontent.com/mrfantastic05678/shopify-products/main/public_images/winbachat/MRT-WB-MTSGARDNING-060_Bromoxynil_MCPA_Herbicide_100ml_Broadleaf_Weed_Con_1.webp,1,Bromoxynil MCPA Herbicide 100ml – Broadleaf Weed Control,FALSE,Bromoxynil MCPA Herbicide 100ml – Broadleaf Weed Control,Buy Bromoxynil MCPA Herbicide 100ml for selective control of susceptible broadleaf weeds in approved crops and areas. Always follow label directions.,active
bromoxynil-mcpa-herbicide-100ml-broadleaf-weed-control,,,,,,,,,,,,,,,,,,,,https://raw.githubusercontent.com/mrfantastic05678/shopify-products/main/public_images/winbachat/MRT-WB-MTSGARDNING-060_Bromoxynil_MCPA_Herbicide_100ml_Broadleaf_Weed_Con_2.webp,2,Bromoxynil MCPA Herbicide 100ml – Broadleaf Weed Control,,,,
usa-lawn-care-insect-killer-250g-lawn-garden-pest-control-granules,USA Lawn Care Insect Killer 250g – Lawn & Garden Pest Control Granules,"<p>USA Lawn Care Insect Killer 250g is a granular garden insecticide designed to control listed insects above and below the soil surface. The packaging identifies pests such as ants, fleas, ticks, grubs, mole crickets and chinch bugs. Suitable for labeled lawn and garden applications and convenient for treating outdoor areas according to product directions.</p>",Win Bachat,Home & Garden > Lawn & Garden > Gardening,Gardening,"Gardening, MTS Gardening, Win Bachat, Plants Insecticide/Fungicide",true,Title,Default Title,MRT-WB-MTSGARDNING-061,280,shopify,deny,manual,554.62,721.00,TRUE,TRUE,,https://raw.githubusercontent.com/mrfantastic05678/shopify-products/main/public_images/winbachat/MRT-WB-MTSGARDNING-061_USA_Lawn_Care_Insect_Killer_250g_Lawn_Garden_Pest__1.webp,1,USA Lawn Care Insect Killer 250g – Lawn & Garden Pest Control Granules,FALSE,USA Lawn Care Insect Killer 250g – Pest Control Granules,"Buy USA Lawn Care Insect Killer 250g granules for control of listed lawn and soil pests including ants, fleas, ticks, grubs and other insects.",active
usa-lawn-care-insect-killer-250g-lawn-garden-pest-control-granules,,,,,,,,,,,,,,,,,,,,https://raw.githubusercontent.com/mrfantastic05678/shopify-products/main/public_images/winbachat/MRT-WB-MTSGARDNING-061_USA_Lawn_Care_Insect_Killer_250g_Lawn_Garden_Pest__2.webp,2,USA Lawn Care Insect Killer 250g – Lawn & Garden Pest Control Granules,,,,
usa-lawn-care-insect-killer-250g-lawn-garden-pest-control-granules,,,,,,,,,,,,,,,,,,,,https://raw.githubusercontent.com/mrfantastic05678/shopify-products/main/public_images/winbachat/MRT-WB-MTSGARDNING-061_USA_Lawn_Care_Insect_Killer_250g_Lawn_Garden_Pest__3.webp,3,USA Lawn Care Insect Killer 250g – Lawn & Garden Pest Control Granules,,,,
2-in-1-garden-watering-can-with-spray-nozzle-multi-function-plant-waterer,2-in-1 Garden Watering Can with Spray Nozzle – Multi-Function Plant Waterer,"<p>This 2-in-1 garden watering can combines a traditional watering spout with a convenient trigger spray nozzle. Use the spout for regular watering around the soil and the sprayer for lighter, more targeted application. The built-in handle provides easy carrying and pouring, making it practical for indoor plants, balconies, patios and home gardens.</p>",Win Bachat,Home & Garden > Lawn & Garden > Gardening,Gardening,"Gardening, MTS Gardening, Win Bachat, Sprayer & Pumps",true,Title,Default Title,MRT-WB-MTSGARDNING-062,450,shopify,deny,manual,1848.75,2403.00,TRUE,TRUE,,https://raw.githubusercontent.com/mrfantastic05678/shopify-products/main/public_images/winbachat/MRT-WB-MTSGARDNING-062_2_in_1_Garden_Watering_Can_with_Spray_Nozzle_Multi_1.webp,1,2-in-1 Garden Watering Can with Spray Nozzle – Multi-Function Plant Waterer,FALSE,2-in-1 Garden Watering Can with Spray Nozzle,"Shop a 2-in-1 garden watering can with spray nozzle for convenient watering and misting of indoor plants, pots, flowers, seedlings and garden plants.",active
2-in-1-garden-watering-can-with-spray-nozzle-multi-function-plant-waterer,,,,,,,,,,,,,,,,,,,,https://raw.githubusercontent.com/mrfantastic05678/shopify-products/main/public_images/winbachat/MRT-WB-MTSGARDNING-062_2_in_1_Garden_Watering_Can_with_Spray_Nozzle_Multi_2.webp,2,2-in-1 Garden Watering Can with Spray Nozzle – Multi-Function Plant Waterer,,,,
2-in-1-garden-watering-can-with-spray-nozzle-multi-function-plant-waterer,,,,,,,,,,,,,,,,,,,,https://raw.githubusercontent.com/mrfantastic05678/shopify-products/main/public_images/winbachat/MRT-WB-MTSGARDNING-062_2_in_1_Garden_Watering_Can_with_Spray_Nozzle_Multi_3.webp,3,2-in-1 Garden Watering Can with Spray Nozzle – Multi-Function Plant Waterer,,,,
2l-hand-pump-pressure-sprayer-garden-household-use,2L Hand Pump Pressure Sprayer – Garden & Household Use,"<p>This 2-liter hand pump sprayer provides a convenient way to apply water and other compatible liquids around the home and garden. The manual pressure-pump design allows controlled spraying, while the ergonomic handle makes it easy to carry and operate. Suitable for plant care, gardening and compatible household cleaning applications.</p>",Win Bachat,Home & Garden > Lawn & Garden > Gardening,Gardening,"Gardening, MTS Gardening, Win Bachat, Sprayer & Pumps",true,Title,Default Title,MRT-WB-MTSGARDNING-063,450,shopify,deny,manual,553.39,719.00,TRUE,TRUE,,https://raw.githubusercontent.com/mrfantastic05678/shopify-products/main/public_images/winbachat/MRT-WB-MTSGARDNING-063_2L_Hand_Pump_Pressure_Sprayer_Garden_Household_Use_1.webp,1,2L Hand Pump Pressure Sprayer – Garden & Household Use,FALSE,2L Hand Pump Sprayer – Garden & Household Pressure Sprayer,"Buy a 2L hand pump pressure sprayer for plant care, gardening and compatible household applications. Easy-to-use manual sprayer with controlled application.",active
2l-hand-pump-pressure-sprayer-garden-household-use,,,,,,,,,,,,,,,,,,,,https://raw.githubusercontent.com/mrfantastic05678/shopify-products/main/public_images/winbachat/MRT-WB-MTSGARDNING-063_2L_Hand_Pump_Pressure_Sprayer_Garden_Household_Use_2.webp,2,2L Hand Pump Pressure Sprayer – Garden & Household Use,,,,
2l-hand-pump-pressure-sprayer-garden-household-use,,,,,,,,,,,,,,,,,,,,https://raw.githubusercontent.com/mrfantastic05678/shopify-products/main/public_images/winbachat/MRT-WB-MTSGARDNING-063_2L_Hand_Pump_Pressure_Sprayer_Garden_Household_Use_3.webp,3,2L Hand Pump Pressure Sprayer – Garden & Household Use,,,,
2l-hand-pump-pressure-sprayer-garden-household-use,,,,,,,,,,,,,,,,,,,,https://raw.githubusercontent.com/mrfantastic05678/shopify-products/main/public_images/winbachat/MRT-WB-MTSGARDNING-063_2L_Hand_Pump_Pressure_Sprayer_Garden_Household_Use_4.webp,4,2L Hand Pump Pressure Sprayer – Garden & Household Use,,,,
2l-handheld-pressure-sprayer-garden-cleaning-use,2L Handheld Pressure Sprayer – Garden & Cleaning Use,"<p>The 2L Handheld Pressure Sprayer is a versatile manual sprayer designed for gardening, plant care and compatible cleaning applications. Its pump-action mechanism builds pressure for convenient spraying, while the handheld design and adjustable-style nozzle provide better control during use. Ideal for home gardens, patios and general household tasks.</p>",Win Bachat,Home & Garden > Lawn & Garden > Gardening,Gardening,"Gardening, MTS Gardening, Win Bachat, Sprayer & Pumps",true,Title,Default Title,MRT-WB-MTSGARDNING-064,400,shopify,deny,manual,1294.12,1682.00,TRUE,TRUE,,https://raw.githubusercontent.com/mrfantastic05678/shopify-products/main/public_images/winbachat/MRT-WB-MTSGARDNING-064_2L_Handheld_Pressure_Sprayer_Garden_Cleaning_Use_1.webp,1,2L Handheld Pressure Sprayer – Garden & Cleaning Use,FALSE,2L Handheld Pressure Sprayer – Garden & Cleaning Sprayer,"Shop a 2L handheld pressure sprayer for gardening, plant care and compatible household cleaning tasks. Practical pump-action design for controlled spraying.",active
2l-handheld-pressure-sprayer-garden-cleaning-use,,,,,,,,,,,,,,,,,,,,https://raw.githubusercontent.com/mrfantastic05678/shopify-products/main/public_images/winbachat/MRT-WB-MTSGARDNING-064_2L_Handheld_Pressure_Sprayer_Garden_Cleaning_Use_2.webp,2,2L Handheld Pressure Sprayer – Garden & Cleaning Use,,,,
2l-handheld-pressure-sprayer-garden-cleaning-use,,,,,,,,,,,,,,,,,,,,https://raw.githubusercontent.com/mrfantastic05678/shopify-products/main/public_images/winbachat/MRT-WB-MTSGARDNING-064_2L_Handheld_Pressure_Sprayer_Garden_Cleaning_Use_3.webp,3,2L Handheld Pressure Sprayer – Garden & Cleaning Use,,,,
2l-handheld-pressure-sprayer-garden-cleaning-use,,,,,,,,,,,,,,,,,,,,https://raw.githubusercontent.com/mrfantastic05678/shopify-products/main/public_images/winbachat/MRT-WB-MTSGARDNING-064_2L_Handheld_Pressure_Sprayer_Garden_Cleaning_Use_4.webp,4,2L Handheld Pressure Sprayer – Garden & Cleaning Use,,,,
2l-handheld-pressure-sprayer-garden-cleaning-use,,,,,,,,,,,,,,,,,,,,https://raw.githubusercontent.com/mrfantastic05678/shopify-products/main/public_images/winbachat/MRT-WB-MTSGARDNING-064_2L_Handheld_Pressure_Sprayer_Garden_Cleaning_Use_5.webp,5,2L Handheld Pressure Sprayer – Garden & Cleaning Use,,,,
16-inch-manual-lawn-mower-hand-push-grass-cutter,16-Inch Manual Lawn Mower – Hand Push Grass Cutter,"<p>This 16-inch manual lawn mower provides a simple, electricity-free solution for routine grass cutting. The hand-push reel design uses rotating blades to trim grass as the mower moves across the lawn. Ideal for small to medium home lawns, it offers straightforward operation without fuel, batteries or electrical cables.</p>",Win Bachat,Home & Garden > Lawn & Garden > Gardening,Gardening,"Gardening, MTS Gardening, Win Bachat, Gardening Machines",true,Title,Default Title,MRT-WB-MTSGARDNING-065,5500,shopify,deny,manual,1170.88,1522.00,TRUE,TRUE,,https://raw.githubusercontent.com/mrfantastic05678/shopify-products/main/public_images/winbachat/MRT-WB-MTSGARDNING-065_16_Inch_Manual_Lawn_Mower_Hand_Push_Grass_Cutter_1.webp,1,16-Inch Manual Lawn Mower – Hand Push Grass Cutter,FALSE,16-Inch Manual Lawn Mower – Hand Push Grass Cutter,"Buy a 16-inch manual lawn mower for simple, electricity-free grass cutting. Hand-push reel mower ideal for routine maintenance of home lawns and gardens.",active
16-inch-manual-lawn-mower-hand-push-grass-cutter,,,,,,,,,,,,,,,,,,,,https://raw.githubusercontent.com/mrfantastic05678/shopify-products/main/public_images/winbachat/MRT-WB-MTSGARDNING-065_16_Inch_Manual_Lawn_Mower_Hand_Push_Grass_Cutter_2.webp,2,16-Inch Manual Lawn Mower – Hand Push Grass Cutter,,,,
16-inch-manual-lawn-mower-hand-push-grass-cutter,,,,,,,,,,,,,,,,,,,,https://raw.githubusercontent.com/mrfantastic05678/shopify-products/main/public_images/winbachat/MRT-WB-MTSGARDNING-065_16_Inch_Manual_Lawn_Mower_Hand_Push_Grass_Cutter_3.webp,3,16-Inch Manual Lawn Mower – Hand Push Grass Cutter,,,,
seedling-tray-32-holes-pack-of-3-reusable-seed-starting-trays,Seedling Tray 32 Holes Pack of 3 – Reusable Seed Starting Trays,"<p>This pack of three 32-hole seedling trays provides individual growing cells for starting seeds and propagating young plants. The compartment design helps keep seedlings organized while allowing individual root development before transplanting. Suitable for vegetables, herbs, flowers and other plants in home gardens, nurseries and propagation setups.</p>",Win Bachat,Home & Garden > Lawn & Garden > Gardening,Gardening,"Gardening, MTS Gardening, Win Bachat, Seedling Tray & Pots",true,Title,Default Title,MRT-WB-MTSGARDNING-066,250,shopify,deny,manual,18486.27,24032.00,TRUE,TRUE,,https://raw.githubusercontent.com/mrfantastic05678/shopify-products/main/public_images/winbachat/MRT-WB-MTSGARDNING-066_Seedling_Tray_32_Holes_Pack_of_3_Reusable_Seed_Sta_1.webp,1,Seedling Tray 32 Holes Pack of 3 – Reusable Seed Starting Trays,FALSE,32-Hole Seedling Trays Pack of 3 – Seed Starting Trays,"Buy a pack of 3 reusable 32-hole seedling trays for seed starting and plant propagation. Ideal for vegetables, herbs, flowers and nursery seedlings.",active
seedling-tray-32-holes-pack-of-3-reusable-seed-starting-trays,,,,,,,,,,,,,,,,,,,,https://raw.githubusercontent.com/mrfantastic05678/shopify-products/main/public_images/winbachat/MRT-WB-MTSGARDNING-066_Seedling_Tray_32_Holes_Pack_of_3_Reusable_Seed_Sta_2.webp,2,Seedling Tray 32 Holes Pack of 3 – Reusable Seed Starting Trays,,,,
bottom-seedling-tray-pack-of-1-leak-proof-nursery-base-tray,Bottom Seedling Tray – Pack of 1 Leak-Proof Nursery Base Tray,"<p>Bottom Seedling Tray is a practical base tray designed to sit underneath seedling cells, nursery pots and propagation trays. Its solid construction helps collect excess water, soil and growing-media spills, keeping growing areas cleaner and easier to manage. Ideal for seed starting, nurseries, greenhouses and home gardening.</p>",Win Bachat,Home & Garden > Lawn & Garden > Gardening,Gardening,"Gardening, MTS Gardening, Win Bachat, Seedling Tray & Pots",true,Title,Default Title,MRT-WB-MTSGARDNING-067,100,shopify,deny,manual,1108.02,1440.00,TRUE,TRUE,,https://raw.githubusercontent.com/mrfantastic05678/shopify-products/main/public_images/winbachat/MRT-WB-MTSGARDNING-067_Bottom_Seedling_Tray_Pack_of_1_Leak_Proof_Nursery__1.webp,1,Bottom Seedling Tray – Pack of 1 Leak-Proof Nursery Base Tray,FALSE,Bottom Seedling Tray Pack of 1 – Nursery Base Tray,"Buy Bottom Seedling Tray Pack of 1, a practical base tray for seed starting, nursery pots and propagation trays that helps collect excess water and soil.",active
bottom-seedling-tray-pack-of-1-leak-proof-nursery-base-tray,,,,,,,,,,,,,,,,,,,,https://raw.githubusercontent.com/mrfantastic05678/shopify-products/main/public_images/winbachat/MRT-WB-MTSGARDNING-067_Bottom_Seedling_Tray_Pack_of_1_Leak_Proof_Nursery__2.webp,2,Bottom Seedling Tray – Pack of 1 Leak-Proof Nursery Base Tray,,,,
seedling-tray-50-holes-pack-of-3-reusable-nursery-trays,Seedling Tray 50 Holes – Pack of 3 Reusable Nursery Trays,"<p>This pack of three 50-hole seedling trays provides individual cells for starting seeds and propagating young plants. The multi-cell design keeps seedlings organized and provides dedicated growing space for developing roots before transplanting. Suitable for vegetables, herbs, flowers and other garden plants.</p>",Win Bachat,Home & Garden > Lawn & Garden > Gardening,Gardening,"Gardening, MTS Gardening, Win Bachat, Seedling Tray & Pots",true,Title,Default Title,MRT-WB-MTSGARDNING-068,300,shopify,deny,manual,491.77,639.00,TRUE,TRUE,,https://raw.githubusercontent.com/mrfantastic05678/shopify-products/main/public_images/winbachat/MRT-WB-MTSGARDNING-068_Seedling_Tray_50_Holes_Pack_of_3_Reusable_Nursery__1.webp,1,Seedling Tray 50 Holes – Pack of 3 Reusable Nursery Trays,FALSE,50-Hole Seedling Trays Pack of 3 – Seed Starting Trays,"Shop 50-hole seedling trays in a pack of 3 for starting vegetable, herb and flower seeds. Practical nursery trays for propagation and young seedlings.",active
seedling-tray-50-holes-pack-of-3-reusable-nursery-trays,,,,,,,,,,,,,,,,,,,,https://raw.githubusercontent.com/mrfantastic05678/shopify-products/main/public_images/winbachat/MRT-WB-MTSGARDNING-068_Seedling_Tray_50_Holes_Pack_of_3_Reusable_Nursery__2.webp,2,Seedling Tray 50 Holes – Pack of 3 Reusable Nursery Trays,,,,
colorful-hanging-flower-pots-pack-of-10-plastic-hanging-planters,Colorful Hanging Flower Pots – Pack of 10 Plastic Hanging Planters,"<p>Add color and greenery to balconies, patios and garden spaces with this pack of 10 colorful hanging flower pots. Each lightweight plastic planter includes a hanging support for convenient placement. Suitable for flowers, herbs and decorative plants in indoor and outdoor gardening spaces.</p>",Win Bachat,Home & Garden > Lawn & Garden > Gardening,Gardening,"Gardening, MTS Gardening, Win Bachat, Home Decore, Hanging Pots & Baskets",true,Title,Default Title,MRT-WB-MTSGARDNING-069,350,shopify,deny,manual,1108.02,1440.00,TRUE,TRUE,,https://raw.githubusercontent.com/mrfantastic05678/shopify-products/main/public_images/winbachat/MRT-WB-MTSGARDNING-069_Colorful_Hanging_Flower_Pots_Pack_of_10_Plastic_Ha_1.webp,1,Colorful Hanging Flower Pots – Pack of 10 Plastic Hanging Planters,FALSE,Hanging Flower Pots Pack of 10 – Colorful Plastic Planters,"Buy a pack of 10 colorful hanging flower pots for flowers, herbs and decorative plants. Lightweight plastic hanging planters for balconies, patios and gardens.",active
colorful-hanging-flower-pots-pack-of-10-plastic-hanging-planters,,,,,,,,,,,,,,,,,,,,https://raw.githubusercontent.com/mrfantastic05678/shopify-products/main/public_images/winbachat/MRT-WB-MTSGARDNING-069_Colorful_Hanging_Flower_Pots_Pack_of_10_Plastic_Ha_2.webp,2,Colorful Hanging Flower Pots – Pack of 10 Plastic Hanging Planters,,,,
colorful-hanging-flower-pots-pack-of-10-plastic-hanging-planters,,,,,,,,,,,,,,,,,,,,https://raw.githubusercontent.com/mrfantastic05678/shopify-products/main/public_images/winbachat/MRT-WB-MTSGARDNING-069_Colorful_Hanging_Flower_Pots_Pack_of_10_Plastic_Ha_3.webp,3,Colorful Hanging Flower Pots – Pack of 10 Plastic Hanging Planters,,,,
colorful-hanging-flower-pots-pack-of-10-plastic-hanging-planters,,,,,,,,,,,,,,,,,,,,https://raw.githubusercontent.com/mrfantastic05678/shopify-products/main/public_images/winbachat/MRT-WB-MTSGARDNING-069_Colorful_Hanging_Flower_Pots_Pack_of_10_Plastic_Ha_4.webp,4,Colorful Hanging Flower Pots – Pack of 10 Plastic Hanging Planters,,,,
hanging-coco-basket-planter-with-chain-8-10-12-14-inch-sizes,"Hanging Coco Basket Planter with Chain – 8, 10, 12 & 14 Inch Sizes","<p>Hanging Coco Basket Planter combines a sturdy metal basket and hanging chain with a natural coco liner for an attractive garden display. The coco liner helps hold the growing medium while creating a natural appearance. Available in multiple sizes and ideal for flowering plants, trailing plants, balconies, patios and gardens.</p>",Win Bachat,Home & Garden > Lawn & Garden > Gardening,Gardening,"Gardening, MTS Gardening, Win Bachat, Home Decore, Hanging Pots & Baskets",true,Title,Default Title,MRT-WB-MTSGARDNING-070,1000,shopify,deny,manual,1231.27,1601.00,TRUE,TRUE,,https://raw.githubusercontent.com/mrfantastic05678/shopify-products/main/public_images/winbachat/MRT-WB-MTSGARDNING-070_Hanging_Coco_Basket_Planter_with_Chain_8_10_12_14__1.webp,1,"Hanging Coco Basket Planter with Chain – 8, 10, 12 & 14 Inch Sizes",FALSE,Hanging Coco Basket Planter with Chain – Multiple Sizes,"Shop hanging coco basket planters with metal chains and natural coco liners. Available in 8, 10, 12 and 14-inch sizes for flowers and trailing plants.",active
hanging-coco-basket-planter-with-chain-8-10-12-14-inch-sizes,,,,,,,,,,,,,,,,,,,,https://raw.githubusercontent.com/mrfantastic05678/shopify-products/main/public_images/winbachat/MRT-WB-MTSGARDNING-070_Hanging_Coco_Basket_Planter_with_Chain_8_10_12_14__2.webp,2,"Hanging Coco Basket Planter with Chain – 8, 10, 12 & 14 Inch Sizes",,,,
hanging-coco-basket-planter-with-chain-8-10-12-14-inch-sizes,,,,,,,,,,,,,,,,,,,,https://raw.githubusercontent.com/mrfantastic05678/shopify-products/main/public_images/winbachat/MRT-WB-MTSGARDNING-070_Hanging_Coco_Basket_Planter_with_Chain_8_10_12_14__3.webp,3,"Hanging Coco Basket Planter with Chain – 8, 10, 12 & 14 Inch Sizes",,,,
hanging-coco-basket-planter-with-chain-8-10-12-14-inch-sizes,,,,,,,,,,,,,,,,,,,,https://raw.githubusercontent.com/mrfantastic05678/shopify-products/main/public_images/winbachat/MRT-WB-MTSGARDNING-070_Hanging_Coco_Basket_Planter_with_Chain_8_10_12_14__4.webp,4,"Hanging Coco Basket Planter with Chain – 8, 10, 12 & 14 Inch Sizes",,,,
5-inch-plastic-plant-pots-packs-of-3-5-10,"5-Inch Plastic Plant Pots – Packs of 3, 5 & 10","<p>These 5-inch plastic plant pots provide a simple and practical solution for growing seedlings, herbs, flowers and small ornamental plants. Drainage holes at the base help release excess water, while the lightweight construction makes the pots easy to handle and rearrange. Available in convenient packs of 3, 5 and 10.</p>",Win Bachat,Home & Garden > Lawn & Garden > Gardening,Gardening,"Gardening, MTS Gardening, Win Bachat, Home Decore, Flower Pot & Baskets",true,Title,Default Title,MRT-WB-MTSGARDNING-071,1000,shopify,deny,manual,1354.52,1761.00,TRUE,TRUE,,https://raw.githubusercontent.com/mrfantastic05678/shopify-products/main/public_images/winbachat/MRT-WB-MTSGARDNING-071_5_Inch_Plastic_Plant_Pots_Packs_of_3_5_10_1.webp,1,"5-Inch Plastic Plant Pots – Packs of 3, 5 & 10",FALSE,"5-Inch Plastic Plant Pots – Packs of 3, 5 & 10","Buy durable 5-inch plastic plant pots in packs of 3, 5 or 10. Lightweight pots with drainage for seedlings, herbs, flowers and small plants.",active
5-inch-plastic-plant-pots-packs-of-3-5-10,,,,,,,,,,,,,,,,,,,,https://raw.githubusercontent.com/mrfantastic05678/shopify-products/main/public_images/winbachat/MRT-WB-MTSGARDNING-071_5_Inch_Plastic_Plant_Pots_Packs_of_3_5_10_2.webp,2,"5-Inch Plastic Plant Pots – Packs of 3, 5 & 10",,,,
plastic-paper-pots-seed-starter-nursery-plant-pots,Plastic Paper Pots – Seed Starter & Nursery Plant Pots,"<p>Plastic Paper Pots are lightweight nursery-style pots designed for starting seedlings, propagating plants and growing young plants before transplanting. Their compact design makes them useful for nurseries, home gardens and greenhouse setups. Suitable for flowers, vegetables, herbs and ornamental seedlings.</p>",Win Bachat,Home & Garden > Lawn & Garden > Gardening,Gardening,"Gardening, MTS Gardening, Win Bachat, Home Decore, Flower Pot & Baskets",true,Title,Default Title,MRT-WB-MTSGARDNING-072,150,shopify,deny,manual,295.80,385.00,TRUE,TRUE,,https://raw.githubusercontent.com/mrfantastic05678/shopify-products/main/public_images/winbachat/MRT-WB-MTSGARDNING-072_Plastic_Paper_Pots_Seed_Starter_Nursery_Plant_Pots_1.webp,1,Plastic Paper Pots – Seed Starter & Nursery Plant Pots,FALSE,Plastic Paper Pots – Seed Starter & Nursery Pots,"Shop lightweight plastic paper pots for seed starting, propagation and nursery growing. Ideal for flowers, vegetables, herbs and young garden plants.",active
plastic-paper-pots-seed-starter-nursery-plant-pots,,,,,,,,,,,,,,,,,,,,https://raw.githubusercontent.com/mrfantastic05678/shopify-products/main/public_images/winbachat/MRT-WB-MTSGARDNING-072_Plastic_Paper_Pots_Seed_Starter_Nursery_Plant_Pots_2.webp,2,Plastic Paper Pots – Seed Starter & Nursery Plant Pots,,,,
artificial-red-rose-arrangement-with-decorative-fiber-plastic-pot,Artificial Red Rose Arrangement with Decorative Fiber Plastic Pot,"<p>Add lasting floral style to your home or office with this artificial red rose arrangement. The vibrant red flowers and realistic green foliage are presented in an elegant decorative fiber plastic pot with gold-tone accents. A maintenance-free decorative piece for desks, shelves, tables and reception areas.</p>",Win Bachat,Home & Garden > Lawn & Garden > Gardening,Gardening,"Gardening, MTS Gardening, Win Bachat, Home Decore, Flower Pot & Baskets",true,Title,Default Title,MRT-WB-MTSGARDNING-073,400,shopify,deny,manual,368.52,479.00,TRUE,TRUE,,https://raw.githubusercontent.com/mrfantastic05678/shopify-products/main/public_images/winbachat/MRT-WB-MTSGARDNING-073_Artificial_Red_Rose_Arrangement_with_Decorative_Fi_1.webp,1,Artificial Red Rose Arrangement with Decorative Fiber Plastic Pot,FALSE,Artificial Red Rose Flower Pot – Decorative Indoor Plant,"Shop an artificial red rose arrangement with a decorative fiber plastic pot. A maintenance-free floral accent for homes, offices, desks and tabletops.",active
artificial-red-rose-arrangement-with-decorative-fiber-plastic-pot,,,,,,,,,,,,,,,,,,,,https://raw.githubusercontent.com/mrfantastic05678/shopify-products/main/public_images/winbachat/MRT-WB-MTSGARDNING-073_Artificial_Red_Rose_Arrangement_with_Decorative_Fi_2.webp,2,Artificial Red Rose Arrangement with Decorative Fiber Plastic Pot,,,,
artificial-green-leaf-plant-with-decorative-fiber-plastic-pot,Artificial Green Leaf Plant with Decorative Fiber Plastic Pot,"<p>Bring a fresh green look to indoor spaces without watering or routine plant maintenance. This artificial leafy plant features lush decorative foliage arranged in an elegant fiber plastic pot with gold-tone accents. Ideal for desks, shelves, living rooms, offices and reception spaces.</p>",Win Bachat,Home & Garden > Lawn & Garden > Gardening,Gardening,"Gardening, MTS Gardening, Win Bachat, Home Decore, Flower Pot & Baskets",true,Title,Default Title,MRT-WB-MTSGARDNING-074,400,shopify,deny,manual,1847.52,2402.00,TRUE,TRUE,,https://raw.githubusercontent.com/mrfantastic05678/shopify-products/main/public_images/winbachat/MRT-WB-MTSGARDNING-074_Artificial_Green_Leaf_Plant_with_Decorative_Fiber__1.webp,1,Artificial Green Leaf Plant with Decorative Fiber Plastic Pot,FALSE,Artificial Green Leaf Plant with Fiber Plastic Pot,"Buy an artificial green leaf plant with a stylish fiber plastic pot. Maintenance-free greenery for home, office, desk, shelf and tabletop decoration.",active
artificial-green-leaf-plant-with-decorative-fiber-plastic-pot,,,,,,,,,,,,,,,,,,,,https://raw.githubusercontent.com/mrfantastic05678/shopify-products/main/public_images/winbachat/MRT-WB-MTSGARDNING-074_Artificial_Green_Leaf_Plant_with_Decorative_Fiber__2.webp,2,Artificial Green Leaf Plant with Decorative Fiber Plastic Pot,,,,
artificial-yellow-flower-arrangement-with-decorative-fiber-plastic-pot,Artificial Yellow Flower Arrangement with Decorative Fiber Plastic Pot,"<p>Brighten indoor spaces with this artificial yellow flower arrangement featuring vibrant blooms and realistic green foliage. Presented in an attractive decorative fiber plastic pot with gold-tone detailing, it provides a cheerful, maintenance-free accent for tables, shelves, offices and living spaces.</p>",Win Bachat,Home & Garden > Lawn & Garden > Gardening,Gardening,"Gardening, MTS Gardening, Win Bachat, Home Decore, Flower Pot & Baskets",true,Title,Default Title,MRT-WB-MTSGARDNING-075,400,shopify,deny,manual,1477.77,1921.00,TRUE,TRUE,,https://raw.githubusercontent.com/mrfantastic05678/shopify-products/main/public_images/winbachat/MRT-WB-MTSGARDNING-075_Artificial_Yellow_Flower_Arrangement_with_Decorati_1.webp,1,Artificial Yellow Flower Arrangement with Decorative Fiber Plastic Pot,FALSE,Artificial Yellow Flower Pot – Decorative Indoor Flowers,"Shop artificial yellow flowers in a decorative fiber plastic pot. A bright, maintenance-free floral arrangement for homes, offices, shelves and tabletops.",active
artificial-yellow-flower-arrangement-with-decorative-fiber-plastic-pot,,,,,,,,,,,,,,,,,,,,https://raw.githubusercontent.com/mrfantastic05678/shopify-products/main/public_images/winbachat/MRT-WB-MTSGARDNING-075_Artificial_Yellow_Flower_Arrangement_with_Decorati_2.webp,2,Artificial Yellow Flower Arrangement with Decorative Fiber Plastic Pot,,,,
artificial-pink-flower-plant-with-decorative-fiber-plastic-pot,Artificial Pink Flower Plant with Decorative Fiber Plastic Pot,"<p>This artificial pink flower plant combines soft pink blooms with decorative green foliage for a fresh ornamental look throughout the year. The arrangement comes in an elegant fiber plastic pot with gold-tone accents, making it suitable for living rooms, offices, reception desks, shelves and tabletops.</p>",Win Bachat,Home & Garden > Lawn & Garden > Gardening,Gardening,"Gardening, MTS Gardening, Win Bachat, Home Decore, Flower Pot & Baskets",true,Title,Default Title,MRT-WB-MTSGARDNING-076,400,shopify,deny,manual,1477.77,1921.00,TRUE,TRUE,,https://raw.githubusercontent.com/mrfantastic05678/shopify-products/main/public_images/winbachat/MRT-WB-MTSGARDNING-076_Artificial_Pink_Flower_Plant_with_Decorative_Fiber_1.webp,1,Artificial Pink Flower Plant with Decorative Fiber Plastic Pot,FALSE,Artificial Pink Flower Plant with Fiber Plastic Pot,"Buy an artificial pink flower plant with a decorative fiber plastic pot. Maintenance-free floral décor for homes, offices, desks, shelves and tables.",active
artificial-pink-flower-plant-with-decorative-fiber-plastic-pot,,,,,,,,,,,,,,,,,,,,https://raw.githubusercontent.com/mrfantastic05678/shopify-products/main/public_images/winbachat/MRT-WB-MTSGARDNING-076_Artificial_Pink_Flower_Plant_with_Decorative_Fiber_2.webp,2,Artificial Pink Flower Plant with Decorative Fiber Plastic Pot,,,,
colorful-seedling-tray-pack-of-1-8-colors-available,"Colorful Seedling Tray – Pack of 1, 8 Colors Available","<p>Add a colorful touch to home gardening with this practical seedling and planting tray. Designed for growing seedlings, herbs, flowers and small plants, the rectangular tray offers convenient space for everyday planting projects. Available in eight colors. Karachi-only delivery applies to this product.</p>",Win Bachat,Home & Garden > Lawn & Garden > Gardening,Gardening,"Gardening, MTS Gardening, Win Bachat, Home Decore, Flower Pot & Baskets",true,Title,Default Title,MRT-WB-MTSGARDNING-077,100,shopify,deny,manual,1477.77,1921.00,TRUE,TRUE,,https://raw.githubusercontent.com/mrfantastic05678/shopify-products/main/public_images/winbachat/MRT-WB-MTSGARDNING-077_Colorful_Seedling_Tray_Pack_of_1_8_Colors_Availabl_1.webp,1,"Colorful Seedling Tray – Pack of 1, 8 Colors Available",FALSE,Colorful Seedling Tray Pack of 1 – 8 Colors Available,"Shop a colorful seedling tray for seedlings, herbs and flowers. Available in 8 colors with pack of 1. Karachi-only delivery applies to this product.",active
colorful-seedling-tray-pack-of-1-8-colors-available,,,,,,,,,,,,,,,,,,,,https://raw.githubusercontent.com/mrfantastic05678/shopify-products/main/public_images/winbachat/MRT-WB-MTSGARDNING-077_Colorful_Seedling_Tray_Pack_of_1_8_Colors_Availabl_2.webp,2,"Colorful Seedling Tray – Pack of 1, 8 Colors Available",,,,
colorful-seedling-tray-pack-of-1-8-colors-available,,,,,,,,,,,,,,,,,,,,https://raw.githubusercontent.com/mrfantastic05678/shopify-products/main/public_images/winbachat/MRT-WB-MTSGARDNING-077_Colorful_Seedling_Tray_Pack_of_1_8_Colors_Availabl_3.webp,3,"Colorful Seedling Tray – Pack of 1, 8 Colors Available",,,,
colorful-seedling-tray-pack-of-1-8-colors-available,,,,,,,,,,,,,,,,,,,,https://raw.githubusercontent.com/mrfantastic05678/shopify-products/main/public_images/winbachat/MRT-WB-MTSGARDNING-077_Colorful_Seedling_Tray_Pack_of_1_8_Colors_Availabl_4.webp,4,"Colorful Seedling Tray – Pack of 1, 8 Colors Available",,,,
colorful-seedling-tray-pack-of-1-8-colors-available,,,,,,,,,,,,,,,,,,,,https://raw.githubusercontent.com/mrfantastic05678/shopify-products/main/public_images/winbachat/MRT-WB-MTSGARDNING-077_Colorful_Seedling_Tray_Pack_of_1_8_Colors_Availabl_5.webp,5,"Colorful Seedling Tray – Pack of 1, 8 Colors Available",,,,
colorful-seedling-tray-pack-of-1-8-colors-available,,,,,,,,,,,,,,,,,,,,https://raw.githubusercontent.com/mrfantastic05678/shopify-products/main/public_images/winbachat/MRT-WB-MTSGARDNING-077_Colorful_Seedling_Tray_Pack_of_1_8_Colors_Availabl_6.webp,6,"Colorful Seedling Tray – Pack of 1, 8 Colors Available",,,,
colorful-seedling-tray-pack-of-1-8-colors-available,,,,,,,,,,,,,,,,,,,,https://raw.githubusercontent.com/mrfantastic05678/shopify-products/main/public_images/winbachat/MRT-WB-MTSGARDNING-077_Colorful_Seedling_Tray_Pack_of_1_8_Colors_Availabl_7.webp,7,"Colorful Seedling Tray – Pack of 1, 8 Colors Available",,,,
colorful-seedling-tray-pack-of-1-8-colors-available,,,,,,,,,,,,,,,,,,,,https://raw.githubusercontent.com/mrfantastic05678/shopify-products/main/public_images/winbachat/MRT-WB-MTSGARDNING-077_Colorful_Seedling_Tray_Pack_of_1_8_Colors_Availabl_8.webp,8,"Colorful Seedling Tray – Pack of 1, 8 Colors Available",,,,
yellow-artificial-flower-pot-with-decorative-fiber-plastic-pot,Yellow Artificial Flower Pot with Decorative Fiber Plastic Pot,"<p>Create a cheerful decorative display with this yellow artificial flower arrangement. The bright yellow blooms are complemented by realistic foliage and presented in an elegant fiber plastic pot with gold-tone detailing. Ideal for adding maintenance-free floral decoration to homes, offices, desks, shelves and tables.</p>",Win Bachat,Home & Garden > Lawn & Garden > Gardening,Gardening,"Gardening, MTS Gardening, Win Bachat, Home Decore, Flower Pot & Baskets",true,Title,Default Title,MRT-WB-MTSGARDNING-078,400,shopify,deny,manual,1477.77,1921.00,TRUE,TRUE,,https://raw.githubusercontent.com/mrfantastic05678/shopify-products/main/public_images/winbachat/MRT-WB-MTSGARDNING-078_Yellow_Artificial_Flower_Pot_with_Decorative_Fiber_1.webp,1,Yellow Artificial Flower Pot with Decorative Fiber Plastic Pot,FALSE,Yellow Artificial Flower Pot – Decorative Indoor Flowers,"Buy a yellow artificial flower arrangement with a decorative fiber plastic pot. Maintenance-free floral décor for homes, offices, desks and tabletops.",active
yellow-artificial-flower-pot-with-decorative-fiber-plastic-pot,,,,,,,,,,,,,,,,,,,,https://raw.githubusercontent.com/mrfantastic05678/shopify-products/main/public_images/winbachat/MRT-WB-MTSGARDNING-078_Yellow_Artificial_Flower_Pot_with_Decorative_Fiber_2.webp,2,Yellow Artificial Flower Pot with Decorative Fiber Plastic Pot,,,,
self-watering-plant-pot-with-built-in-water-reservoir-pot-only,Self Watering Plant Pot with Built-In Water Reservoir – Pot Only,"<p>This self-watering plant pot features a built-in transparent water reservoir designed to provide a steady moisture supply to the growing medium. Its compact modern design makes it suitable for desks, shelves, offices and indoor gardens. Ideal for pothos and other compatible houseplants. Plant is not included.</p>",Win Bachat,Home & Garden > Lawn & Garden > Gardening,Gardening,"Gardening, MTS Gardening, Win Bachat, Home Decore, Self Watering Pots",true,Title,Default Title,MRT-WB-MTSGARDNING-079,400,shopify,deny,manual,1477.77,1921.00,TRUE,TRUE,,https://raw.githubusercontent.com/mrfantastic05678/shopify-products/main/public_images/winbachat/MRT-WB-MTSGARDNING-079_Self_Watering_Plant_Pot_with_Built_In_Water_Reserv_1.webp,1,Self Watering Plant Pot with Built-In Water Reservoir – Pot Only,FALSE,Self Watering Plant Pot with Built-In Reservoir,"Buy a self-watering plant pot with built-in water reservoir for convenient indoor plant care. Stylish design for desks, offices and home décor. Pot only.",active
self-watering-plant-pot-with-built-in-water-reservoir-pot-only,,,,,,,,,,,,,,,,,,,,https://raw.githubusercontent.com/mrfantastic05678/shopify-products/main/public_images/winbachat/MRT-WB-MTSGARDNING-079_Self_Watering_Plant_Pot_with_Built_In_Water_Reserv_2.webp,2,Self Watering Plant Pot with Built-In Water Reservoir – Pot Only,,,,
round-self-watering-plant-pot-with-water-reservoir-pot-only,Round Self Watering Plant Pot with Water Reservoir – Pot Only,"<p>The Round Self Watering Plant Pot combines a contemporary planter with a transparent lower water reservoir for convenient plant care. The self-watering design helps maintain moisture around the root zone while reducing frequent manual watering. Suitable for indoor plants, desks, shelves and home or office décor. Plant is not included.</p>",Win Bachat,Home & Garden > Lawn & Garden > Gardening,Gardening,"Gardening, MTS Gardening, Win Bachat, Home Decore, Self Watering Pots",true,Title,Default Title,MRT-WB-MTSGARDNING-080,400,shopify,deny,manual,676.64,880.00,TRUE,TRUE,,https://raw.githubusercontent.com/mrfantastic05678/shopify-products/main/public_images/winbachat/MRT-WB-MTSGARDNING-080_Round_Self_Watering_Plant_Pot_with_Water_Reservoir_1.webp,1,Round Self Watering Plant Pot with Water Reservoir – Pot Only,FALSE,Round Self Watering Plant Pot with Water Reservoir,"Shop a round self-watering plant pot with transparent water reservoir for convenient indoor plant care. Ideal for desks, shelves and offices. Pot only.",active
round-self-watering-plant-pot-with-water-reservoir-pot-only,,,,,,,,,,,,,,,,,,,,https://raw.githubusercontent.com/mrfantastic05678/shopify-products/main/public_images/winbachat/MRT-WB-MTSGARDNING-080_Round_Self_Watering_Plant_Pot_with_Water_Reservoir_2.webp,2,Round Self Watering Plant Pot with Water Reservoir – Pot Only,,,,
round-self-watering-plant-pot-with-water-reservoir-pot-only,,,,,,,,,,,,,,,,,,,,https://raw.githubusercontent.com/mrfantastic05678/shopify-products/main/public_images/winbachat/MRT-WB-MTSGARDNING-080_Round_Self_Watering_Plant_Pot_with_Water_Reservoir_3.webp,3,Round Self Watering Plant Pot with Water Reservoir – Pot Only,,,,
round-self-watering-plant-pot-with-water-reservoir-pot-only,,,,,,,,,,,,,,,,,,,,https://raw.githubusercontent.com/mrfantastic05678/shopify-products/main/public_images/winbachat/MRT-WB-MTSGARDNING-080_Round_Self_Watering_Plant_Pot_with_Water_Reservoir_4.webp,4,Round Self Watering Plant Pot with Water Reservoir – Pot Only,,,,
round-self-watering-plant-pot-with-water-reservoir-pot-only,,,,,,,,,,,,,,,,,,,,https://raw.githubusercontent.com/mrfantastic05678/shopify-products/main/public_images/winbachat/MRT-WB-MTSGARDNING-080_Round_Self_Watering_Plant_Pot_with_Water_Reservoir_5.webp,5,Round Self Watering Plant Pot with Water Reservoir – Pot Only,,,,
round-self-watering-plant-pot-with-water-reservoir-pot-only,,,,,,,,,,,,,,,,,,,,https://raw.githubusercontent.com/mrfantastic05678/shopify-products/main/public_images/winbachat/MRT-WB-MTSGARDNING-080_Round_Self_Watering_Plant_Pot_with_Water_Reservoir_6.webp,6,Round Self Watering Plant Pot with Water Reservoir – Pot Only,,,,
round-self-watering-plant-pot-with-water-reservoir-pot-only,,,,,,,,,,,,,,,,,,,,https://raw.githubusercontent.com/mrfantastic05678/shopify-products/main/public_images/winbachat/MRT-WB-MTSGARDNING-080_Round_Self_Watering_Plant_Pot_with_Water_Reservoir_7.webp,7,Round Self Watering Plant Pot with Water Reservoir – Pot Only,,,,
warrior-cockroach-killer-gel-50g-roach-control-gel,Warrior Cockroach Killer Gel 50g – Roach Control Gel,"<p>Warrior Cockroach Killer Gel 50g is a ready-to-use pest-control gel formulated for managing cockroaches in appropriate indoor areas. The gel format allows targeted placement in cracks, crevices and other labeled locations where cockroaches may hide or travel. Use strictly according to the product label and keep away from children and pets.</p>",Win Bachat,Home & Garden > Lawn & Garden > Gardening,Gardening,"Gardening, MTS Gardening, Win Bachat, Pest Control, Roaches Control",true,Title,Default Title,MRT-WB-MTSGARDNING-081,80,shopify,deny,manual,615.02,800.00,TRUE,TRUE,,https://raw.githubusercontent.com/mrfantastic05678/shopify-products/main/public_images/winbachat/MRT-WB-MTSGARDNING-081_Warrior_Cockroach_Killer_Gel_50g_Roach_Control_Gel_1.webp,1,Warrior Cockroach Killer Gel 50g – Roach Control Gel,FALSE,Warrior Cockroach Killer Gel 50g – Roach Control,Buy Warrior Cockroach Killer Gel 50g for targeted cockroach control in approved indoor areas. Easy-to-place gel for cracks and crevices. Use as directed.,active
warrior-cockroach-killer-gel-50g-roach-control-gel,,,,,,,,,,,,,,,,,,,,https://raw.githubusercontent.com/mrfantastic05678/shopify-products/main/public_images/winbachat/MRT-WB-MTSGARDNING-081_Warrior_Cockroach_Killer_Gel_50g_Roach_Control_Gel_2.webp,2,Warrior Cockroach Killer Gel 50g – Roach Control Gel,,,,
warrior-cockroach-killer-gel-50g-roach-control-gel,,,,,,,,,,,,,,,,,,,,https://raw.githubusercontent.com/mrfantastic05678/shopify-products/main/public_images/winbachat/MRT-WB-MTSGARDNING-081_Warrior_Cockroach_Killer_Gel_50g_Roach_Control_Gel_3.webp,3,Warrior Cockroach Killer Gel 50g – Roach Control Gel,,,,
ssv-powder-household-crawling-insect-control-powder,SSV Powder – Household Crawling Insect Control Powder,"<p>SSV Powder is a pest-control dust intended for managing listed household crawling insects. The product packaging depicts cockroaches and other common crawling pests, making it suitable for targeted applications in approved areas. Apply only according to label instructions and keep the product safely away from children, pets and food-contact surfaces.</p>",Win Bachat,Home & Garden > Lawn & Garden > Gardening,Gardening,"Gardening, MTS Gardening, Win Bachat, Pest Control, Roaches Control",true,Title,Default Title,MRT-WB-MTSGARDNING-082,130,shopify,deny,manual,306.89,399.00,TRUE,TRUE,,https://raw.githubusercontent.com/mrfantastic05678/shopify-products/main/public_images/winbachat/MRT-WB-MTSGARDNING-082_SSV_Powder_Household_Crawling_Insect_Control_Powde_1.webp,1,SSV Powder – Household Crawling Insect Control Powder,FALSE,SSV Powder – Household Crawling Insect Control,"Shop SSV Powder for targeted control of listed household crawling insects, including cockroaches. Apply only as directed and follow all label precautions.",active
ssv-powder-household-crawling-insect-control-powder,,,,,,,,,,,,,,,,,,,,https://raw.githubusercontent.com/mrfantastic05678/shopify-products/main/public_images/winbachat/MRT-WB-MTSGARDNING-082_SSV_Powder_Household_Crawling_Insect_Control_Powde_2.webp,2,SSV Powder – Household Crawling Insect Control Powder,,,,
ssv-powder-household-crawling-insect-control-powder,,,,,,,,,,,,,,,,,,,,https://raw.githubusercontent.com/mrfantastic05678/shopify-products/main/public_images/winbachat/MRT-WB-MTSGARDNING-082_SSV_Powder_Household_Crawling_Insect_Control_Powde_3.webp,3,SSV Powder – Household Crawling Insect Control Powder,,,,
ssv-powder-household-crawling-insect-control-powder,,,,,,,,,,,,,,,,,,,,https://raw.githubusercontent.com/mrfantastic05678/shopify-products/main/public_images/winbachat/MRT-WB-MTSGARDNING-082_SSV_Powder_Household_Crawling_Insect_Control_Powde_4.webp,4,SSV Powder – Household Crawling Insect Control Powder,,,,
ssv-powder-100g-cockroach-crawling-insect-killer-dust,SSV Powder 100g – Cockroach & Crawling Insect Killer Dust,"<p>SSV Powder 100g is an insect-killer dust formulated to control listed household crawling insects. According to the packaging, it is intended for pests such as cockroaches and ants. The convenient powder format allows targeted application in approved areas where pests hide or travel. Always follow label directions and safety precautions.</p>",Win Bachat,Home & Garden > Lawn & Garden > Gardening,Gardening,"Gardening, MTS Gardening, Win Bachat, Pest Control, Roaches Control",true,Title,Default Title,MRT-WB-MTSGARDNING-083,130,shopify,deny,manual,368.52,479.00,TRUE,TRUE,,https://raw.githubusercontent.com/mrfantastic05678/shopify-products/main/public_images/winbachat/MRT-WB-MTSGARDNING-083_SSV_Powder_100g_Cockroach_Crawling_Insect_Killer_D_1.webp,1,SSV Powder 100g – Cockroach & Crawling Insect Killer Dust,FALSE,SSV Powder 100g – Cockroach & Crawling Insect Control,Buy SSV Powder 100g for control of listed household crawling insects such as cockroaches and ants. Convenient insect-killer dust for targeted use.,active
ssv-powder-100g-cockroach-crawling-insect-killer-dust,,,,,,,,,,,,,,,,,,,,https://raw.githubusercontent.com/mrfantastic05678/shopify-products/main/public_images/winbachat/MRT-WB-MTSGARDNING-083_SSV_Powder_100g_Cockroach_Crawling_Insect_Killer_D_2.webp,2,SSV Powder 100g – Cockroach & Crawling Insect Killer Dust,,,,
ssv-powder-100g-cockroach-crawling-insect-killer-dust,,,,,,,,,,,,,,,,,,,,https://raw.githubusercontent.com/mrfantastic05678/shopify-products/main/public_images/winbachat/MRT-WB-MTSGARDNING-083_SSV_Powder_100g_Cockroach_Crawling_Insect_Killer_D_3.webp,3,SSV Powder 100g – Cockroach & Crawling Insect Killer Dust,,,,
ssv-powder-100g-cockroach-crawling-insect-killer-dust,,,,,,,,,,,,,,,,,,,,https://raw.githubusercontent.com/mrfantastic05678/shopify-products/main/public_images/winbachat/MRT-WB-MTSGARDNING-083_SSV_Powder_100g_Cockroach_Crawling_Insect_Killer_D_4.webp,4,SSV Powder 100g – Cockroach & Crawling Insect Killer Dust,,,,
eagle-dusting-powder-cockroach-crawling-insect-control,Eagle Dusting Powder – Cockroach & Crawling Insect Control,"<p>Eagle Dusting Powder is a household pest-control powder intended for managing cockroaches and other listed crawling insects. The dust formulation is suitable for targeted application in approved locations where pests may hide or move. Always use according to the manufacturer’s directions and keep away from children, pets and food.</p>",Win Bachat,Home & Garden > Lawn & Garden > Gardening,Gardening,"Gardening, MTS Gardening, Win Bachat, Pest Control, Roaches Control",true,Title,Default Title,MRT-WB-MTSGARDNING-084,130,shopify,deny,manual,1047.62,1362.00,TRUE,TRUE,,https://raw.githubusercontent.com/mrfantastic05678/shopify-products/main/public_images/winbachat/MRT-WB-MTSGARDNING-084_Eagle_Dusting_Powder_Cockroach_Crawling_Insect_Con_1.webp,1,Eagle Dusting Powder – Cockroach & Crawling Insect Control,FALSE,Eagle Dusting Powder – Cockroach Killer Powder,Shop Eagle Dusting Powder for targeted control of cockroaches and other listed crawling insects. Suitable for household pest management when used as directed.,active
eagle-dusting-powder-cockroach-crawling-insect-control,,,,,,,,,,,,,,,,,,,,https://raw.githubusercontent.com/mrfantastic05678/shopify-products/main/public_images/winbachat/MRT-WB-MTSGARDNING-084_Eagle_Dusting_Powder_Cockroach_Crawling_Insect_Con_2.webp,2,Eagle Dusting Powder – Cockroach & Crawling Insect Control,,,,
eagle-dusting-powder-cockroach-crawling-insect-control,,,,,,,,,,,,,,,,,,,,https://raw.githubusercontent.com/mrfantastic05678/shopify-products/main/public_images/winbachat/MRT-WB-MTSGARDNING-084_Eagle_Dusting_Powder_Cockroach_Crawling_Insect_Con_3.webp,3,Eagle Dusting Powder – Cockroach & Crawling Insect Control,,,,
eagle-dusting-powder-cockroach-crawling-insect-control,,,,,,,,,,,,,,,,,,,,https://raw.githubusercontent.com/mrfantastic05678/shopify-products/main/public_images/winbachat/MRT-WB-MTSGARDNING-084_Eagle_Dusting_Powder_Cockroach_Crawling_Insect_Con_4.webp,4,Eagle Dusting Powder – Cockroach & Crawling Insect Control,,,,
one-shot-ddvp-ec-60-insect-control-solution-100ml,One Shot DDVP EC 60 Insect Control Solution 100ml,"<p>One Shot DDVP EC 60 100ml is a concentrated insect-control product intended for management of listed pests in approved indoor and outdoor applications. The label identifies use against various insects. Because this is a concentrated pesticide, carefully follow all manufacturer dilution, application, protective-equipment and safety instructions.</p>",Win Bachat,Home & Garden > Lawn & Garden > Gardening,Gardening,"Gardening, MTS Gardening, Win Bachat, Pest Control, Roaches Control",true,Title,Default Title,MRT-WB-MTSGARDNING-085,130,shopify,deny,manual,554.62,721.00,TRUE,TRUE,,https://raw.githubusercontent.com/mrfantastic05678/shopify-products/main/public_images/winbachat/MRT-WB-MTSGARDNING-085_One_Shot_DDVP_EC_60_Insect_Control_Solution_100ml_1.webp,1,One Shot DDVP EC 60 Insect Control Solution 100ml,FALSE,One Shot DDVP EC 60 100ml – Insect Control Solution,Buy One Shot DDVP EC 60 100ml concentrated insect-control solution for listed pests. Use only as directed and follow all label and safety precautions.,active
one-shot-ddvp-ec-60-insect-control-solution-100ml,,,,,,,,,,,,,,,,,,,,https://raw.githubusercontent.com/mrfantastic05678/shopify-products/main/public_images/winbachat/MRT-WB-MTSGARDNING-085_One_Shot_DDVP_EC_60_Insect_Control_Solution_100ml_2.webp,2,One Shot DDVP EC 60 Insect Control Solution 100ml,,,,
one-shot-ddvp-ec-60-insect-control-solution-100ml,,,,,,,,,,,,,,,,,,,,https://raw.githubusercontent.com/mrfantastic05678/shopify-products/main/public_images/winbachat/MRT-WB-MTSGARDNING-085_One_Shot_DDVP_EC_60_Insect_Control_Solution_100ml_3.webp,3,One Shot DDVP EC 60 Insect Control Solution 100ml,,,,
one-shot-ddvp-ec-60-insect-control-solution-100ml,,,,,,,,,,,,,,,,,,,,https://raw.githubusercontent.com/mrfantastic05678/shopify-products/main/public_images/winbachat/MRT-WB-MTSGARDNING-085_One_Shot_DDVP_EC_60_Insect_Control_Solution_100ml_4.webp,4,One Shot DDVP EC 60 Insect Control Solution 100ml,,,,
one-shot-ddvp-ec-60-insect-control-solution-250ml,One Shot DDVP EC 60 Insect Control Solution 250ml,"<p>One Shot DDVP EC 60 250ml is a concentrated pest-control formulation designed for controlling listed insects in approved treatment areas. The 250ml size provides a practical option for larger pest-management requirements. Always follow the product label regarding dilution, application areas, protective equipment, ventilation and other safety requirements.</p>",Win Bachat,Home & Garden > Lawn & Garden > Gardening,Gardening,"Gardening, MTS Gardening, Win Bachat, Pest Control, Roaches Control",true,Title,Default Title,MRT-WB-MTSGARDNING-086,280,shopify,deny,manual,554.62,721.00,TRUE,TRUE,,https://raw.githubusercontent.com/mrfantastic05678/shopify-products/main/public_images/winbachat/MRT-WB-MTSGARDNING-086_One_Shot_DDVP_EC_60_Insect_Control_Solution_250ml_1.webp,1,One Shot DDVP EC 60 Insect Control Solution 250ml,FALSE,One Shot DDVP EC 60 250ml – Insect Control Solution,"Shop One Shot DDVP EC 60 250ml concentrated insect-control solution for listed pests. Follow manufacturer directions, dilution guidance and safety precautions.",active
one-shot-ddvp-ec-60-insect-control-solution-250ml,,,,,,,,,,,,,,,,,,,,https://raw.githubusercontent.com/mrfantastic05678/shopify-products/main/public_images/winbachat/MRT-WB-MTSGARDNING-086_One_Shot_DDVP_EC_60_Insect_Control_Solution_250ml_2.webp,2,One Shot DDVP EC 60 Insect Control Solution 250ml,,,,
one-shot-ddvp-ec-60-insect-control-solution-250ml,,,,,,,,,,,,,,,,,,,,https://raw.githubusercontent.com/mrfantastic05678/shopify-products/main/public_images/winbachat/MRT-WB-MTSGARDNING-086_One_Shot_DDVP_EC_60_Insect_Control_Solution_250ml_3.webp,3,One Shot DDVP EC 60 Insect Control Solution 250ml,,,,
one-shot-ddvp-ec-60-insect-control-solution-250ml,,,,,,,,,,,,,,,,,,,,https://raw.githubusercontent.com/mrfantastic05678/shopify-products/main/public_images/winbachat/MRT-WB-MTSGARDNING-086_One_Shot_DDVP_EC_60_Insect_Control_Solution_250ml_4.webp,4,One Shot DDVP EC 60 Insect Control Solution 250ml,,,,
one-shot-ddvp-ec-60-insect-control-solution-500ml,One Shot DDVP EC 60 Insect Control Solution 500ml,"<p>One Shot DDVP EC 60 500ml provides a larger quantity of concentrated insect-control solution for managing listed pests in approved areas. Suitable for users requiring more product for pest-management applications. Read the complete product label before use and strictly follow dilution, application, protective-equipment and safety requirements.</p>",Win Bachat,Home & Garden > Lawn & Garden > Gardening,Gardening,"Gardening, MTS Gardening, Win Bachat, Pest Control, Roaches Control",true,Title,Default Title,MRT-WB-MTSGARDNING-087,560,shopify,deny,manual,1109.25,1442.00,TRUE,TRUE,,https://raw.githubusercontent.com/mrfantastic05678/shopify-products/main/public_images/winbachat/MRT-WB-MTSGARDNING-087_One_Shot_DDVP_EC_60_Insect_Control_Solution_500ml_1.webp,1,One Shot DDVP EC 60 Insect Control Solution 500ml,FALSE,One Shot DDVP EC 60 500ml – Pest Control Solution,Buy One Shot DDVP EC 60 500ml for control of listed insects in approved treatment areas. Concentrated formulation; always follow label and safety directions.,active
one-shot-ddvp-ec-60-insect-control-solution-500ml,,,,,,,,,,,,,,,,,,,,https://raw.githubusercontent.com/mrfantastic05678/shopify-products/main/public_images/winbachat/MRT-WB-MTSGARDNING-087_One_Shot_DDVP_EC_60_Insect_Control_Solution_500ml_2.webp,2,One Shot DDVP EC 60 Insect Control Solution 500ml,,,,
one-shot-ddvp-ec-60-insect-control-solution-500ml,,,,,,,,,,,,,,,,,,,,https://raw.githubusercontent.com/mrfantastic05678/shopify-products/main/public_images/winbachat/MRT-WB-MTSGARDNING-087_One_Shot_DDVP_EC_60_Insect_Control_Solution_500ml_3.webp,3,One Shot DDVP EC 60 Insect Control Solution 500ml,,,,
one-shot-ddvp-ec-60-insect-control-solution-500ml,,,,,,,,,,,,,,,,,,,,https://raw.githubusercontent.com/mrfantastic05678/shopify-products/main/public_images/winbachat/MRT-WB-MTSGARDNING-087_One_Shot_DDVP_EC_60_Insect_Control_Solution_500ml_4.webp,4,One Shot DDVP EC 60 Insect Control Solution 500ml,,,,
one-shot-ddvp-ec-60-insect-control-solution-1000ml,One Shot DDVP EC 60 Insect Control Solution 1000ml,"<p>One Shot DDVP EC 60 1000ml is a larger pack of concentrated insect-control formulation for managing listed pests in approved indoor or outdoor areas. Designed for higher-volume pest-management requirements, it must be handled and applied strictly according to manufacturer instructions, including dilution, protective equipment and safety precautions.</p>",Win Bachat,Home & Garden > Lawn & Garden > Gardening,Gardening,"Gardening, MTS Gardening, Win Bachat, Pest Control, Roaches Control",true,Title,Default Title,MRT-WB-MTSGARDNING-088,1080,shopify,deny,manual,1972.00,2564.00,TRUE,TRUE,,https://raw.githubusercontent.com/mrfantastic05678/shopify-products/main/public_images/winbachat/MRT-WB-MTSGARDNING-088_One_Shot_DDVP_EC_60_Insect_Control_Solution_1000ml_1.webp,1,One Shot DDVP EC 60 Insect Control Solution 1000ml,FALSE,One Shot DDVP EC 60 1000ml – Insect Control Solution,Shop One Shot DDVP EC 60 1000ml concentrated insect-control solution for listed pests. Use only in approved areas and strictly follow label safety directions.,active
one-shot-ddvp-ec-60-insect-control-solution-1000ml,,,,,,,,,,,,,,,,,,,,https://raw.githubusercontent.com/mrfantastic05678/shopify-products/main/public_images/winbachat/MRT-WB-MTSGARDNING-088_One_Shot_DDVP_EC_60_Insect_Control_Solution_1000ml_2.webp,2,One Shot DDVP EC 60 Insect Control Solution 1000ml,,,,
one-shot-ddvp-ec-60-insect-control-solution-1000ml,,,,,,,,,,,,,,,,,,,,https://raw.githubusercontent.com/mrfantastic05678/shopify-products/main/public_images/winbachat/MRT-WB-MTSGARDNING-088_One_Shot_DDVP_EC_60_Insect_Control_Solution_1000ml_3.webp,3,One Shot DDVP EC 60 Insect Control Solution 1000ml,,,,
one-shot-ddvp-ec-60-insect-control-solution-1000ml,,,,,,,,,,,,,,,,,,,,https://raw.githubusercontent.com/mrfantastic05678/shopify-products/main/public_images/winbachat/MRT-WB-MTSGARDNING-088_One_Shot_DDVP_EC_60_Insect_Control_Solution_1000ml_4.webp,4,One Shot DDVP EC 60 Insect Control Solution 1000ml,,,,
zero-in-turbo-stream-permethrin-25-ec-pest-control-100ml,Zero In Turbo Stream Permethrin 2.5 EC Pest Control 100ml,"<p>Zero In Turbo Stream 100ml is a Permethrin 2.5 EC pest-control formulation designed to manage listed household pests. The packaging identifies pests including cockroaches, mosquitoes, ticks, ants, fleas and other listed insects. Its residual-action formulation is intended for approved applications according to label directions. Keep away from children and pets.</p>",Win Bachat,Home & Garden > Lawn & Garden > Gardening,Gardening,"Gardening, MTS Gardening, Win Bachat, Pest Control, Roaches Control",true,Title,Default Title,MRT-WB-MTSGARDNING-089,130,shopify,deny,manual,3451.00,4486.00,TRUE,TRUE,,https://raw.githubusercontent.com/mrfantastic05678/shopify-products/main/public_images/winbachat/MRT-WB-MTSGARDNING-089_Zero_In_Turbo_Stream_Permethrin_25_EC_Pest_Control_1.webp,1,Zero In Turbo Stream Permethrin 2.5 EC Pest Control 100ml,FALSE,Zero In Turbo Stream Permethrin 2.5 EC 100ml,Buy Zero In Turbo Stream 100ml with Permethrin 2.5 EC for control of listed household pests. Residual-action formulation for approved pest-control applications.,active
zero-in-turbo-stream-permethrin-25-ec-pest-control-100ml,,,,,,,,,,,,,,,,,,,,https://raw.githubusercontent.com/mrfantastic05678/shopify-products/main/public_images/winbachat/MRT-WB-MTSGARDNING-089_Zero_In_Turbo_Stream_Permethrin_25_EC_Pest_Control_2.webp,2,Zero In Turbo Stream Permethrin 2.5 EC Pest Control 100ml,,,,
zero-in-turbo-stream-permethrin-25-ec-pest-control-250ml,Zero In Turbo Stream Permethrin 2.5 EC Pest Control 250ml,"<p>Zero In Turbo Stream 250ml is a Permethrin 2.5 EC insect-control product formulated for managing listed household pests such as cockroaches, mosquitoes, ticks, ants and fleas. The larger 250ml pack is suitable for broader treatment requirements where permitted. Always follow the product label, application instructions and safety precautions.</p>",Win Bachat,Home & Garden > Lawn & Garden > Gardening,Gardening,"Gardening, MTS Gardening, Win Bachat, Pest Control, Roaches Control",true,Title,Default Title,MRT-WB-MTSGARDNING-090,280,shopify,deny,manual,554.62,721.00,TRUE,TRUE,,https://raw.githubusercontent.com/mrfantastic05678/shopify-products/main/public_images/winbachat/MRT-WB-MTSGARDNING-090_Zero_In_Turbo_Stream_Permethrin_25_EC_Pest_Control_1.webp,1,Zero In Turbo Stream Permethrin 2.5 EC Pest Control 250ml,FALSE,Zero In Turbo Stream Permethrin 2.5 EC 250ml,"Shop Zero In Turbo Stream 250ml Permethrin 2.5 EC for control of listed household pests including cockroaches, mosquitoes, ticks, ants and fleas.",active
zero-in-turbo-stream-permethrin-25-ec-pest-control-250ml,,,,,,,,,,,,,,,,,,,,https://raw.githubusercontent.com/mrfantastic05678/shopify-products/main/public_images/winbachat/MRT-WB-MTSGARDNING-090_Zero_In_Turbo_Stream_Permethrin_25_EC_Pest_Control_2.webp,2,Zero In Turbo Stream Permethrin 2.5 EC Pest Control 250ml,,,,
zero-in-turbo-stream-pest-control-500ml-permethrin-25-ec,Zero In Turbo Stream Pest Control 500ml – Permethrin 2.5 EC,"<p>Zero In Turbo Stream 500ml is a Permethrin 2.5 EC pest-control formulation designed for controlling listed household pests. The label identifies cockroaches, mosquitoes, ticks, ants, fleas, spiders and other insects. Its residual-action formula makes it suitable for approved pest-control applications around the home. Always follow label directions and safety precautions.</p>",Win Bachat,Home & Garden > Lawn & Garden > Gardening,Gardening,"Gardening, MTS Gardening, Win Bachat, Pest Control, Roaches Control",true,Title,Default Title,MRT-WB-MTSGARDNING-091,560,shopify,deny,manual,1109.25,1442.00,TRUE,TRUE,,https://raw.githubusercontent.com/mrfantastic05678/shopify-products/main/public_images/winbachat/MRT-WB-MTSGARDNING-091_Zero_In_Turbo_Stream_Pest_Control_500ml_Permethrin_1.webp,1,Zero In Turbo Stream Pest Control 500ml – Permethrin 2.5 EC,FALSE,Zero In Turbo Stream Pest Control 500ml – Permethrin 2.5 EC,"Buy Zero In Turbo Stream 500ml with Permethrin 2.5 EC for effective control of listed cockroaches, mosquitoes, ticks, ants, fleas and other household pests.",active
zero-in-turbo-stream-pest-control-500ml-permethrin-25-ec,,,,,,,,,,,,,,,,,,,,https://raw.githubusercontent.com/mrfantastic05678/shopify-products/main/public_images/winbachat/MRT-WB-MTSGARDNING-091_Zero_In_Turbo_Stream_Pest_Control_500ml_Permethrin_2.webp,2,Zero In Turbo Stream Pest Control 500ml – Permethrin 2.5 EC,,,,
zero-in-turbo-stream-pest-control-1000ml-permethrin-25-ec,Zero In Turbo Stream Pest Control 1000ml – Permethrin 2.5 EC,"<p>Zero In Turbo Stream 1000ml is a large-size Permethrin 2.5 EC insect-control solution for managing listed household pests. The residual-action formulation is intended for approved applications against cockroaches, mosquitoes, ticks, ants, fleas and other listed insects. Ideal for larger treatment requirements when used according to the product label.</p>",Win Bachat,Home & Garden > Lawn & Garden > Gardening,Gardening,"Gardening, MTS Gardening, Win Bachat, Pest Control, Roaches Control",true,Title,Default Title,MRT-WB-MTSGARDNING-092,1080,shopify,deny,manual,1972.00,2564.00,TRUE,TRUE,,https://raw.githubusercontent.com/mrfantastic05678/shopify-products/main/public_images/winbachat/MRT-WB-MTSGARDNING-092_Zero_In_Turbo_Stream_Pest_Control_1000ml_Permethri_1.webp,1,Zero In Turbo Stream Pest Control 1000ml – Permethrin 2.5 EC,FALSE,Zero In Turbo Stream Pest Control 1L – Permethrin 2.5 EC,"Shop Zero In Turbo Stream 1L Permethrin 2.5 EC pest-control solution for listed cockroaches, mosquitoes, ants, ticks, fleas and other household insects.",active
zero-in-turbo-stream-pest-control-1000ml-permethrin-25-ec,,,,,,,,,,,,,,,,,,,,https://raw.githubusercontent.com/mrfantastic05678/shopify-products/main/public_images/winbachat/MRT-WB-MTSGARDNING-092_Zero_In_Turbo_Stream_Pest_Control_1000ml_Permethri_2.webp,2,Zero In Turbo Stream Pest Control 1000ml – Permethrin 2.5 EC,,,,
dark-knight-cockroach-killer-100ml-v-p-80-ec-pest-control,Dark Knight Cockroach Killer 100ml – V-P 80% EC Pest Control,"<p>Dark Knight Cockroach Killer 100ml is a concentrated V-P 80% EC home pest-control formulation. According to the label, it is intended for use against cockroaches and various other listed crawling and flying pests. The compact 100ml bottle is convenient for smaller pest-control requirements. Read the product label carefully and follow all application and safety instructions.</p>",Win Bachat,Home & Garden > Lawn & Garden > Gardening,Gardening,"Gardening, MTS Gardening, Win Bachat, Pest Control, Roaches Control",true,Title,Default Title,MRT-WB-MTSGARDNING-093,130,shopify,deny,manual,3451.00,4486.00,TRUE,TRUE,,https://raw.githubusercontent.com/mrfantastic05678/shopify-products/main/public_images/winbachat/MRT-WB-MTSGARDNING-093_Dark_Knight_Cockroach_Killer_100ml_V_P_80_EC_Pest__1.webp,1,Dark Knight Cockroach Killer 100ml – V-P 80% EC Pest Control,FALSE,Dark Knight Cockroach Killer 100ml – V-P 80% EC,Buy Dark Knight Cockroach Killer 100ml V-P 80% EC for control of cockroaches and other listed household pests. Concentrated home pest-control formulation.,active
dark-knight-cockroach-killer-100ml-v-p-80-ec-pest-control,,,,,,,,,,,,,,,,,,,,https://raw.githubusercontent.com/mrfantastic05678/shopify-products/main/public_images/winbachat/MRT-WB-MTSGARDNING-093_Dark_Knight_Cockroach_Killer_100ml_V_P_80_EC_Pest__2.webp,2,Dark Knight Cockroach Killer 100ml – V-P 80% EC Pest Control,,,,
dark-knight-cockroach-killer-250ml-v-p-80-ec-pest-control,Dark Knight Cockroach Killer 250ml – V-P 80% EC Pest Control,<p>Dark Knight Cockroach Killer 250ml is a concentrated home pest-control product formulated for managing cockroaches and other insects listed on the packaging. Its 250ml size provides a practical option for routine pest-management needs in approved areas. Use only as instructed on the product label and observe all handling and safety precautions.</p>,Win Bachat,Home & Garden > Lawn & Garden > Gardening,Gardening,"Gardening, MTS Gardening, Win Bachat, Pest Control, Roaches Control",true,Title,Default Title,MRT-WB-MTSGARDNING-094,280,shopify,deny,manual,554.62,721.00,TRUE,TRUE,,https://raw.githubusercontent.com/mrfantastic05678/shopify-products/main/public_images/winbachat/MRT-WB-MTSGARDNING-094_Dark_Knight_Cockroach_Killer_250ml_V_P_80_EC_Pest__1.webp,1,Dark Knight Cockroach Killer 250ml – V-P 80% EC Pest Control,FALSE,Dark Knight Cockroach Killer 250ml – V-P 80% EC,Shop Dark Knight Cockroach Killer 250ml V-P 80% EC concentrated pest-control solution for cockroaches and other listed household insects.,active
dark-knight-cockroach-killer-250ml-v-p-80-ec-pest-control,,,,,,,,,,,,,,,,,,,,https://raw.githubusercontent.com/mrfantastic05678/shopify-products/main/public_images/winbachat/MRT-WB-MTSGARDNING-094_Dark_Knight_Cockroach_Killer_250ml_V_P_80_EC_Pest__2.webp,2,Dark Knight Cockroach Killer 250ml – V-P 80% EC Pest Control,,,,
dark-knight-cockroach-killer-500ml-v-p-80-ec-pest-control,Dark Knight Cockroach Killer 500ml – V-P 80% EC Pest Control,<p>Dark Knight Cockroach Killer 500ml provides a larger quantity of concentrated V-P 80% EC pest-control formulation for controlling listed household insects. The label indicates effectiveness against cockroaches and several other common pests. Suitable for larger treatment requirements when applied strictly according to manufacturer instructions.</p>,Win Bachat,Home & Garden > Lawn & Garden > Gardening,Gardening,"Gardening, MTS Gardening, Win Bachat, Pest Control, Roaches Control",true,Title,Default Title,MRT-WB-MTSGARDNING-095,560,shopify,deny,manual,1109.25,1442.00,TRUE,TRUE,,https://raw.githubusercontent.com/mrfantastic05678/shopify-products/main/public_images/winbachat/MRT-WB-MTSGARDNING-095_Dark_Knight_Cockroach_Killer_500ml_V_P_80_EC_Pest__1.webp,1,Dark Knight Cockroach Killer 500ml – V-P 80% EC Pest Control,FALSE,Dark Knight Cockroach Killer 500ml – V-P 80% EC,Buy Dark Knight Cockroach Killer 500ml V-P 80% EC for targeted control of cockroaches and other listed household pests. Use according to label directions.,active
dark-knight-cockroach-killer-500ml-v-p-80-ec-pest-control,,,,,,,,,,,,,,,,,,,,https://raw.githubusercontent.com/mrfantastic05678/shopify-products/main/public_images/winbachat/MRT-WB-MTSGARDNING-095_Dark_Knight_Cockroach_Killer_500ml_V_P_80_EC_Pest__2.webp,2,Dark Knight Cockroach Killer 500ml – V-P 80% EC Pest Control,,,,
dark-knight-cockroach-killer-1000ml-v-p-80-ec-pest-control,Dark Knight Cockroach Killer 1000ml – V-P 80% EC Pest Control,"<p>Dark Knight Cockroach Killer 1000ml is a large pack of concentrated V-P 80% EC pest-control solution intended for managing cockroaches and other listed insects. The 1-liter size is suitable for higher-volume pest-control requirements in approved treatment areas. Always follow the label regarding preparation, application, protective equipment and safety.</p>",Win Bachat,Home & Garden > Lawn & Garden > Gardening,Gardening,"Gardening, MTS Gardening, Win Bachat, Pest Control, Roaches Control",true,Title,Default Title,MRT-WB-MTSGARDNING-096,1080,shopify,deny,manual,1972.00,2564.00,TRUE,TRUE,,https://raw.githubusercontent.com/mrfantastic05678/shopify-products/main/public_images/winbachat/MRT-WB-MTSGARDNING-096_Dark_Knight_Cockroach_Killer_1000ml_V_P_80_EC_Pest_1.webp,1,Dark Knight Cockroach Killer 1000ml – V-P 80% EC Pest Control,FALSE,Dark Knight Cockroach Killer 1L – V-P 80% EC Pest Control,Shop Dark Knight Cockroach Killer 1L V-P 80% EC concentrated solution for cockroach and listed household pest control. Follow all product safety directions.,active
dark-knight-cockroach-killer-1000ml-v-p-80-ec-pest-control,,,,,,,,,,,,,,,,,,,,https://raw.githubusercontent.com/mrfantastic05678/shopify-products/main/public_images/winbachat/MRT-WB-MTSGARDNING-096_Dark_Knight_Cockroach_Killer_1000ml_V_P_80_EC_Pest_2.webp,2,Dark Knight Cockroach Killer 1000ml – V-P 80% EC Pest Control,,,,
tenekil-plus-total-termite-control-1-liter,Tenekil Plus Total Termite Control 1 Liter,"<p>Tenekil Plus Total Termite Control 1 Liter is a termite-control formulation designed for managing termite infestations in approved treatment areas. Its liquid format is suitable for professional or household termite-management applications where permitted by the product label. Follow all manufacturer instructions for preparation, application, protective equipment and safe handling.</p>",Win Bachat,Home & Garden > Lawn & Garden > Gardening,Gardening,"Gardening, MTS Gardening, Win Bachat, Pest Control, Termite Control",true,Title,Default Title,MRT-WB-MTSGARDNING-097,1100,shopify,deny,manual,3451.00,4486.00,TRUE,TRUE,,https://raw.githubusercontent.com/mrfantastic05678/shopify-products/main/public_images/winbachat/MRT-WB-MTSGARDNING-097_Tenekil_Plus_Total_Termite_Control_1_Liter_1.webp,1,Tenekil Plus Total Termite Control 1 Liter,FALSE,Tenekil Plus Total Termite Control 1 Liter,Buy Tenekil Plus Total Termite Control 1 Liter for termite-management applications. Liquid termite-control solution for approved treatment areas. Use as directed.,active
tenekil-plus-total-termite-control-1-liter,,,,,,,,,,,,,,,,,,,,https://raw.githubusercontent.com/mrfantastic05678/shopify-products/main/public_images/winbachat/MRT-WB-MTSGARDNING-097_Tenekil_Plus_Total_Termite_Control_1_Liter_2.webp,2,Tenekil Plus Total Termite Control 1 Liter,,,,
gend-a-ec-35-termite-control-1-liter,Gend-A EC 35 Termite Control 1 Liter,"<p>Gend-A EC 35 is a 1-liter termite-control insecticide formulated for treatment of termites in approved applications. The product is designed to help manage termite colonies and infestations in treated areas. Its larger bottle is suitable for substantial termite-control requirements. Always read the complete label and follow the stated dilution, application and safety instructions.</p>",Win Bachat,Home & Garden > Lawn & Garden > Gardening,Gardening,"Gardening, MTS Gardening, Win Bachat, Pest Control, Termite Control",true,Title,Default Title,MRT-WB-MTSGARDNING-098,1100,shopify,deny,manual,3203.27,4164.00,TRUE,TRUE,,https://raw.githubusercontent.com/mrfantastic05678/shopify-products/main/public_images/winbachat/MRT-WB-MTSGARDNING-098_Gend_A_EC_35_Termite_Control_1_Liter_1.webp,1,Gend-A EC 35 Termite Control 1 Liter,FALSE,Gend-A EC 35 Termite Control 1 Liter – Termiticide,Shop Gend-A EC 35 Termite Control 1 Liter for managing termite infestations in approved areas. Concentrated termiticide for effective pest-management applications.,active
gend-a-ec-35-termite-control-1-liter,,,,,,,,,,,,,,,,,,,,https://raw.githubusercontent.com/mrfantastic05678/shopify-products/main/public_images/winbachat/MRT-WB-MTSGARDNING-098_Gend_A_EC_35_Termite_Control_1_Liter_2.webp,2,Gend-A EC 35 Termite Control 1 Liter,,,,
termite-powder-100g-water-soluble-termite-control-solution,Termite Powder 100g – Water-Soluble Termite Control Solution,<p>Termite Powder 100g is a water-soluble pest-control powder intended for termite treatment and prevention applications. The powder format provides convenient storage and preparation for approved treatment areas. Suitable for termite-management requirements when prepared and applied according to the manufacturer’s instructions. Keep away from children and follow all label precautions.</p>,Win Bachat,Home & Garden > Lawn & Garden > Gardening,Gardening,"Gardening, MTS Gardening, Win Bachat, Pest Control, Termite Control",true,Title,Default Title,MRT-WB-MTSGARDNING-099,130,shopify,deny,manual,8626.27,11214.00,TRUE,TRUE,,https://raw.githubusercontent.com/mrfantastic05678/shopify-products/main/public_images/winbachat/MRT-WB-MTSGARDNING-099_Termite_Powder_100g_Water_Soluble_Termite_Control__1.webp,1,Termite Powder 100g – Water-Soluble Termite Control Solution,FALSE,Termite Powder 100g – Water-Soluble Termite Control,Buy Termite Powder 100g for termite treatment and prevention in approved areas. Convenient water-soluble termite-control powder. Always use according to label directions.,active
termite-powder-100g-water-soluble-termite-control-solution,,,,,,,,,,,,,,,,,,,,https://raw.githubusercontent.com/mrfantastic05678/shopify-products/main/public_images/winbachat/MRT-WB-MTSGARDNING-099_Termite_Powder_100g_Water_Soluble_Termite_Control__2.webp,2,Termite Powder 100g – Water-Soluble Termite Control Solution,,,,
termite-powder-100g-water-soluble-termite-control-solution,,,,,,,,,,,,,,,,,,,,https://raw.githubusercontent.com/mrfantastic05678/shopify-products/main/public_images/winbachat/MRT-WB-MTSGARDNING-099_Termite_Powder_100g_Water_Soluble_Termite_Control__3.webp,3,Termite Powder 100g – Water-Soluble Termite Control Solution,,,,
termite-powder-100g-water-soluble-termite-control-solution,,,,,,,,,,,,,,,,,,,,https://raw.githubusercontent.com/mrfantastic05678/shopify-products/main/public_images/winbachat/MRT-WB-MTSGARDNING-099_Termite_Powder_100g_Water_Soluble_Termite_Control__4.webp,4,Termite Powder 100g – Water-Soluble Termite Control Solution,,,,
knock-down-bed-bug-flea-killer-100ml-fenthion-35-ec,Knock Down Bed Bug & Flea Killer 100ml – Fenthion 35% EC,"<p>Knock Down Bed Bug & Flea Killer 100ml is a concentrated Fenthion 35% EC pest-control formulation intended for controlling bed bugs, fleas and other pests specifically listed on its label. The compact size is suitable for smaller treatment requirements. Use only in approved locations and strictly follow all manufacturer application, handling and safety instructions.</p>",Win Bachat,Home & Garden > Lawn & Garden > Gardening,Gardening,"Gardening, MTS Gardening, Win Bachat, Pest Control, Bed Bug Control",true,Title,Default Title,MRT-WB-MTSGARDNING-100,130,shopify,deny,manual,1047.62,1362.00,TRUE,TRUE,,https://raw.githubusercontent.com/mrfantastic05678/shopify-products/main/public_images/winbachat/MRT-WB-MTSGARDNING-100_Knock_Down_Bed_Bug_Flea_Killer_100ml_Fenthion_35_E_1.webp,1,Knock Down Bed Bug & Flea Killer 100ml – Fenthion 35% EC,FALSE,Knock Down Bed Bug & Flea Killer 100ml – Fenthion 35% EC,Buy Knock Down Bed Bug & Flea Killer 100ml with Fenthion 35% EC for control of listed bed bugs and fleas. Concentrated pest-control formulation.,active
knock-down-bed-bug-flea-killer-100ml-fenthion-35-ec,,,,,,,,,,,,,,,,,,,,https://raw.githubusercontent.com/mrfantastic05678/shopify-products/main/public_images/winbachat/MRT-WB-MTSGARDNING-100_Knock_Down_Bed_Bug_Flea_Killer_100ml_Fenthion_35_E_2.webp,2,Knock Down Bed Bug & Flea Killer 100ml – Fenthion 35% EC,,,,
knock-down-bed-bug-flea-killer-250ml-fenthion-35-ec,Knock Down Bed Bug & Flea Killer 250ml – Fenthion 35% EC,"<p>Knock Down Bed Bug & Flea Killer 250ml is a Fenthion 35% EC insect-control formulation for managing bed bugs, fleas and other pests listed by the manufacturer. The 250ml pack is convenient for moderate pest-control requirements in approved areas. Read the product label carefully before use and observe all safety precautions.</p>",Win Bachat,Home & Garden > Lawn & Garden > Gardening,Gardening,"Gardening, MTS Gardening, Win Bachat, Pest Control, Bed Bug Control",true,Title,Default Title,MRT-WB-MTSGARDNING-101,280,shopify,deny,manual,554.62,721.00,TRUE,TRUE,,https://raw.githubusercontent.com/mrfantastic05678/shopify-products/main/public_images/winbachat/MRT-WB-MTSGARDNING-101_Knock_Down_Bed_Bug_Flea_Killer_250ml_Fenthion_35_E_1.webp,1,Knock Down Bed Bug & Flea Killer 250ml – Fenthion 35% EC,FALSE,Knock Down Bed Bug & Flea Killer 250ml – Fenthion 35% EC,Shop Knock Down Bed Bug & Flea Killer 250ml Fenthion 35% EC for targeted control of listed bed bugs and fleas. Use strictly according to label instructions.,active
knock-down-bed-bug-flea-killer-250ml-fenthion-35-ec,,,,,,,,,,,,,,,,,,,,https://raw.githubusercontent.com/mrfantastic05678/shopify-products/main/public_images/winbachat/MRT-WB-MTSGARDNING-101_Knock_Down_Bed_Bug_Flea_Killer_250ml_Fenthion_35_E_2.webp,2,Knock Down Bed Bug & Flea Killer 250ml – Fenthion 35% EC,,,,
knock-down-bed-bug-flea-killer-500ml-fenthion-35-ec,Knock Down Bed Bug & Flea Killer 500ml – Fenthion 35% EC,"<p>Knock Down Bed Bug & Flea Killer 500ml offers a larger quantity of Fenthion 35% EC concentrated pest-control formulation. It is intended for managing bed bugs, fleas and other pests specifically listed on the product label. Suitable for larger treatment requirements in approved areas. Always follow manufacturer directions and safety precautions.</p>",Win Bachat,Home & Garden > Lawn & Garden > Gardening,Gardening,"Gardening, MTS Gardening, Win Bachat, Pest Control, Bed Bug Control",true,Title,Default Title,MRT-WB-MTSGARDNING-102,560,shopify,deny,manual,1109.25,1442.00,TRUE,TRUE,,https://raw.githubusercontent.com/mrfantastic05678/shopify-products/main/public_images/winbachat/MRT-WB-MTSGARDNING-102_Knock_Down_Bed_Bug_Flea_Killer_500ml_Fenthion_35_E_1.webp,1,Knock Down Bed Bug & Flea Killer 500ml – Fenthion 35% EC,FALSE,Knock Down Bed Bug & Flea Killer 500ml – Fenthion 35% EC,Buy Knock Down Bed Bug & Flea Killer 500ml with Fenthion 35% EC for listed bed bug and flea control. Larger pack for approved pest-control applications.,active
knock-down-bed-bug-flea-killer-500ml-fenthion-35-ec,,,,,,,,,,,,,,,,,,,,https://raw.githubusercontent.com/mrfantastic05678/shopify-products/main/public_images/winbachat/MRT-WB-MTSGARDNING-102_Knock_Down_Bed_Bug_Flea_Killer_500ml_Fenthion_35_E_2.webp,2,Knock Down Bed Bug & Flea Killer 500ml – Fenthion 35% EC,,,,
knock-down-bed-bug-flea-killer-1000ml-fenthion-35-ec,Knock Down Bed Bug & Flea Killer 1000ml – Fenthion 35% EC,"<p>Knock Down Bed Bug & Flea Killer 1000ml is a concentrated Fenthion 35% EC pest-control formulation designed for the control of bed bugs and fleas. The 1-liter pack is suitable for larger pest-control requirements in approved areas. Always follow the product label for dilution, application, handling and safety precautions.</p>",Win Bachat,Home & Garden > Lawn & Garden > Gardening,Gardening,"Gardening, MTS Gardening, Win Bachat, Pest Control, Bed Bug Control",true,Title,Default Title,MRT-WB-MTSGARDNING-103,1080,shopify,deny,manual,1972.00,2564.00,TRUE,TRUE,,https://raw.githubusercontent.com/mrfantastic05678/shopify-products/main/public_images/winbachat/MRT-WB-MTSGARDNING-103_Knock_Down_Bed_Bug_Flea_Killer_1000ml_Fenthion_35__1.webp,1,Knock Down Bed Bug & Flea Killer 1000ml – Fenthion 35% EC,FALSE,Knock Down Bed Bug & Flea Killer 1L – Fenthion 35% EC,Buy Knock Down Bed Bug & Flea Killer 1L with Fenthion 35% EC for effective control of bed bugs and fleas. Ideal for larger pest-control requirements.,active
knock-down-bed-bug-flea-killer-1000ml-fenthion-35-ec,,,,,,,,,,,,,,,,,,,,https://raw.githubusercontent.com/mrfantastic05678/shopify-products/main/public_images/winbachat/MRT-WB-MTSGARDNING-103_Knock_Down_Bed_Bug_Flea_Killer_1000ml_Fenthion_35__2.webp,2,Knock Down Bed Bug & Flea Killer 1000ml – Fenthion 35% EC,,,,
dark-knight-bed-bug-killer-powder-100g,Dark Knight Bed Bug Killer Powder 100g,"<p>Dark Knight Bed Bug Killer Powder 100g is a home pest-control powder formulated for controlling bed bugs and other pests listed on the packaging. Its powder format makes it convenient for targeted treatment of appropriate cracks, crevices and other approved areas. Use strictly according to label instructions and keep out of reach of children.</p>",Win Bachat,Home & Garden > Lawn & Garden > Gardening,Gardening,"Gardening, MTS Gardening, Win Bachat, Pest Control, Bed Bug Control",true,Title,Default Title,MRT-WB-MTSGARDNING-104,130,shopify,deny,manual,3451.00,4486.00,TRUE,TRUE,,https://raw.githubusercontent.com/mrfantastic05678/shopify-products/main/public_images/winbachat/MRT-WB-MTSGARDNING-104_Dark_Knight_Bed_Bug_Killer_Powder_100g_1.webp,1,Dark Knight Bed Bug Killer Powder 100g,FALSE,Dark Knight Bed Bug Killer Powder 100g – Pest Control,Shop Dark Knight Bed Bug Killer Powder 100g for targeted control of bed bugs and other listed household pests. Convenient powder formulation for home pest control.,active
dark-knight-bed-bug-killer-powder-100g,,,,,,,,,,,,,,,,,,,,https://raw.githubusercontent.com/mrfantastic05678/shopify-products/main/public_images/winbachat/MRT-WB-MTSGARDNING-104_Dark_Knight_Bed_Bug_Killer_Powder_100g_2.webp,2,Dark Knight Bed Bug Killer Powder 100g,,,,
dark-knight-bed-bug-killer-powder-100g,,,,,,,,,,,,,,,,,,,,https://raw.githubusercontent.com/mrfantastic05678/shopify-products/main/public_images/winbachat/MRT-WB-MTSGARDNING-104_Dark_Knight_Bed_Bug_Killer_Powder_100g_3.webp,3,Dark Knight Bed Bug Killer Powder 100g,,,,
dark-knight-bed-bug-killer-powder-100g,,,,,,,,,,,,,,,,,,,,https://raw.githubusercontent.com/mrfantastic05678/shopify-products/main/public_images/winbachat/MRT-WB-MTSGARDNING-104_Dark_Knight_Bed_Bug_Killer_Powder_100g_4.webp,4,Dark Knight Bed Bug Killer Powder 100g,,,,
rat-out-brodifacoum-005-pellet-rodenticide-rat-mouse-killer,Rat Out Brodifacoum 0.05% Pellet Rodenticide – Rat & Mouse Killer,"<p>Rat Out is a ready-to-use pellet rodenticide containing Brodifacoum 0.05%, formulated for controlling rats and mice in approved locations. The bait can be placed according to label directions in areas showing rodent activity. As this product is poisonous, it must be handled carefully and kept securely away from children, pets and non-target animals.</p>",Win Bachat,Home & Garden > Lawn & Garden > Gardening,Gardening,"Gardening, MTS Gardening, Win Bachat, Pest Control, Rodent Control",true,Title,Default Title,MRT-WB-MTSGARDNING-105,130,shopify,deny,manual,1047.62,1362.00,TRUE,TRUE,,https://raw.githubusercontent.com/mrfantastic05678/shopify-products/main/public_images/winbachat/MRT-WB-MTSGARDNING-105_Rat_Out_Brodifacoum_005_Pellet_Rodenticide_Rat_Mou_1.webp,1,Rat Out Brodifacoum 0.05% Pellet Rodenticide – Rat & Mouse Killer,FALSE,Rat Out Brodifacoum 0.05% Pellet – Rat & Mouse Killer,Buy Rat Out Brodifacoum 0.05% pellet rodenticide for control of rats and mice in approved areas. Ready-to-use rodent bait; follow all label precautions.,active
rat-out-brodifacoum-005-pellet-rodenticide-rat-mouse-killer,,,,,,,,,,,,,,,,,,,,https://raw.githubusercontent.com/mrfantastic05678/shopify-products/main/public_images/winbachat/MRT-WB-MTSGARDNING-105_Rat_Out_Brodifacoum_005_Pellet_Rodenticide_Rat_Mou_2.webp,2,Rat Out Brodifacoum 0.05% Pellet Rodenticide – Rat & Mouse Killer,,,,
rat-out-brodifacoum-005-pellet-rodenticide-rat-mouse-killer,,,,,,,,,,,,,,,,,,,,https://raw.githubusercontent.com/mrfantastic05678/shopify-products/main/public_images/winbachat/MRT-WB-MTSGARDNING-105_Rat_Out_Brodifacoum_005_Pellet_Rodenticide_Rat_Mou_3.webp,3,Rat Out Brodifacoum 0.05% Pellet Rodenticide – Rat & Mouse Killer,,,,
musal-rat-killer-bromadiolone-rodent-poison,Musal Rat Killer – Bromadiolone Rodent Poison,"<p>Musal Rat Killer is a rodent-control bait containing Bromadiolone, designed for controlling rats in approved residential, commercial and other suitable locations. It provides a convenient bait-based approach to rodent management when used exactly as directed. Keep the product inaccessible to children, pets, wildlife and other non-target animals.</p>",Win Bachat,Home & Garden > Lawn & Garden > Gardening,Gardening,"Gardening, MTS Gardening, Win Bachat, Pest Control, Rodent Control",true,Title,Default Title,MRT-WB-MTSGARDNING-106,130,shopify,deny,manual,245.27,319.00,TRUE,TRUE,,https://raw.githubusercontent.com/mrfantastic05678/shopify-products/main/public_images/winbachat/MRT-WB-MTSGARDNING-106_Musal_Rat_Killer_Bromadiolone_Rodent_Poison_1.webp,1,Musal Rat Killer – Bromadiolone Rodent Poison,FALSE,Musal Rat Killer – Bromadiolone Rodent Control Bait,Shop Musal Rat Killer with Bromadiolone for effective rodent management in approved areas. Convenient rat-control bait for residential and commercial use.,active
musal-rat-killer-bromadiolone-rodent-poison,,,,,,,,,,,,,,,,,,,,https://raw.githubusercontent.com/mrfantastic05678/shopify-products/main/public_images/winbachat/MRT-WB-MTSGARDNING-106_Musal_Rat_Killer_Bromadiolone_Rodent_Poison_2.webp,2,Musal Rat Killer – Bromadiolone Rodent Poison,,,,
musal-rat-killer-bromadiolone-rodent-poison,,,,,,,,,,,,,,,,,,,,https://raw.githubusercontent.com/mrfantastic05678/shopify-products/main/public_images/winbachat/MRT-WB-MTSGARDNING-106_Musal_Rat_Killer_Bromadiolone_Rodent_Poison_3.webp,3,Musal Rat Killer – Bromadiolone Rodent Poison,,,,
zinc-phosphide-rat-control-powder-100g,Zinc Phosphide Rat Control Powder 100g,"<p>Zinc Phosphide Rat Control Powder 100g is a highly toxic rodent-control product intended for professional or otherwise legally permitted applications. It is designed for managing rat and mouse infestations when prepared and deployed strictly according to the registered product label. Extreme care is required to prevent exposure to people, pets and non-target animals.</p>",Win Bachat,Home & Garden > Lawn & Garden > Gardening,Gardening,"Gardening, MTS Gardening, Win Bachat, Pest Control, Rodent Control",true,Title,Default Title,MRT-WB-MTSGARDNING-107,130,shopify,deny,manual,184.88,240.00,TRUE,TRUE,,https://raw.githubusercontent.com/mrfantastic05678/shopify-products/main/public_images/winbachat/MRT-WB-MTSGARDNING-107_Zinc_Phosphide_Rat_Control_Powder_100g_1.webp,1,Zinc Phosphide Rat Control Powder 100g,FALSE,Zinc Phosphide Rat Control Powder 100g – Rodent Control,Zinc Phosphide Rat Control Powder 100g for legally permitted rodent-control applications. Highly toxic product requiring strict adherence to label and safety directions.,active
zinc-phosphide-rat-control-powder-100g,,,,,,,,,,,,,,,,,,,,https://raw.githubusercontent.com/mrfantastic05678/shopify-products/main/public_images/winbachat/MRT-WB-MTSGARDNING-107_Zinc_Phosphide_Rat_Control_Powder_100g_2.webp,2,Zinc Phosphide Rat Control Powder 100g,,,,
zinc-phosphide-rat-control-powder-100g,,,,,,,,,,,,,,,,,,,,https://raw.githubusercontent.com/mrfantastic05678/shopify-products/main/public_images/winbachat/MRT-WB-MTSGARDNING-107_Zinc_Phosphide_Rat_Control_Powder_100g_3.webp,3,Zinc Phosphide Rat Control Powder 100g,,,,
pasban-mouse-rat-glue-board-pack-of-3,Pasban Mouse & Rat Glue Board – Pack of 3,"<p>Pasban Mouse & Rat Glue Boards provide a simple, ready-to-use method for monitoring and capturing rodents without the use of rodenticide bait. This pack contains three adhesive boards suitable for placement along walls and other areas where rodent activity has been observed. Position responsibly and check traps frequently.</p>",Win Bachat,Home & Garden > Lawn & Garden > Gardening,Gardening,"Gardening, MTS Gardening, Win Bachat, Pest Control, Rodent Control",true,Title,Default Title,MRT-WB-MTSGARDNING-108,250,shopify,deny,manual,1047.62,1362.00,TRUE,TRUE,,https://raw.githubusercontent.com/mrfantastic05678/shopify-products/main/public_images/winbachat/MRT-WB-MTSGARDNING-108_Pasban_Mouse_Rat_Glue_Board_Pack_of_3_1.webp,1,Pasban Mouse & Rat Glue Board – Pack of 3,FALSE,Pasban Mouse & Rat Glue Board – Pack of 3 Rodent Traps,Shop Pasban Mouse & Rat Glue Board Pack of 3 for convenient rodent monitoring and capture. Ready-to-use adhesive traps for suitable indoor locations.,active
pasban-mouse-rat-glue-board-pack-of-3,,,,,,,,,,,,,,,,,,,,https://raw.githubusercontent.com/mrfantastic05678/shopify-products/main/public_images/winbachat/MRT-WB-MTSGARDNING-108_Pasban_Mouse_Rat_Glue_Board_Pack_of_3_2.webp,2,Pasban Mouse & Rat Glue Board – Pack of 3,,,,
pasban-mouse-rat-glue-board-pack-of-5,Pasban Mouse & Rat Glue Board – Pack of 5,"<p>Pasban Mouse & Rat Glue Board Pack of 5 provides multiple ready-to-use adhesive traps for rodent monitoring and capture. The larger pack allows placement at several points where mouse or rat activity has been detected. No rodenticide bait is required. Place responsibly, keep away from children and pets, and inspect regularly.</p>",Win Bachat,Home & Garden > Lawn & Garden > Gardening,Gardening,"Gardening, MTS Gardening, Win Bachat, Pest Control, Rodent Control",true,Title,Default Title,MRT-WB-MTSGARDNING-109,400,shopify,deny,manual,332.77,433.00,TRUE,TRUE,,https://raw.githubusercontent.com/mrfantastic05678/shopify-products/main/public_images/winbachat/MRT-WB-MTSGARDNING-109_Pasban_Mouse_Rat_Glue_Board_Pack_of_5_1.webp,1,Pasban Mouse & Rat Glue Board – Pack of 5,FALSE,Pasban Mouse & Rat Glue Board – Pack of 5 Rodent Traps,Buy Pasban Mouse & Rat Glue Board Pack of 5 for convenient rodent monitoring and capture. Ready-to-use adhesive boards for multiple indoor locations.,active
pasban-mouse-rat-glue-board-pack-of-5,,,,,,,,,,,,,,,,,,,,https://raw.githubusercontent.com/mrfantastic05678/shopify-products/main/public_images/winbachat/MRT-WB-MTSGARDNING-109_Pasban_Mouse_Rat_Glue_Board_Pack_of_5_2.webp,2,Pasban Mouse & Rat Glue Board – Pack of 5,,,,
stop-non-poisonous-mouse-rat-glue-135g,STOP Non-Poisonous Mouse & Rat Glue 135g,"<p>STOP Non-Poisonous Glue is a 135g adhesive pest-control product designed for preparing sticky traps for mice, rats and other pests where appropriate. Its non-poisonous adhesive formulation provides an alternative to chemical rodenticide baits. Apply and position traps according to the package instructions and away from children and pets.</p>",Win Bachat,Home & Garden > Lawn & Garden > Gardening,Gardening,"Gardening, MTS Gardening, Win Bachat, Pest Control, Rodent Control",true,Title,Default Title,MRT-WB-MTSGARDNING-110,180,shopify,deny,manual,491.77,639.00,TRUE,TRUE,,https://raw.githubusercontent.com/mrfantastic05678/shopify-products/main/public_images/winbachat/MRT-WB-MTSGARDNING-110_STOP_Non_Poisonous_Mouse_Rat_Glue_135g_1.webp,1,STOP Non-Poisonous Mouse & Rat Glue 135g,FALSE,STOP Non-Poisonous Mouse & Rat Glue 135g – Rodent Trap,Shop STOP Non-Poisonous Mouse & Rat Glue 135g for preparing adhesive rodent traps. A convenient non-rodenticide option for mouse and rat control.,active
stop-non-poisonous-mouse-rat-glue-135g,,,,,,,,,,,,,,,,,,,,https://raw.githubusercontent.com/mrfantastic05678/shopify-products/main/public_images/winbachat/MRT-WB-MTSGARDNING-110_STOP_Non_Poisonous_Mouse_Rat_Glue_135g_2.webp,2,STOP Non-Poisonous Mouse & Rat Glue 135g,,,,
stop-non-poisonous-mouse-rat-glue-135g,,,,,,,,,,,,,,,,,,,,https://raw.githubusercontent.com/mrfantastic05678/shopify-products/main/public_images/winbachat/MRT-WB-MTSGARDNING-110_STOP_Non_Poisonous_Mouse_Rat_Glue_135g_3.webp,3,STOP Non-Poisonous Mouse & Rat Glue 135g,,,,
catchmaster-max-catch-mouse-insect-glue-trap-pack-of-1,Catchmaster Max-Catch Mouse & Insect Glue Trap – Pack of 1,<p>Catchmaster Max-Catch is a ready-to-use adhesive trap designed to capture mice and crawling insects without the need for rodenticide bait. Its sticky surface makes it suitable for monitoring and pest capture in appropriate indoor locations. Position along pest travel paths and keep the trap away from children and non-target animals.</p>,Win Bachat,Home & Garden > Lawn & Garden > Gardening,Gardening,"Gardening, MTS Gardening, Win Bachat, Pest Control, Rodent Control",true,Title,Default Title,MRT-WB-MTSGARDNING-111,120,shopify,deny,manual,554.62,721.00,TRUE,TRUE,,https://raw.githubusercontent.com/mrfantastic05678/shopify-products/main/public_images/winbachat/MRT-WB-MTSGARDNING-111_Catchmaster_Max_Catch_Mouse_Insect_Glue_Trap_Pack__1.webp,1,Catchmaster Max-Catch Mouse & Insect Glue Trap – Pack of 1,FALSE,Catchmaster Max-Catch Mouse & Insect Glue Trap – Pack of 1,Buy Catchmaster Max-Catch glue trap for capturing mice and crawling insects. Ready-to-use sticky pest-control board for suitable indoor applications.,active
catchmaster-max-catch-mouse-insect-glue-trap-pack-of-1,,,,,,,,,,,,,,,,,,,,https://raw.githubusercontent.com/mrfantastic05678/shopify-products/main/public_images/winbachat/MRT-WB-MTSGARDNING-111_Catchmaster_Max_Catch_Mouse_Insect_Glue_Trap_Pack__2.webp,2,Catchmaster Max-Catch Mouse & Insect Glue Trap – Pack of 1,,,,
catchmaster-max-catch-mouse-insect-glue-trap-pack-of-1,,,,,,,,,,,,,,,,,,,,https://raw.githubusercontent.com/mrfantastic05678/shopify-products/main/public_images/winbachat/MRT-WB-MTSGARDNING-111_Catchmaster_Max_Catch_Mouse_Insect_Glue_Trap_Pack__3.webp,3,Catchmaster Max-Catch Mouse & Insect Glue Trap – Pack of 1,,,,
baitbite-rat-wheat-bait-500g-rodent-control-bait,BAITBITE Rat Wheat Bait 500g – Rodent Control Bait,"<p>BAITBITE Rat Wheat Bait 500g is a ready-to-use rodent-control bait formulated for managing rats and mice in approved areas. The wheat-based bait format allows convenient placement at suitable baiting points where rodent activity is present. Use only according to label directions and protect children, pets, wildlife and other non-target animals from access.</p>",Win Bachat,Home & Garden > Lawn & Garden > Gardening,Gardening,"Gardening, MTS Gardening, Win Bachat, Pest Control, Rodent Control",true,Title,Default Title,MRT-WB-MTSGARDNING-112,550,shopify,deny,manual,431.38,561.00,TRUE,TRUE,,https://raw.githubusercontent.com/mrfantastic05678/shopify-products/main/public_images/winbachat/MRT-WB-MTSGARDNING-112_BAITBITE_Rat_Wheat_Bait_500g_Rodent_Control_Bait_1.webp,1,BAITBITE Rat Wheat Bait 500g – Rodent Control Bait,FALSE,BAITBITE Rat Wheat Bait 500g – Rat & Mouse Control,Shop BAITBITE Rat Wheat Bait 500g for effective rat and mouse management in approved areas. Ready-to-use rodent bait for targeted pest-control applications.,active
baitbite-rat-wheat-bait-500g-rodent-control-bait,,,,,,,,,,,,,,,,,,,,https://raw.githubusercontent.com/mrfantastic05678/shopify-products/main/public_images/winbachat/MRT-WB-MTSGARDNING-112_BAITBITE_Rat_Wheat_Bait_500g_Rodent_Control_Bait_2.webp,2,BAITBITE Rat Wheat Bait 500g – Rodent Control Bait,,,,
baitbite-rat-wheat-bait-500g-rodent-control-bait,,,,,,,,,,,,,,,,,,,,https://raw.githubusercontent.com/mrfantastic05678/shopify-products/main/public_images/winbachat/MRT-WB-MTSGARDNING-112_BAITBITE_Rat_Wheat_Bait_500g_Rodent_Control_Bait_3.webp,3,BAITBITE Rat Wheat Bait 500g – Rodent Control Bait,,,,
knock-down-bed-bug-flea-killer-100ml-fenthion-35-ec-general-insects,Knock Down Bed Bug & Flea Killer 100ml – Fenthion 35% EC,"<p>Knock Down Bed Bug & Flea Killer 100ml is a concentrated Fenthion 35% EC pest-control formulation intended for controlling bed bugs, fleas and other pests specifically listed on its label. The compact size is suitable for smaller treatment requirements. Use only in approved locations and strictly follow all manufacturer application, handling and safety instructions.</p>",Win Bachat,Home & Garden > Lawn & Garden > Gardening,Gardening,"Gardening, MTS Gardening, Win Bachat, Pest Control, General Insects",false,Title,Default Title,MRT-WB-MTSGARDNING-113,200,shopify,deny,manual,1047.62,1362.00,TRUE,TRUE,,https://raw.githubusercontent.com/mrfantastic05678/shopify-products/main/public_images/winbachat/MRT-WB-MTSGARDNING-113_Knock_Down_Bed_Bug_Flea_Killer_100ml_Fenthion_35_E_1.webp,1,Knock Down Bed Bug & Flea Killer 100ml – Fenthion 35% EC,FALSE,Knock Down Bed Bug & Flea Killer 100ml – Fenthion 35% EC,Buy Knock Down Bed Bug & Flea Killer 100ml with Fenthion 35% EC for control of listed bed bugs and fleas. Concentrated pest-control formulation.,draft
knock-down-bed-bug-flea-killer-100ml-fenthion-35-ec-general-insects,,,,,,,,,,,,,,,,,,,,https://raw.githubusercontent.com/mrfantastic05678/shopify-products/main/public_images/winbachat/MRT-WB-MTSGARDNING-113_Knock_Down_Bed_Bug_Flea_Killer_100ml_Fenthion_35_E_2.webp,2,Knock Down Bed Bug & Flea Killer 100ml – Fenthion 35% EC,,,,
knock-down-bed-bug-flea-killer-250ml-fenthion-35-ec-general-insects,Knock Down Bed Bug & Flea Killer 250ml – Fenthion 35% EC,"<p>Knock Down Bed Bug & Flea Killer 250ml is a Fenthion 35% EC insect-control formulation for managing bed bugs, fleas and other pests listed by the manufacturer. The 250ml pack is convenient for moderate pest-control requirements in approved areas. Read the product label carefully before use and observe all safety precautions.</p>",Win Bachat,Home & Garden > Lawn & Garden > Gardening,Gardening,"Gardening, MTS Gardening, Win Bachat, Pest Control, General Insects",false,Title,Default Title,MRT-WB-MTSGARDNING-114,300,shopify,deny,manual,554.62,721.00,TRUE,TRUE,,https://raw.githubusercontent.com/mrfantastic05678/shopify-products/main/public_images/winbachat/MRT-WB-MTSGARDNING-114_Knock_Down_Bed_Bug_Flea_Killer_250ml_Fenthion_35_E_1.webp,1,Knock Down Bed Bug & Flea Killer 250ml – Fenthion 35% EC,FALSE,Knock Down Bed Bug & Flea Killer 250ml – Fenthion 35% EC,Shop Knock Down Bed Bug & Flea Killer 250ml Fenthion 35% EC for targeted control of listed bed bugs and fleas. Use strictly according to label instructions.,draft
knock-down-bed-bug-flea-killer-250ml-fenthion-35-ec-general-insects,,,,,,,,,,,,,,,,,,,,https://raw.githubusercontent.com/mrfantastic05678/shopify-products/main/public_images/winbachat/MRT-WB-MTSGARDNING-114_Knock_Down_Bed_Bug_Flea_Killer_250ml_Fenthion_35_E_2.webp,2,Knock Down Bed Bug & Flea Killer 250ml – Fenthion 35% EC,,,,
knock-down-bed-bug-flea-killer-500ml-fenthion-35-ec-general-insects,Knock Down Bed Bug & Flea Killer 500ml – Fenthion 35% EC,"<p>Knock Down Bed Bug & Flea Killer 500ml offers a larger quantity of Fenthion 35% EC concentrated pest-control formulation. It is intended for managing bed bugs, fleas and other pests specifically listed on the product label. Suitable for larger treatment requirements in approved areas. Always follow manufacturer directions and safety precautions.</p>",Win Bachat,Home & Garden > Lawn & Garden > Gardening,Gardening,"Gardening, MTS Gardening, Win Bachat, Pest Control, General Insects",false,Title,Default Title,MRT-WB-MTSGARDNING-115,560,shopify,deny,manual,1109.25,1442.00,TRUE,TRUE,,https://raw.githubusercontent.com/mrfantastic05678/shopify-products/main/public_images/winbachat/MRT-WB-MTSGARDNING-115_Knock_Down_Bed_Bug_Flea_Killer_500ml_Fenthion_35_E_1.webp,1,Knock Down Bed Bug & Flea Killer 500ml – Fenthion 35% EC,FALSE,Knock Down Bed Bug & Flea Killer 500ml – Fenthion 35% EC,Buy Knock Down Bed Bug & Flea Killer 500ml with Fenthion 35% EC for listed bed bug and flea control. Larger pack for approved pest-control applications.,draft
knock-down-bed-bug-flea-killer-500ml-fenthion-35-ec-general-insects,,,,,,,,,,,,,,,,,,,,https://raw.githubusercontent.com/mrfantastic05678/shopify-products/main/public_images/winbachat/MRT-WB-MTSGARDNING-115_Knock_Down_Bed_Bug_Flea_Killer_500ml_Fenthion_35_E_2.webp,2,Knock Down Bed Bug & Flea Killer 500ml – Fenthion 35% EC,,,,
knock-down-bed-bug-flea-killer-1000ml-fenthion-35-ec-general-insects,Knock Down Bed Bug & Flea Killer 1000ml – Fenthion 35% EC,"<p>Knock Down Bed Bug & Flea Killer 1000ml is a concentrated Fenthion 35% EC pest-control formulation designed for the control of bed bugs and fleas. The 1-liter pack is suitable for larger pest-control requirements in approved areas. Always follow the product label for dilution, application, handling and safety precautions.</p>",Win Bachat,Home & Garden > Lawn & Garden > Gardening,Gardening,"Gardening, MTS Gardening, Win Bachat, Pest Control, General Insects",false,Title,Default Title,MRT-WB-MTSGARDNING-116,1050,shopify,deny,manual,1972.00,2564.00,TRUE,TRUE,,https://raw.githubusercontent.com/mrfantastic05678/shopify-products/main/public_images/winbachat/MRT-WB-MTSGARDNING-116_Knock_Down_Bed_Bug_Flea_Killer_1000ml_Fenthion_35__1.webp,1,Knock Down Bed Bug & Flea Killer 1000ml – Fenthion 35% EC,FALSE,Knock Down Bed Bug & Flea Killer 1L – Fenthion 35% EC,Buy Knock Down Bed Bug & Flea Killer 1L with Fenthion 35% EC for effective control of bed bugs and fleas. Ideal for larger pest-control requirements.,draft
knock-down-bed-bug-flea-killer-1000ml-fenthion-35-ec-general-insects,,,,,,,,,,,,,,,,,,,,https://raw.githubusercontent.com/mrfantastic05678/shopify-products/main/public_images/winbachat/MRT-WB-MTSGARDNING-116_Knock_Down_Bed_Bug_Flea_Killer_1000ml_Fenthion_35__2.webp,2,Knock Down Bed Bug & Flea Killer 1000ml – Fenthion 35% EC,,,,
malathion-insect-killer-100ml-garden-household-pest-control,Malathion Insect Killer 100ml – Garden & Household Pest Control,"<p>Malathion Insect Killer 100ml is a compact pest-control solution intended for controlling flies, mosquitoes and listed garden insects. Suitable for household and plant-related pest-control applications where permitted. Its smaller 100ml size is convenient for occasional or limited-area use. Always dilute and apply strictly according to the product label and observe all safety precautions.</p>",Win Bachat,Home & Garden > Lawn & Garden > Gardening,Gardening,"Gardening, MTS Gardening, Win Bachat, Pest Control, General Insects",true,Title,Default Title,MRT-WB-MTSGARDNING-117,100,shopify,deny,manual,3451.00,4486.00,TRUE,TRUE,,https://raw.githubusercontent.com/mrfantastic05678/shopify-products/main/public_images/winbachat/MRT-WB-MTSGARDNING-117_Malathion_Insect_Killer_100ml_Garden_Household_Pes_1.webp,1,Malathion Insect Killer 100ml – Garden & Household Pest Control,FALSE,Malathion Insect Killer 100ml – Garden Pest Control,"Buy Malathion Insect Killer 100ml for controlling flies, mosquitoes and listed garden insects. Compact pest-control solution for household and plant use.",active
malathion-insect-killer-100ml-garden-household-pest-control,,,,,,,,,,,,,,,,,,,,https://raw.githubusercontent.com/mrfantastic05678/shopify-products/main/public_images/winbachat/MRT-WB-MTSGARDNING-117_Malathion_Insect_Killer_100ml_Garden_Household_Pes_2.webp,2,Malathion Insect Killer 100ml – Garden & Household Pest Control,,,,
malathion-insect-killer-250ml-garden-household-pest-control,Malathion Insect Killer 250ml – Garden & Household Pest Control,"<p>Malathion Insect Killer 250ml is formulated for managing flies, mosquitoes and various listed insects affecting plants and garden areas. The practical 250ml pack is suitable for routine household and gardening pest-control needs. Use only for applications stated on the product label, following the recommended dilution, application and safety instructions.</p>",Win Bachat,Home & Garden > Lawn & Garden > Gardening,Gardening,"Gardening, MTS Gardening, Win Bachat, Pest Control, General Insects",true,Title,Default Title,MRT-WB-MTSGARDNING-118,250,shopify,deny,manual,554.62,721.00,TRUE,TRUE,,https://raw.githubusercontent.com/mrfantastic05678/shopify-products/main/public_images/winbachat/MRT-WB-MTSGARDNING-118_Malathion_Insect_Killer_250ml_Garden_Household_Pes_1.webp,1,Malathion Insect Killer 250ml – Garden & Household Pest Control,FALSE,Malathion Insect Killer 250ml – Flies & Garden Insects,"Shop Malathion Insect Killer 250ml for effective control of flies, mosquitoes and listed garden insects. Suitable for approved household and plant applications.",active
malathion-insect-killer-250ml-garden-household-pest-control,,,,,,,,,,,,,,,,,,,,https://raw.githubusercontent.com/mrfantastic05678/shopify-products/main/public_images/winbachat/MRT-WB-MTSGARDNING-118_Malathion_Insect_Killer_250ml_Garden_Household_Pes_2.webp,2,Malathion Insect Killer 250ml – Garden & Household Pest Control,,,,
malathion-insect-killer-500ml-household-garden-insect-control,Malathion Insect Killer 500ml – Household & Garden Insect Control,"<p>Malathion Insect Killer 500ml provides a convenient solution for controlling flies, mosquitoes and listed garden insects. Suitable for larger household, plant and garden pest-control requirements where its use is approved. The 500ml pack offers a practical quantity for regular applications. Read the product label carefully and follow all dilution, handling and safety directions.</p>",Win Bachat,Home & Garden > Lawn & Garden > Gardening,Gardening,"Gardening, MTS Gardening, Win Bachat, Pest Control, General Insects",true,Title,Default Title,MRT-WB-MTSGARDNING-119,500,shopify,deny,manual,1109.25,1442.00,TRUE,TRUE,,https://raw.githubusercontent.com/mrfantastic05678/shopify-products/main/public_images/winbachat/MRT-WB-MTSGARDNING-119_Malathion_Insect_Killer_500ml_Household_Garden_Ins_1.webp,1,Malathion Insect Killer 500ml – Household & Garden Insect Control,FALSE,Malathion Insect Killer 500ml – Garden & Mosquito Control,"Buy Malathion Insect Killer 500ml for controlling mosquitoes, flies and listed plant and garden insects. Practical size for regular pest-control applications.",active
malathion-insect-killer-500ml-household-garden-insect-control,,,,,,,,,,,,,,,,,,,,https://raw.githubusercontent.com/mrfantastic05678/shopify-products/main/public_images/winbachat/MRT-WB-MTSGARDNING-119_Malathion_Insect_Killer_500ml_Household_Garden_Ins_2.webp,2,Malathion Insect Killer 500ml – Household & Garden Insect Control,,,,
malathion-insect-killer-1000ml-garden-household-pest-control,Malathion Insect Killer 1000ml – Garden & Household Pest Control,"<p>Malathion Insect Killer 1000ml is a larger-volume insect-control product intended for flies, mosquitoes and listed garden pests. The 1-liter pack is suitable for more extensive household, plant and garden pest-control requirements where permitted. Apply only to approved areas and pests, following the product label for dilution rates, application methods and essential safety precautions.</p>",Win Bachat,Home & Garden > Lawn & Garden > Gardening,Gardening,"Gardening, MTS Gardening, Win Bachat, Pest Control, General Insects",true,Title,Default Title,MRT-WB-MTSGARDNING-120,1000,shopify,deny,manual,1972.00,2564.00,TRUE,TRUE,,https://raw.githubusercontent.com/mrfantastic05678/shopify-products/main/public_images/winbachat/MRT-WB-MTSGARDNING-120_Malathion_Insect_Killer_1000ml_Garden_Household_Pe_1.webp,1,Malathion Insect Killer 1000ml – Garden & Household Pest Control,FALSE,Malathion Insect Killer 1L – Household & Garden Pest Control,"Shop Malathion Insect Killer 1L for controlling flies, mosquitoes and listed garden pests. Larger pack for approved household, plant and garden applications.",active
malathion-insect-killer-1000ml-garden-household-pest-control,,,,,,,,,,,,,,,,,,,,https://raw.githubusercontent.com/mrfantastic05678/shopify-products/main/public_images/winbachat/MRT-WB-MTSGARDNING-120_Malathion_Insect_Killer_1000ml_Garden_Household_Pe_2.webp,2,Malathion Insect Killer 1000ml – Garden & Household Pest Control,,,,
one-shot-ddvp-ec-60-insect-control-solution-100ml-general-insects,One Shot DDVP EC 60 Insect Control Solution 100ml,"<p>One Shot DDVP EC 60 100ml is a concentrated insect-control product intended for management of listed pests in approved indoor and outdoor applications. The label identifies use against various insects. Because this is a concentrated pesticide, carefully follow all manufacturer dilution, application, protective-equipment and safety instructions.</p>",Win Bachat,Home & Garden > Lawn & Garden > Gardening,Gardening,"Gardening, MTS Gardening, Win Bachat, Pest Control, General Insects",false,Title,Default Title,MRT-WB-MTSGARDNING-121,100,shopify,deny,manual,3451.00,4486.00,TRUE,TRUE,,https://raw.githubusercontent.com/mrfantastic05678/shopify-products/main/public_images/winbachat/MRT-WB-MTSGARDNING-121_One_Shot_DDVP_EC_60_Insect_Control_Solution_100ml_1.webp,1,One Shot DDVP EC 60 Insect Control Solution 100ml,FALSE,One Shot DDVP EC 60 100ml – Insect Control Solution,Buy One Shot DDVP EC 60 100ml concentrated insect-control solution for listed pests. Use only as directed and follow all label and safety precautions.,draft
one-shot-ddvp-ec-60-insect-control-solution-100ml-general-insects,,,,,,,,,,,,,,,,,,,,https://raw.githubusercontent.com/mrfantastic05678/shopify-products/main/public_images/winbachat/MRT-WB-MTSGARDNING-121_One_Shot_DDVP_EC_60_Insect_Control_Solution_100ml_2.webp,2,One Shot DDVP EC 60 Insect Control Solution 100ml,,,,
one-shot-ddvp-ec-60-insect-control-solution-100ml-general-insects,,,,,,,,,,,,,,,,,,,,https://raw.githubusercontent.com/mrfantastic05678/shopify-products/main/public_images/winbachat/MRT-WB-MTSGARDNING-121_One_Shot_DDVP_EC_60_Insect_Control_Solution_100ml_3.webp,3,One Shot DDVP EC 60 Insect Control Solution 100ml,,,,
one-shot-ddvp-ec-60-insect-control-solution-100ml-general-insects,,,,,,,,,,,,,,,,,,,,https://raw.githubusercontent.com/mrfantastic05678/shopify-products/main/public_images/winbachat/MRT-WB-MTSGARDNING-121_One_Shot_DDVP_EC_60_Insect_Control_Solution_100ml_4.webp,4,One Shot DDVP EC 60 Insect Control Solution 100ml,,,,
one-shot-ddvp-ec-60-insect-control-solution-250ml-general-insects,One Shot DDVP EC 60 Insect Control Solution 250ml,"<p>One Shot DDVP EC 60 250ml is a concentrated pest-control formulation designed for controlling listed insects in approved treatment areas. The 250ml size provides a practical option for larger pest-management requirements. Always follow the product label regarding dilution, application areas, protective equipment, ventilation and other safety requirements.</p>",Win Bachat,Home & Garden > Lawn & Garden > Gardening,Gardening,"Gardening, MTS Gardening, Win Bachat, Pest Control, General Insects",false,Title,Default Title,MRT-WB-MTSGARDNING-122,250,shopify,deny,manual,554.62,721.00,TRUE,TRUE,,https://raw.githubusercontent.com/mrfantastic05678/shopify-products/main/public_images/winbachat/MRT-WB-MTSGARDNING-122_One_Shot_DDVP_EC_60_Insect_Control_Solution_250ml_1.webp,1,One Shot DDVP EC 60 Insect Control Solution 250ml,FALSE,One Shot DDVP EC 60 250ml – Insect Control Solution,"Shop One Shot DDVP EC 60 250ml concentrated insect-control solution for listed pests. Follow manufacturer directions, dilution guidance and safety precautions.",draft
one-shot-ddvp-ec-60-insect-control-solution-250ml-general-insects,,,,,,,,,,,,,,,,,,,,https://raw.githubusercontent.com/mrfantastic05678/shopify-products/main/public_images/winbachat/MRT-WB-MTSGARDNING-122_One_Shot_DDVP_EC_60_Insect_Control_Solution_250ml_2.webp,2,One Shot DDVP EC 60 Insect Control Solution 250ml,,,,
one-shot-ddvp-ec-60-insect-control-solution-250ml-general-insects,,,,,,,,,,,,,,,,,,,,https://raw.githubusercontent.com/mrfantastic05678/shopify-products/main/public_images/winbachat/MRT-WB-MTSGARDNING-122_One_Shot_DDVP_EC_60_Insect_Control_Solution_250ml_3.webp,3,One Shot DDVP EC 60 Insect Control Solution 250ml,,,,
one-shot-ddvp-ec-60-insect-control-solution-250ml-general-insects,,,,,,,,,,,,,,,,,,,,https://raw.githubusercontent.com/mrfantastic05678/shopify-products/main/public_images/winbachat/MRT-WB-MTSGARDNING-122_One_Shot_DDVP_EC_60_Insect_Control_Solution_250ml_4.webp,4,One Shot DDVP EC 60 Insect Control Solution 250ml,,,,
one-shot-ddvp-ec-60-insect-control-solution-500ml-general-insects,One Shot DDVP EC 60 Insect Control Solution 500ml,"<p>One Shot DDVP EC 60 500ml provides a larger quantity of concentrated insect-control solution for managing listed pests in approved areas. Suitable for users requiring more product for pest-management applications. Read the complete product label before use and strictly follow dilution, application, protective-equipment and safety requirements.</p>",Win Bachat,Home & Garden > Lawn & Garden > Gardening,Gardening,"Gardening, MTS Gardening, Win Bachat, Pest Control, General Insects",false,Title,Default Title,MRT-WB-MTSGARDNING-123,500,shopify,deny,manual,1109.25,1442.00,TRUE,TRUE,,https://raw.githubusercontent.com/mrfantastic05678/shopify-products/main/public_images/winbachat/MRT-WB-MTSGARDNING-123_One_Shot_DDVP_EC_60_Insect_Control_Solution_500ml_1.webp,1,One Shot DDVP EC 60 Insect Control Solution 500ml,FALSE,One Shot DDVP EC 60 500ml – Pest Control Solution,Buy One Shot DDVP EC 60 500ml for control of listed insects in approved treatment areas. Concentrated formulation; always follow label and safety directions.,draft
one-shot-ddvp-ec-60-insect-control-solution-500ml-general-insects,,,,,,,,,,,,,,,,,,,,https://raw.githubusercontent.com/mrfantastic05678/shopify-products/main/public_images/winbachat/MRT-WB-MTSGARDNING-123_One_Shot_DDVP_EC_60_Insect_Control_Solution_500ml_2.webp,2,One Shot DDVP EC 60 Insect Control Solution 500ml,,,,
one-shot-ddvp-ec-60-insect-control-solution-500ml-general-insects,,,,,,,,,,,,,,,,,,,,https://raw.githubusercontent.com/mrfantastic05678/shopify-products/main/public_images/winbachat/MRT-WB-MTSGARDNING-123_One_Shot_DDVP_EC_60_Insect_Control_Solution_500ml_3.webp,3,One Shot DDVP EC 60 Insect Control Solution 500ml,,,,
one-shot-ddvp-ec-60-insect-control-solution-500ml-general-insects,,,,,,,,,,,,,,,,,,,,https://raw.githubusercontent.com/mrfantastic05678/shopify-products/main/public_images/winbachat/MRT-WB-MTSGARDNING-123_One_Shot_DDVP_EC_60_Insect_Control_Solution_500ml_4.webp,4,One Shot DDVP EC 60 Insect Control Solution 500ml,,,,
one-shot-ddvp-ec-60-insect-control-solution-1000ml-general-insects,One Shot DDVP EC 60 Insect Control Solution 1000ml,"<p>One Shot DDVP EC 60 1000ml is a larger pack of concentrated insect-control formulation for managing listed pests in approved indoor or outdoor areas. Designed for higher-volume pest-management requirements, it must be handled and applied strictly according to manufacturer instructions, including dilution, protective equipment and safety precautions.</p>",Win Bachat,Home & Garden > Lawn & Garden > Gardening,Gardening,"Gardening, MTS Gardening, Win Bachat, Pest Control, General Insects",false,Title,Default Title,MRT-WB-MTSGARDNING-124,1000,shopify,deny,manual,1972.00,2564.00,TRUE,TRUE,,https://raw.githubusercontent.com/mrfantastic05678/shopify-products/main/public_images/winbachat/MRT-WB-MTSGARDNING-124_One_Shot_DDVP_EC_60_Insect_Control_Solution_1000ml_1.webp,1,One Shot DDVP EC 60 Insect Control Solution 1000ml,FALSE,One Shot DDVP EC 60 1000ml – Insect Control Solution,Shop One Shot DDVP EC 60 1000ml concentrated insect-control solution for listed pests. Use only in approved areas and strictly follow label safety directions.,draft
one-shot-ddvp-ec-60-insect-control-solution-1000ml-general-insects,,,,,,,,,,,,,,,,,,,,https://raw.githubusercontent.com/mrfantastic05678/shopify-products/main/public_images/winbachat/MRT-WB-MTSGARDNING-124_One_Shot_DDVP_EC_60_Insect_Control_Solution_1000ml_2.webp,2,One Shot DDVP EC 60 Insect Control Solution 1000ml,,,,
one-shot-ddvp-ec-60-insect-control-solution-1000ml-general-insects,,,,,,,,,,,,,,,,,,,,https://raw.githubusercontent.com/mrfantastic05678/shopify-products/main/public_images/winbachat/MRT-WB-MTSGARDNING-124_One_Shot_DDVP_EC_60_Insect_Control_Solution_1000ml_3.webp,3,One Shot DDVP EC 60 Insect Control Solution 1000ml,,,,
one-shot-ddvp-ec-60-insect-control-solution-1000ml-general-insects,,,,,,,,,,,,,,,,,,,,https://raw.githubusercontent.com/mrfantastic05678/shopify-products/main/public_images/winbachat/MRT-WB-MTSGARDNING-124_One_Shot_DDVP_EC_60_Insect_Control_Solution_1000ml_4.webp,4,One Shot DDVP EC 60 Insect Control Solution 1000ml,,,,
zero-in-turbo-stream-permethrin-25-ec-pest-control-100ml-general-insects,Zero In Turbo Stream Permethrin 2.5 EC Pest Control 100ml,"<p>Zero In Turbo Stream 100ml is a Permethrin 2.5 EC pest-control formulation designed to manage listed household pests. The packaging identifies pests including cockroaches, mosquitoes, ticks, ants, fleas and other listed insects. Its residual-action formulation is intended for approved applications according to label directions. Keep away from children and pets.</p>",Win Bachat,Home & Garden > Lawn & Garden > Gardening,Gardening,"Gardening, MTS Gardening, Win Bachat, Pest Control, General Insects",false,Title,Default Title,MRT-WB-MTSGARDNING-125,100,shopify,deny,manual,3451.00,4486.00,TRUE,TRUE,,https://raw.githubusercontent.com/mrfantastic05678/shopify-products/main/public_images/winbachat/MRT-WB-MTSGARDNING-125_Zero_In_Turbo_Stream_Permethrin_25_EC_Pest_Control_1.webp,1,Zero In Turbo Stream Permethrin 2.5 EC Pest Control 100ml,FALSE,Zero In Turbo Stream Permethrin 2.5 EC 100ml,Buy Zero In Turbo Stream 100ml with Permethrin 2.5 EC for control of listed household pests. Residual-action formulation for approved pest-control applications.,draft
zero-in-turbo-stream-permethrin-25-ec-pest-control-100ml-general-insects,,,,,,,,,,,,,,,,,,,,https://raw.githubusercontent.com/mrfantastic05678/shopify-products/main/public_images/winbachat/MRT-WB-MTSGARDNING-125_Zero_In_Turbo_Stream_Permethrin_25_EC_Pest_Control_2.webp,2,Zero In Turbo Stream Permethrin 2.5 EC Pest Control 100ml,,,,
zero-in-turbo-stream-permethrin-25-ec-pest-control-250ml-general-insects,Zero In Turbo Stream Permethrin 2.5 EC Pest Control 250ml,"<p>Zero In Turbo Stream 250ml is a Permethrin 2.5 EC insect-control product formulated for managing listed household pests such as cockroaches, mosquitoes, ticks, ants and fleas. The larger 250ml pack is suitable for broader treatment requirements where permitted. Always follow the product label, application instructions and safety precautions.</p>",Win Bachat,Home & Garden > Lawn & Garden > Gardening,Gardening,"Gardening, MTS Gardening, Win Bachat, Pest Control, General Insects",false,Title,Default Title,MRT-WB-MTSGARDNING-126,250,shopify,deny,manual,554.62,721.00,TRUE,TRUE,,https://raw.githubusercontent.com/mrfantastic05678/shopify-products/main/public_images/winbachat/MRT-WB-MTSGARDNING-126_Zero_In_Turbo_Stream_Permethrin_25_EC_Pest_Control_1.webp,1,Zero In Turbo Stream Permethrin 2.5 EC Pest Control 250ml,FALSE,Zero In Turbo Stream Permethrin 2.5 EC 250ml,"Shop Zero In Turbo Stream 250ml Permethrin 2.5 EC for control of listed household pests including cockroaches, mosquitoes, ticks, ants and fleas.",draft
zero-in-turbo-stream-permethrin-25-ec-pest-control-250ml-general-insects,,,,,,,,,,,,,,,,,,,,https://raw.githubusercontent.com/mrfantastic05678/shopify-products/main/public_images/winbachat/MRT-WB-MTSGARDNING-126_Zero_In_Turbo_Stream_Permethrin_25_EC_Pest_Control_2.webp,2,Zero In Turbo Stream Permethrin 2.5 EC Pest Control 250ml,,,,
zero-in-turbo-stream-pest-control-500ml-permethrin-25-ec-general-insects,Zero In Turbo Stream Pest Control 500ml – Permethrin 2.5 EC,"<p>Zero In Turbo Stream 500ml is a Permethrin 2.5 EC pest-control formulation designed for controlling listed household pests. The label identifies cockroaches, mosquitoes, ticks, ants, fleas, spiders and other insects. Its residual-action formula makes it suitable for approved pest-control applications around the home. Always follow label directions and safety precautions.</p>",Win Bachat,Home & Garden > Lawn & Garden > Gardening,Gardening,"Gardening, MTS Gardening, Win Bachat, Pest Control, General Insects",false,Title,Default Title,MRT-WB-MTSGARDNING-127,500,shopify,deny,manual,1109.25,1442.00,TRUE,TRUE,,https://raw.githubusercontent.com/mrfantastic05678/shopify-products/main/public_images/winbachat/MRT-WB-MTSGARDNING-127_Zero_In_Turbo_Stream_Pest_Control_500ml_Permethrin_1.webp,1,Zero In Turbo Stream Pest Control 500ml – Permethrin 2.5 EC,FALSE,Zero In Turbo Stream Pest Control 500ml – Permethrin 2.5 EC,"Buy Zero In Turbo Stream 500ml with Permethrin 2.5 EC for effective control of listed cockroaches, mosquitoes, ticks, ants, fleas and other household pests.",draft
zero-in-turbo-stream-pest-control-500ml-permethrin-25-ec-general-insects,,,,,,,,,,,,,,,,,,,,https://raw.githubusercontent.com/mrfantastic05678/shopify-products/main/public_images/winbachat/MRT-WB-MTSGARDNING-127_Zero_In_Turbo_Stream_Pest_Control_500ml_Permethrin_2.webp,2,Zero In Turbo Stream Pest Control 500ml – Permethrin 2.5 EC,,,,
zero-in-turbo-stream-pest-control-1000ml-permethrin-25-ec-general-insects,Zero In Turbo Stream Pest Control 1000ml – Permethrin 2.5 EC,"<p>Zero In Turbo Stream 1000ml is a large-size Permethrin 2.5 EC insect-control solution for managing listed household pests. The residual-action formulation is intended for approved applications against cockroaches, mosquitoes, ticks, ants, fleas and other listed insects. Ideal for larger treatment requirements when used according to the product label.</p>",Win Bachat,Home & Garden > Lawn & Garden > Gardening,Gardening,"Gardening, MTS Gardening, Win Bachat, Pest Control, General Insects",false,Title,Default Title,MRT-WB-MTSGARDNING-128,1000,shopify,deny,manual,1972.00,2564.00,TRUE,TRUE,,https://raw.githubusercontent.com/mrfantastic05678/shopify-products/main/public_images/winbachat/MRT-WB-MTSGARDNING-128_Zero_In_Turbo_Stream_Pest_Control_1000ml_Permethri_1.webp,1,Zero In Turbo Stream Pest Control 1000ml – Permethrin 2.5 EC,FALSE,Zero In Turbo Stream Pest Control 1L – Permethrin 2.5 EC,"Shop Zero In Turbo Stream 1L Permethrin 2.5 EC pest-control solution for listed cockroaches, mosquitoes, ants, ticks, fleas and other household insects.",draft
zero-in-turbo-stream-pest-control-1000ml-permethrin-25-ec-general-insects,,,,,,,,,,,,,,,,,,,,https://raw.githubusercontent.com/mrfantastic05678/shopify-products/main/public_images/winbachat/MRT-WB-MTSGARDNING-128_Zero_In_Turbo_Stream_Pest_Control_1000ml_Permethri_2.webp,2,Zero In Turbo Stream Pest Control 1000ml – Permethrin 2.5 EC,,,,
dark-knight-cockroach-killer-100ml-v-p-80-ec-pest-control-general-insects,Dark Knight Cockroach Killer 100ml – V-P 80% EC Pest Control,"<p>Dark Knight Cockroach Killer 100ml is a concentrated V-P 80% EC home pest-control formulation. According to the label, it is intended for use against cockroaches and various other listed crawling and flying pests. The compact 100ml bottle is convenient for smaller pest-control requirements. Read the product label carefully and follow all application and safety instructions.</p>",Win Bachat,Home & Garden > Lawn & Garden > Gardening,Gardening,"Gardening, MTS Gardening, Win Bachat, Pest Control, General Insects",false,Title,Default Title,MRT-WB-MTSGARDNING-129,100,shopify,deny,manual,3451.00,4486.00,TRUE,TRUE,,https://raw.githubusercontent.com/mrfantastic05678/shopify-products/main/public_images/winbachat/MRT-WB-MTSGARDNING-129_Dark_Knight_Cockroach_Killer_100ml_V_P_80_EC_Pest__1.webp,1,Dark Knight Cockroach Killer 100ml – V-P 80% EC Pest Control,FALSE,Dark Knight Cockroach Killer 100ml – V-P 80% EC,Buy Dark Knight Cockroach Killer 100ml V-P 80% EC for control of cockroaches and other listed household pests. Concentrated home pest-control formulation.,draft
dark-knight-cockroach-killer-100ml-v-p-80-ec-pest-control-general-insects,,,,,,,,,,,,,,,,,,,,https://raw.githubusercontent.com/mrfantastic05678/shopify-products/main/public_images/winbachat/MRT-WB-MTSGARDNING-129_Dark_Knight_Cockroach_Killer_100ml_V_P_80_EC_Pest__2.webp,2,Dark Knight Cockroach Killer 100ml – V-P 80% EC Pest Control,,,,
dark-knight-cockroach-killer-250ml-v-p-80-ec-pest-control-general-insects,Dark Knight Cockroach Killer 250ml – V-P 80% EC Pest Control,<p>Dark Knight Cockroach Killer 250ml is a concentrated home pest-control product formulated for managing cockroaches and other insects listed on the packaging. Its 250ml size provides a practical option for routine pest-management needs in approved areas. Use only as instructed on the product label and observe all handling and safety precautions.</p>,Win Bachat,Home & Garden > Lawn & Garden > Gardening,Gardening,"Gardening, MTS Gardening, Win Bachat, Pest Control, General Insects",false,Title,Default Title,MRT-WB-MTSGARDNING-130,250,shopify,deny,manual,554.62,721.00,TRUE,TRUE,,https://raw.githubusercontent.com/mrfantastic05678/shopify-products/main/public_images/winbachat/MRT-WB-MTSGARDNING-130_Dark_Knight_Cockroach_Killer_250ml_V_P_80_EC_Pest__1.webp,1,Dark Knight Cockroach Killer 250ml – V-P 80% EC Pest Control,FALSE,Dark Knight Cockroach Killer 250ml – V-P 80% EC,Shop Dark Knight Cockroach Killer 250ml V-P 80% EC concentrated pest-control solution for cockroaches and other listed household insects.,draft
dark-knight-cockroach-killer-250ml-v-p-80-ec-pest-control-general-insects,,,,,,,,,,,,,,,,,,,,https://raw.githubusercontent.com/mrfantastic05678/shopify-products/main/public_images/winbachat/MRT-WB-MTSGARDNING-130_Dark_Knight_Cockroach_Killer_250ml_V_P_80_EC_Pest__2.webp,2,Dark Knight Cockroach Killer 250ml – V-P 80% EC Pest Control,,,,
dark-knight-cockroach-killer-500ml-v-p-80-ec-pest-control-general-insects,Dark Knight Cockroach Killer 500ml – V-P 80% EC Pest Control,<p>Dark Knight Cockroach Killer 500ml provides a larger quantity of concentrated V-P 80% EC pest-control formulation for controlling listed household insects. The label indicates effectiveness against cockroaches and several other common pests. Suitable for larger treatment requirements when applied strictly according to manufacturer instructions.</p>,Win Bachat,Home & Garden > Lawn & Garden > Gardening,Gardening,"Gardening, MTS Gardening, Win Bachat, Pest Control, General Insects",false,Title,Default Title,MRT-WB-MTSGARDNING-131,500,shopify,deny,manual,1109.25,1442.00,TRUE,TRUE,,https://raw.githubusercontent.com/mrfantastic05678/shopify-products/main/public_images/winbachat/MRT-WB-MTSGARDNING-131_Dark_Knight_Cockroach_Killer_500ml_V_P_80_EC_Pest__1.webp,1,Dark Knight Cockroach Killer 500ml – V-P 80% EC Pest Control,FALSE,Dark Knight Cockroach Killer 500ml – V-P 80% EC,Buy Dark Knight Cockroach Killer 500ml V-P 80% EC for targeted control of cockroaches and other listed household pests. Use according to label directions.,draft
dark-knight-cockroach-killer-500ml-v-p-80-ec-pest-control-general-insects,,,,,,,,,,,,,,,,,,,,https://raw.githubusercontent.com/mrfantastic05678/shopify-products/main/public_images/winbachat/MRT-WB-MTSGARDNING-131_Dark_Knight_Cockroach_Killer_500ml_V_P_80_EC_Pest__2.webp,2,Dark Knight Cockroach Killer 500ml – V-P 80% EC Pest Control,,,,
dark-knight-cockroach-killer-1000ml-v-p-80-ec-pest-control-general-insects,Dark Knight Cockroach Killer 1000ml – V-P 80% EC Pest Control,"<p>Dark Knight Cockroach Killer 1000ml is a large pack of concentrated V-P 80% EC pest-control solution intended for managing cockroaches and other listed insects. The 1-liter size is suitable for higher-volume pest-control requirements in approved treatment areas. Always follow the label regarding preparation, application, protective equipment and safety.</p>",Win Bachat,Home & Garden > Lawn & Garden > Gardening,Gardening,"Gardening, MTS Gardening, Win Bachat, Pest Control, General Insects",false,Title,Default Title,MRT-WB-MTSGARDNING-132,1000,shopify,deny,manual,1972.00,2564.00,TRUE,TRUE,,https://raw.githubusercontent.com/mrfantastic05678/shopify-products/main/public_images/winbachat/MRT-WB-MTSGARDNING-132_Dark_Knight_Cockroach_Killer_1000ml_V_P_80_EC_Pest_1.webp,1,Dark Knight Cockroach Killer 1000ml – V-P 80% EC Pest Control,FALSE,Dark Knight Cockroach Killer 1L – V-P 80% EC Pest Control,Shop Dark Knight Cockroach Killer 1L V-P 80% EC concentrated solution for cockroach and listed household pest control. Follow all product safety directions.,draft
dark-knight-cockroach-killer-1000ml-v-p-80-ec-pest-control-general-insects,,,,,,,,,,,,,,,,,,,,https://raw.githubusercontent.com/mrfantastic05678/shopify-products/main/public_images/winbachat/MRT-WB-MTSGARDNING-132_Dark_Knight_Cockroach_Killer_1000ml_V_P_80_EC_Pest_2.webp,2,Dark Knight Cockroach Killer 1000ml – V-P 80% EC Pest Control,,,,
pack-of-10-random-summer-flower-seeds-with-1kg-coco-peat-gardening-combo-offer,Pack of 10 Random Summer Flower Seeds with 1KG Coco Peat – Gardening Combo Offer,"<p>A convenient gardening combo featuring 10 assorted summer flower seed packs along with 1KG coco peat. The mixed seed selection lets you grow a colorful variety of seasonal flowers in pots, planters, beds and home gardens, while coco peat provides a lightweight growing medium with good moisture retention. An excellent starter bundle for home gardening enthusiasts.</p>",Win Bachat,Home & Garden > Lawn & Garden > Gardening,Gardening,"Gardening, MTS Gardening, Win Bachat, Seeds, Flower Seeds",true,Title,Default Title,MRT-WB-MTSGARDNING-133,1150,shopify,deny,manual,3451.00,4486.00,TRUE,TRUE,,https://raw.githubusercontent.com/mrfantastic05678/shopify-products/main/public_images/winbachat/MRT-WB-MTSGARDNING-133_Pack_of_10_Random_Summer_Flower_Seeds_with_1KG_Coc_1.webp,1,Pack of 10 Random Summer Flower Seeds with 1KG Coco Peat – Gardening Combo Offer,FALSE,10 Summer Flower Seed Packs + 1KG Coco Peat Combo,"Grow a colorful summer garden with 10 assorted flower seed packs and 1KG coco peat. A convenient gardening combo for pots, planters and garden beds.",active
pack-of-10-random-summer-flower-seeds-with-1kg-coco-peat-gardening-combo-offer,,,,,,,,,,,,,,,,,,,,https://raw.githubusercontent.com/mrfantastic05678/shopify-products/main/public_images/winbachat/MRT-WB-MTSGARDNING-133_Pack_of_10_Random_Summer_Flower_Seeds_with_1KG_Coc_2.webp,2,Pack of 10 Random Summer Flower Seeds with 1KG Coco Peat – Gardening Combo Offer,,,,
pack-of-10-random-summer-flower-seeds-with-1kg-coco-peat-gardening-combo-offer,,,,,,,,,,,,,,,,,,,,https://raw.githubusercontent.com/mrfantastic05678/shopify-products/main/public_images/winbachat/MRT-WB-MTSGARDNING-133_Pack_of_10_Random_Summer_Flower_Seeds_with_1KG_Coc_3.webp,3,Pack of 10 Random Summer Flower Seeds with 1KG Coco Peat – Gardening Combo Offer,,,,
ipomoea-seeds-pack-of-3-morning-glory-mixed-climbing-flowers,Ipomoea Seeds Pack of 3 – Morning Glory Mixed Climbing Flowers,"<p>Ipomoea, commonly known as Morning Glory, produces attractive trumpet-shaped flowers in a beautiful mix of colors. These vigorous climbing plants are ideal for covering trellises, fences, railings and garden supports. This pack of 3 is a colorful choice for vertical gardening and outdoor spaces.</p>",Win Bachat,Home & Garden > Lawn & Garden > Gardening,Gardening,"Gardening, MTS Gardening, Win Bachat, Seeds, Flower Seeds",true,Title,Default Title,MRT-WB-MTSGARDNING-134,20,shopify,deny,manual,984.77,1280.00,TRUE,TRUE,,https://raw.githubusercontent.com/mrfantastic05678/shopify-products/main/public_images/winbachat/MRT-WB-MTSGARDNING-134_Ipomoea_Seeds_Pack_of_3_Morning_Glory_Mixed_Climbi_1.webp,1,Ipomoea Seeds Pack of 3 – Morning Glory Mixed Climbing Flowers,FALSE,Ipomoea Morning Glory Mixed Seeds – Pack of 3,"Shop Ipomoea Morning Glory mixed flower seeds, pack of 3. Beautiful climbing flowers ideal for trellises, fences, walls and colorful home gardens.",active
ipomoea-seeds-pack-of-3-morning-glory-mixed-climbing-flowers,,,,,,,,,,,,,,,,,,,,https://raw.githubusercontent.com/mrfantastic05678/shopify-products/main/public_images/winbachat/MRT-WB-MTSGARDNING-134_Ipomoea_Seeds_Pack_of_3_Morning_Glory_Mixed_Climbi_2.webp,2,Ipomoea Seeds Pack of 3 – Morning Glory Mixed Climbing Flowers,,,,
zinnia-thumbelina-seeds-pack-of-3-dwarf-mixed-flowers,Zinnia Thumbelina Seeds Pack of 3 – Dwarf Mixed Flowers,"<p>Zinnia Thumbelina is a compact flowering variety producing cheerful blooms in an assortment of bright colors. Its dwarf growth habit makes it especially suitable for pots, containers, edging and garden borders. The pack of 3 offers an easy way to add long-lasting seasonal color to smaller gardening spaces.</p>",Win Bachat,Home & Garden > Lawn & Garden > Gardening,Gardening,"Gardening, MTS Gardening, Win Bachat, Seeds, Flower Seeds",true,Title,Default Title,MRT-WB-MTSGARDNING-135,20,shopify,deny,manual,368.52,479.00,TRUE,TRUE,,https://raw.githubusercontent.com/mrfantastic05678/shopify-products/main/public_images/winbachat/MRT-WB-MTSGARDNING-135_Zinnia_Thumbelina_Seeds_Pack_of_3_Dwarf_Mixed_Flow_1.webp,1,Zinnia Thumbelina Seeds Pack of 3 – Dwarf Mixed Flowers,FALSE,Zinnia Thumbelina Dwarf Mixed Seeds – Pack of 3,"Grow colorful compact flowers with Zinnia Thumbelina seeds, pack of 3. Ideal dwarf zinnias for pots, containers, borders and home flower gardens.",active
zinnia-thumbelina-seeds-pack-of-3-dwarf-mixed-flowers,,,,,,,,,,,,,,,,,,,,https://raw.githubusercontent.com/mrfantastic05678/shopify-products/main/public_images/winbachat/MRT-WB-MTSGARDNING-135_Zinnia_Thumbelina_Seeds_Pack_of_3_Dwarf_Mixed_Flow_2.webp,2,Zinnia Thumbelina Seeds Pack of 3 – Dwarf Mixed Flowers,,,,
gaillardia-seeds-pack-of-3-blanket-flower-mixed-colors,Gaillardia Seeds Pack of 3 – Blanket Flower Mixed Colors,"<p>Gaillardia, also known as Blanket Flower, produces vibrant daisy-like blooms with warm and eye-catching color combinations. Suitable for flower beds, borders, pots and sunny garden spaces, these attractive flowers bring a lively appearance to seasonal landscapes. Includes 3 seed packs for convenient home growing.</p>",Win Bachat,Home & Garden > Lawn & Garden > Gardening,Gardening,"Gardening, MTS Gardening, Win Bachat, Seeds, Flower Seeds",true,Title,Default Title,MRT-WB-MTSGARDNING-136,20,shopify,deny,manual,368.52,479.00,TRUE,TRUE,,https://raw.githubusercontent.com/mrfantastic05678/shopify-products/main/public_images/winbachat/MRT-WB-MTSGARDNING-136_Gaillardia_Seeds_Pack_of_3_Blanket_Flower_Mixed_Co_1.webp,1,Gaillardia Seeds Pack of 3 – Blanket Flower Mixed Colors,FALSE,Gaillardia Blanket Flower Mixed Seeds – Pack of 3,"Shop Gaillardia Blanket Flower mixed seeds, pack of 3. Grow vibrant, colorful flowers in sunny garden beds, borders, pots and home landscapes.",active
gaillardia-seeds-pack-of-3-blanket-flower-mixed-colors,,,,,,,,,,,,,,,,,,,,https://raw.githubusercontent.com/mrfantastic05678/shopify-products/main/public_images/winbachat/MRT-WB-MTSGARDNING-136_Gaillardia_Seeds_Pack_of_3_Blanket_Flower_Mixed_Co_2.webp,2,Gaillardia Seeds Pack of 3 – Blanket Flower Mixed Colors,,,,
zinnia-mixed-seeds-pack-of-3-multi-color-flower-seeds,Zinnia Mixed Seeds Pack of 3 – Multi-Color Flower Seeds,"<p>Zinnia Linearis is an attractive fine-leaved flowering variety that produces abundant, colorful blooms on compact plants. Well suited to pots, borders, pathways and flower beds, it provides a bright decorative display throughout the growing season. This pack includes 3 seed packets for home gardening.</p>",Win Bachat,Home & Garden > Lawn & Garden > Gardening,Gardening,"Gardening, MTS Gardening, Win Bachat, Seeds, Flower Seeds",true,Title,Default Title,MRT-WB-MTSGARDNING-137,20,shopify,deny,manual,368.52,479.00,TRUE,TRUE,,https://raw.githubusercontent.com/mrfantastic05678/shopify-products/main/public_images/winbachat/MRT-WB-MTSGARDNING-137_Zinnia_Mixed_Seeds_Pack_of_3_Multi_Color_Flower_Se_1.webp,1,Zinnia Mixed Seeds Pack of 3 – Multi-Color Flower Seeds,FALSE,Zinnia Multi-Color Mixed Seeds – Pack of 3,Shop Zinnia multi-color mixed flower seeds pack of 3. Vibrant seasonal blooms for home gardening and borders.,active
zinnia-mixed-seeds-pack-of-3-multi-color-flower-seeds,,,,,,,,,,,,,,,,,,,,https://raw.githubusercontent.com/mrfantastic05678/shopify-products/main/public_images/winbachat/MRT-WB-MTSGARDNING-137_Zinnia_Mixed_Seeds_Pack_of_3_Multi_Color_Flower_Se_2.webp,2,Zinnia Mixed Seeds Pack of 3 – Multi-Color Flower Seeds,,,,
zinnia-linearis-mixed-seeds-pack-of-3-fine-leaf-multi-color-flowers,Zinnia Linearis Mixed Seeds Pack of 3 – Fine Leaf Multi-Color Flowers,"<p>Zinnia Linearis is an attractive fine-leaved flowering variety that produces abundant, colorful blooms on compact plants. Well suited to pots, borders, pathways and flower beds, it provides a bright decorative display throughout the growing season. This pack includes 3 seed packets for home gardening.</p>",Win Bachat,Home & Garden > Lawn & Garden > Gardening,Gardening,"Gardening, MTS Gardening, Win Bachat, Seeds, Flower Seeds",true,Title,Default Title,MRT-WB-MTSGARDNING-138,20,shopify,deny,manual,368.52,479.00,TRUE,TRUE,,https://raw.githubusercontent.com/mrfantastic05678/shopify-products/main/public_images/winbachat/MRT-WB-MTSGARDNING-138_Zinnia_Linearis_Mixed_Seeds_Pack_of_3_Fine_Leaf_Mu_1.webp,1,Zinnia Linearis Mixed Seeds Pack of 3 – Fine Leaf Multi-Color Flowers,FALSE,Zinnia Linearis Mixed Flower Seeds – Pack of 3,"Grow colorful fine-leaf Zinnia Linearis with this pack of 3 mixed flower seeds. Ideal for pots, garden borders, pathways and seasonal flower beds.",active
zinnia-linearis-mixed-seeds-pack-of-3-fine-leaf-multi-color-flowers,,,,,,,,,,,,,,,,,,,,https://raw.githubusercontent.com/mrfantastic05678/shopify-products/main/public_images/winbachat/MRT-WB-MTSGARDNING-138_Zinnia_Linearis_Mixed_Seeds_Pack_of_3_Fine_Leaf_Mu_2.webp,2,Zinnia Linearis Mixed Seeds Pack of 3 – Fine Leaf Multi-Color Flowers,,,,
zinnia-burpeeana-mixed-seeds-pack-of-3-large-double-flowers,Zinnia Burpeeana Mixed Seeds Pack of 3 – Large Double Flowers,"<p>Zinnia Burpeeana produces impressive large, double blooms in a vibrant mixture of colors. The full, dahlia-like flowers make an attractive addition to garden beds, borders and floral displays, while their tall stems are also suitable for cut-flower arrangements. Includes 3 seed packs for a colorful home garden.</p>",Win Bachat,Home & Garden > Lawn & Garden > Gardening,Gardening,"Gardening, MTS Gardening, Win Bachat, Seeds, Flower Seeds",true,Title,Default Title,MRT-WB-MTSGARDNING-139,20,shopify,deny,manual,368.52,479.00,TRUE,TRUE,,https://raw.githubusercontent.com/mrfantastic05678/shopify-products/main/public_images/winbachat/MRT-WB-MTSGARDNING-139_Zinnia_Burpeeana_Mixed_Seeds_Pack_of_3_Large_Doubl_1.webp,1,Zinnia Burpeeana Mixed Seeds Pack of 3 – Large Double Flowers,FALSE,Zinnia Burpeeana Mixed Double Flower Seeds – Pack of 3,"Shop Zinnia Burpeeana mixed seeds, pack of 3. Grow large, colorful double zinnia flowers for garden beds, borders and beautiful cut-flower displays.",active
zinnia-burpeeana-mixed-seeds-pack-of-3-large-double-flowers,,,,,,,,,,,,,,,,,,,,https://raw.githubusercontent.com/mrfantastic05678/shopify-products/main/public_images/winbachat/MRT-WB-MTSGARDNING-139_Zinnia_Burpeeana_Mixed_Seeds_Pack_of_3_Large_Doubl_2.webp,2,Zinnia Burpeeana Mixed Seeds Pack of 3 – Large Double Flowers,,,,
zinnia-candy-stripe-mixed-seeds-pack-of-3-striped-bi-color-flowers,Zinnia Candy Stripe Mixed Seeds Pack of 3 – Striped & Bi-Color Flowers,"<p>Zinnia Candy Stripe produces distinctive blooms featuring striped, speckled and bi-color patterns in lively combinations. These unusual flowers add character and variety to pots, borders and garden beds. The pack of 3 is ideal for gardeners looking to create a colorful and visually diverse seasonal flower display.</p>",Win Bachat,Home & Garden > Lawn & Garden > Gardening,Gardening,"Gardening, MTS Gardening, Win Bachat, Seeds, Flower Seeds",true,Title,Default Title,MRT-WB-MTSGARDNING-140,20,shopify,deny,manual,368.52,479.00,TRUE,TRUE,,https://raw.githubusercontent.com/mrfantastic05678/shopify-products/main/public_images/winbachat/MRT-WB-MTSGARDNING-140_Zinnia_Candy_Stripe_Mixed_Seeds_Pack_of_3_Striped__1.webp,1,Zinnia Candy Stripe Mixed Seeds Pack of 3 – Striped & Bi-Color Flowers,FALSE,Zinnia Candy Stripe Mixed Seeds – Pack of 3,"Grow unique striped and bi-color blooms with Zinnia Candy Stripe mixed seeds. Pack of 3 for colorful pots, borders, flower beds and home gardens.",active
zinnia-candy-stripe-mixed-seeds-pack-of-3-striped-bi-color-flowers,,,,,,,,,,,,,,,,,,,,https://raw.githubusercontent.com/mrfantastic05678/shopify-products/main/public_images/winbachat/MRT-WB-MTSGARDNING-140_Zinnia_Candy_Stripe_Mixed_Seeds_Pack_of_3_Striped__2.webp,2,Zinnia Candy Stripe Mixed Seeds Pack of 3 – Striped & Bi-Color Flowers,,,,
zinnia-yellow-seeds-pack-of-3-bright-yellow-flowers,Zinnia Yellow Seeds Pack of 3 – Bright Yellow Flowers,"<p>Zinnia Yellow seeds produce cheerful golden-yellow blooms that bring a bright, sunny appearance to outdoor spaces. Suitable for flower beds, borders, pots and home gardens, zinnias are popular for their attractive blooms and decorative value. This pack of 3 makes it easy to create coordinated yellow floral displays.</p>",Win Bachat,Home & Garden > Lawn & Garden > Gardening,Gardening,"Gardening, MTS Gardening, Win Bachat, Seeds, Flower Seeds",true,Title,Default Title,MRT-WB-MTSGARDNING-141,20,shopify,deny,manual,368.52,479.00,TRUE,TRUE,,https://raw.githubusercontent.com/mrfantastic05678/shopify-products/main/public_images/winbachat/MRT-WB-MTSGARDNING-141_Zinnia_Yellow_Seeds_Pack_of_3_Bright_Yellow_Flower_1.webp,1,Zinnia Yellow Seeds Pack of 3 – Bright Yellow Flowers,FALSE,Zinnia Yellow Flower Seeds – Pack of 3,"Shop Zinnia Yellow flower seeds, pack of 3. Grow bright golden-yellow blooms for pots, borders, flower beds and colorful seasonal home gardens.",active
zinnia-yellow-seeds-pack-of-3-bright-yellow-flowers,,,,,,,,,,,,,,,,,,,,https://raw.githubusercontent.com/mrfantastic05678/shopify-products/main/public_images/winbachat/MRT-WB-MTSGARDNING-141_Zinnia_Yellow_Seeds_Pack_of_3_Bright_Yellow_Flower_2.webp,2,Zinnia Yellow Seeds Pack of 3 – Bright Yellow Flowers,,,,
tomato-f1-hybrid-seeds-vegetable-seeds-for-home-gardening,Tomato F1 Hybrid Seeds – Vegetable Seeds for Home Gardening,"<p>Tomato F1 Hybrid Seeds are suitable for gardeners looking to grow fresh tomatoes at home. They can be planted in suitable garden beds, containers or kitchen garden spaces and maintained with adequate sunlight, watering and plant nutrition. A practical vegetable seed option for developing a productive seasonal home garden.</p>",Win Bachat,Home & Garden > Lawn & Garden > Gardening,Gardening,"Gardening, MTS Gardening, Win Bachat, Seeds, Vegetable Seeds",true,Title,Default Title,MRT-WB-MTSGARDNING-142,20,shopify,deny,manual,368.52,479.00,TRUE,TRUE,,https://raw.githubusercontent.com/mrfantastic05678/shopify-products/main/public_images/winbachat/MRT-WB-MTSGARDNING-142_Tomato_F1_Hybrid_Seeds_Vegetable_Seeds_for_Home_Ga_1.webp,1,Tomato F1 Hybrid Seeds – Vegetable Seeds for Home Gardening,FALSE,Tomato F1 Hybrid Seeds for Home Gardening,"Grow fresh tomatoes at home with F1 Hybrid Tomato Seeds. Suitable for kitchen gardens, containers and vegetable beds with proper sunlight and plant care.",active
tomato-f1-hybrid-seeds-vegetable-seeds-for-home-gardening,,,,,,,,,,,,,,,,,,,,https://raw.githubusercontent.com/mrfantastic05678/shopify-products/main/public_images/winbachat/MRT-WB-MTSGARDNING-142_Tomato_F1_Hybrid_Seeds_Vegetable_Seeds_for_Home_Ga_2.webp,2,Tomato F1 Hybrid Seeds – Vegetable Seeds for Home Gardening,,,,
tomato-f1-hybrid-seeds-vegetable-seeds-for-home-gardening,,,,,,,,,,,,,,,,,,,,https://raw.githubusercontent.com/mrfantastic05678/shopify-products/main/public_images/winbachat/MRT-WB-MTSGARDNING-142_Tomato_F1_Hybrid_Seeds_Vegetable_Seeds_for_Home_Ga_3.webp,3,Tomato F1 Hybrid Seeds – Vegetable Seeds for Home Gardening,,,,
cucumber-f1-hybrid-seeds-vegetable-seeds-for-home-gardening,Cucumber F1 Hybrid Seeds – Vegetable Seeds for Home Gardening,"<p>Cucumber F1 Hybrid Seeds are designed for growing fresh cucumbers in home gardens, vegetable beds and suitable containers. Cucumber plants perform well when provided with appropriate warmth, sunlight, regular moisture and climbing support where required. A useful choice for creating a productive home vegetable garden.</p>",Win Bachat,Home & Garden > Lawn & Garden > Gardening,Gardening,"Gardening, MTS Gardening, Win Bachat, Seeds, Vegetable Seeds",true,Title,Default Title,MRT-WB-MTSGARDNING-143,20,shopify,deny,manual,122.02,159.00,TRUE,TRUE,,https://raw.githubusercontent.com/mrfantastic05678/shopify-products/main/public_images/winbachat/MRT-WB-MTSGARDNING-143_Cucumber_F1_Hybrid_Seeds_Vegetable_Seeds_for_Home__1.webp,1,Cucumber F1 Hybrid Seeds – Vegetable Seeds for Home Gardening,FALSE,Cucumber F1 Hybrid Seeds for Home Gardening,"Grow fresh cucumbers with F1 Hybrid Cucumber Seeds for home gardening. Suitable for vegetable beds and containers with proper sunlight, watering and care.",active
cucumber-f1-hybrid-seeds-vegetable-seeds-for-home-gardening,,,,,,,,,,,,,,,,,,,,https://raw.githubusercontent.com/mrfantastic05678/shopify-products/main/public_images/winbachat/MRT-WB-MTSGARDNING-143_Cucumber_F1_Hybrid_Seeds_Vegetable_Seeds_for_Home__2.webp,2,Cucumber F1 Hybrid Seeds – Vegetable Seeds for Home Gardening,,,,
cucumber-f1-hybrid-seeds-vegetable-seeds-for-home-gardening,,,,,,,,,,,,,,,,,,,,https://raw.githubusercontent.com/mrfantastic05678/shopify-products/main/public_images/winbachat/MRT-WB-MTSGARDNING-143_Cucumber_F1_Hybrid_Seeds_Vegetable_Seeds_for_Home__3.webp,3,Cucumber F1 Hybrid Seeds – Vegetable Seeds for Home Gardening,,,,
bhindi-f1-hybrid-seeds-lady-finger-okra-seeds-for-home-gardening,Bhindi F1 Hybrid Seeds – Lady Finger Okra Seeds for Home Gardening,"<p>Bhindi F1 Hybrid Seeds are suitable for growing lady finger, also known as okra, in home vegetable gardens and suitable containers. With warm growing conditions, adequate sunlight, watering and routine care, the plants can become a productive addition to a seasonal kitchen garden.</p>",Win Bachat,Home & Garden > Lawn & Garden > Gardening,Gardening,"Gardening, MTS Gardening, Win Bachat, Seeds, Vegetable Seeds",true,Title,Default Title,MRT-WB-MTSGARDNING-144,30,shopify,deny,manual,122.02,159.00,TRUE,TRUE,,https://raw.githubusercontent.com/mrfantastic05678/shopify-products/main/public_images/winbachat/MRT-WB-MTSGARDNING-144_Bhindi_F1_Hybrid_Seeds_Lady_Finger_Okra_Seeds_for__1.webp,1,Bhindi F1 Hybrid Seeds – Lady Finger Okra Seeds for Home Gardening,FALSE,Bhindi F1 Hybrid Seeds – Lady Finger Okra Seeds,"Grow fresh bhindi at home with F1 Hybrid Lady Finger Okra Seeds. Suitable for kitchen gardens, vegetable beds and containers in warm growing conditions.",active
bhindi-f1-hybrid-seeds-lady-finger-okra-seeds-for-home-gardening,,,,,,,,,,,,,,,,,,,,https://raw.githubusercontent.com/mrfantastic05678/shopify-products/main/public_images/winbachat/MRT-WB-MTSGARDNING-144_Bhindi_F1_Hybrid_Seeds_Lady_Finger_Okra_Seeds_for__2.webp,2,Bhindi F1 Hybrid Seeds – Lady Finger Okra Seeds for Home Gardening,,,,
coriander-f1-hybrid-seeds-dhaniya-seeds-for-home-gardening,Coriander F1 Hybrid Seeds – Dhaniya Seeds for Home Gardening,"<p>Coriander Seeds are a practical choice for growing fresh dhaniya at home for culinary use. Suitable for pots, containers, raised beds and kitchen gardens, coriander can provide aromatic green leaves when grown under appropriate seasonal conditions with regular watering and adequate light. Ideal for adding a fresh herb crop to your home garden.</p>",Win Bachat,Home & Garden > Lawn & Garden > Gardening,Gardening,"Gardening, MTS Gardening, Win Bachat, Seeds, Vegetable Seeds",true,Title,Default Title,MRT-WB-MTSGARDNING-145,30,shopify,deny,manual,122.02,159.00,TRUE,TRUE,,https://raw.githubusercontent.com/mrfantastic05678/shopify-products/main/public_images/winbachat/MRT-WB-MTSGARDNING-145_Coriander_F1_Hybrid_Seeds_Dhaniya_Seeds_for_Home_G_1.webp,1,Coriander F1 Hybrid Seeds – Dhaniya Seeds for Home Gardening,FALSE,Coriander Seeds – Dhaniya Seeds for Home Gardening,"Grow fresh coriander at home with Dhaniya Seeds for pots, containers and kitchen gardens. Enjoy aromatic green leaves with proper watering, light and care.",active
coriander-f1-hybrid-seeds-dhaniya-seeds-for-home-gardening,,,,,,,,,,,,,,,,,,,,https://raw.githubusercontent.com/mrfantastic05678/shopify-products/main/public_images/winbachat/MRT-WB-MTSGARDNING-145_Coriander_F1_Hybrid_Seeds_Dhaniya_Seeds_for_Home_G_2.webp,2,Coriander F1 Hybrid Seeds – Dhaniya Seeds for Home Gardening,,,,
coriander-f1-hybrid-seeds-dhaniya-seeds-for-home-gardening,,,,,,,,,,,,,,,,,,,,https://raw.githubusercontent.com/mrfantastic05678/shopify-products/main/public_images/winbachat/MRT-WB-MTSGARDNING-145_Coriander_F1_Hybrid_Seeds_Dhaniya_Seeds_for_Home_G_3.webp,3,Coriander F1 Hybrid Seeds – Dhaniya Seeds for Home Gardening,,,,
spinach-seeds-palak-f1-hybrid-vegetable-seeds-for-home-gardening,Spinach Seeds (Palak) – F1 Hybrid Vegetable Seeds for Home Gardening,"<p>Grow fresh, leafy spinach at home with F1 Hybrid Spinach Seeds. Also known as Palak, this popular leafy vegetable is suitable for kitchen gardens, raised beds and containers. Provide suitable soil, regular moisture and appropriate seasonal conditions for healthy growth and a convenient supply of home-grown greens.</p>",Win Bachat,Home & Garden > Lawn & Garden > Gardening,Gardening,"Gardening, MTS Gardening, Win Bachat, Seeds, Vegetable Seeds",true,Title,Default Title,MRT-WB-MTSGARDNING-146,30,shopify,deny,manual,122.02,159.00,TRUE,TRUE,,https://raw.githubusercontent.com/mrfantastic05678/shopify-products/main/public_images/winbachat/MRT-WB-MTSGARDNING-146_Spinach_Seeds_Palak_F1_Hybrid_Vegetable_Seeds_for__1.webp,1,Spinach Seeds (Palak) – F1 Hybrid Vegetable Seeds for Home Gardening,FALSE,Spinach Seeds (Palak) – F1 Hybrid Seeds for Home Garden,"Grow fresh Palak at home with F1 Hybrid Spinach Seeds. Ideal for kitchen gardens, raised beds and containers with proper soil, watering and seasonal care.",active
spinach-seeds-palak-f1-hybrid-vegetable-seeds-for-home-gardening,,,,,,,,,,,,,,,,,,,,https://raw.githubusercontent.com/mrfantastic05678/shopify-products/main/public_images/winbachat/MRT-WB-MTSGARDNING-146_Spinach_Seeds_Palak_F1_Hybrid_Vegetable_Seeds_for__2.webp,2,Spinach Seeds (Palak) – F1 Hybrid Vegetable Seeds for Home Gardening,,,,
spinach-seeds-palak-f1-hybrid-vegetable-seeds-for-home-gardening,,,,,,,,,,,,,,,,,,,,https://raw.githubusercontent.com/mrfantastic05678/shopify-products/main/public_images/winbachat/MRT-WB-MTSGARDNING-146_Spinach_Seeds_Palak_F1_Hybrid_Vegetable_Seeds_for__3.webp,3,Spinach Seeds (Palak) – F1 Hybrid Vegetable Seeds for Home Gardening,,,,
green-chilli-seeds-f1-hybrid-vegetable-seeds-for-home-gardening,Green Chilli Seeds – F1 Hybrid Vegetable Seeds for Home Gardening,"<p>Grow fresh green chillies in your own kitchen garden with F1 Hybrid Green Chilli Seeds. Suitable for outdoor beds, pots and containers, these seeds are a practical choice for gardeners who enjoy growing fresh vegetables at home. Provide adequate sunlight, regular watering and proper plant nutrition for healthy growth.</p>",Win Bachat,Home & Garden > Lawn & Garden > Gardening,Gardening,"Gardening, MTS Gardening, Win Bachat, Seeds, Vegetable Seeds",true,Title,Default Title,MRT-WB-MTSGARDNING-147,20,shopify,deny,manual,122.02,159.00,TRUE,TRUE,,https://raw.githubusercontent.com/mrfantastic05678/shopify-products/main/public_images/winbachat/MRT-WB-MTSGARDNING-147_Green_Chilli_Seeds_F1_Hybrid_Vegetable_Seeds_for_H_1.webp,1,Green Chilli Seeds – F1 Hybrid Vegetable Seeds for Home Gardening,FALSE,Green Chilli Seeds – F1 Hybrid Seeds for Home Gardening,"Grow fresh green chillies at home with F1 Hybrid Green Chilli Seeds. Suitable for pots, containers and vegetable beds with proper sunlight and regular care.",active
green-chilli-seeds-f1-hybrid-vegetable-seeds-for-home-gardening,,,,,,,,,,,,,,,,,,,,https://raw.githubusercontent.com/mrfantastic05678/shopify-products/main/public_images/winbachat/MRT-WB-MTSGARDNING-147_Green_Chilli_Seeds_F1_Hybrid_Vegetable_Seeds_for_H_2.webp,2,Green Chilli Seeds – F1 Hybrid Vegetable Seeds for Home Gardening,,,,
green-chilli-seeds-f1-hybrid-vegetable-seeds-for-home-gardening,,,,,,,,,,,,,,,,,,,,https://raw.githubusercontent.com/mrfantastic05678/shopify-products/main/public_images/winbachat/MRT-WB-MTSGARDNING-147_Green_Chilli_Seeds_F1_Hybrid_Vegetable_Seeds_for_H_3.webp,3,Green Chilli Seeds – F1 Hybrid Vegetable Seeds for Home Gardening,,,,
carrot-seeds-f1-hybrid-vegetable-seeds-for-home-gardening,Carrot Seeds – F1 Hybrid Vegetable Seeds for Home Gardening,"<p>Grow fresh carrots at home with F1 Hybrid Carrot Seeds. Ideal for loose, well-prepared garden soil, raised beds and deep containers, carrots are a rewarding addition to a home vegetable garden. Consistent moisture, suitable temperatures and adequate sunlight help support healthy root development.</p>",Win Bachat,Home & Garden > Lawn & Garden > Gardening,Gardening,"Gardening, MTS Gardening, Win Bachat, Seeds, Vegetable Seeds",true,Title,Default Title,MRT-WB-MTSGARDNING-148,20,shopify,deny,manual,122.02,159.00,TRUE,TRUE,,https://raw.githubusercontent.com/mrfantastic05678/shopify-products/main/public_images/winbachat/MRT-WB-MTSGARDNING-148_Carrot_Seeds_F1_Hybrid_Vegetable_Seeds_for_Home_Ga_1.webp,1,Carrot Seeds – F1 Hybrid Vegetable Seeds for Home Gardening,FALSE,Carrot Seeds – F1 Hybrid Vegetable Seeds for Home Garden,"Grow fresh carrots with F1 Hybrid Carrot Seeds for home gardening. Suitable for deep containers, raised beds and loose garden soil with proper care.",active
carrot-seeds-f1-hybrid-vegetable-seeds-for-home-gardening,,,,,,,,,,,,,,,,,,,,https://raw.githubusercontent.com/mrfantastic05678/shopify-products/main/public_images/winbachat/MRT-WB-MTSGARDNING-148_Carrot_Seeds_F1_Hybrid_Vegetable_Seeds_for_Home_Ga_2.webp,2,Carrot Seeds – F1 Hybrid Vegetable Seeds for Home Gardening,,,,
carrot-seeds-f1-hybrid-vegetable-seeds-for-home-gardening,,,,,,,,,,,,,,,,,,,,https://raw.githubusercontent.com/mrfantastic05678/shopify-products/main/public_images/winbachat/MRT-WB-MTSGARDNING-148_Carrot_Seeds_F1_Hybrid_Vegetable_Seeds_for_Home_Ga_3.webp,3,Carrot Seeds – F1 Hybrid Vegetable Seeds for Home Gardening,,,,
turayi-seeds-ridge-gourd-f1-hybrid-vegetable-seeds,Turayi Seeds (Ridge Gourd) – F1 Hybrid Vegetable Seeds,"<p>Grow fresh Turayi at home with F1 Hybrid Ridge Gourd Seeds. This climbing vegetable is suitable for kitchen gardens and outdoor growing spaces where vines can be provided with appropriate support. Regular watering, sunlight and a trellis or similar structure can help encourage healthy vine development.</p>",Win Bachat,Home & Garden > Lawn & Garden > Gardening,Gardening,"Gardening, MTS Gardening, Win Bachat, Seeds, Vegetable Seeds",true,Title,Default Title,MRT-WB-MTSGARDNING-149,20,shopify,deny,manual,122.02,159.00,TRUE,TRUE,,https://raw.githubusercontent.com/mrfantastic05678/shopify-products/main/public_images/winbachat/MRT-WB-MTSGARDNING-149_Turayi_Seeds_Ridge_Gourd_F1_Hybrid_Vegetable_Seeds_1.webp,1,Turayi Seeds (Ridge Gourd) – F1 Hybrid Vegetable Seeds,FALSE,Turayi Ridge Gourd Seeds – F1 Hybrid Seeds for Home Garden,"Grow Turayi at home with F1 Hybrid Ridge Gourd Seeds. Ideal for kitchen gardens with suitable sunlight, regular watering and climbing support for the vines.",active
turayi-seeds-ridge-gourd-f1-hybrid-vegetable-seeds,,,,,,,,,,,,,,,,,,,,https://raw.githubusercontent.com/mrfantastic05678/shopify-products/main/public_images/winbachat/MRT-WB-MTSGARDNING-149_Turayi_Seeds_Ridge_Gourd_F1_Hybrid_Vegetable_Seeds_2.webp,2,Turayi Seeds (Ridge Gourd) – F1 Hybrid Vegetable Seeds,,,,
turayi-seeds-ridge-gourd-f1-hybrid-vegetable-seeds,,,,,,,,,,,,,,,,,,,,https://raw.githubusercontent.com/mrfantastic05678/shopify-products/main/public_images/winbachat/MRT-WB-MTSGARDNING-149_Turayi_Seeds_Ridge_Gourd_F1_Hybrid_Vegetable_Seeds_3.webp,3,Turayi Seeds (Ridge Gourd) – F1 Hybrid Vegetable Seeds,,,,
peas-seeds-matar-f1-hybrid-vegetable-seeds-for-home-gardening,Peas Seeds (Matar) – F1 Hybrid Vegetable Seeds for Home Gardening,"<p>Grow fresh green peas at home with F1 Hybrid Pea Seeds. Commonly known as Matar, peas are a popular choice for seasonal kitchen gardens, raised beds and suitable containers. Provide appropriate growing temperatures, regular moisture and support for climbing plants where necessary.</p>",Win Bachat,Home & Garden > Lawn & Garden > Gardening,Gardening,"Gardening, MTS Gardening, Win Bachat, Seeds, Vegetable Seeds",true,Title,Default Title,MRT-WB-MTSGARDNING-150,50,shopify,deny,manual,122.02,159.00,TRUE,TRUE,,https://raw.githubusercontent.com/mrfantastic05678/shopify-products/main/public_images/winbachat/MRT-WB-MTSGARDNING-150_Peas_Seeds_Matar_F1_Hybrid_Vegetable_Seeds_for_Hom_1.webp,1,Peas Seeds (Matar) – F1 Hybrid Vegetable Seeds for Home Gardening,FALSE,Peas Seeds (Matar) – F1 Hybrid Seeds for Home Gardening,"Grow fresh Matar at home with F1 Hybrid Pea Seeds. Suitable for kitchen gardens, raised beds and containers with proper watering and seasonal growing conditions.",active
peas-seeds-matar-f1-hybrid-vegetable-seeds-for-home-gardening,,,,,,,,,,,,,,,,,,,,https://raw.githubusercontent.com/mrfantastic05678/shopify-products/main/public_images/winbachat/MRT-WB-MTSGARDNING-150_Peas_Seeds_Matar_F1_Hybrid_Vegetable_Seeds_for_Hom_2.webp,2,Peas Seeds (Matar) – F1 Hybrid Vegetable Seeds for Home Gardening,,,,
peas-seeds-matar-f1-hybrid-vegetable-seeds-for-home-gardening,,,,,,,,,,,,,,,,,,,,https://raw.githubusercontent.com/mrfantastic05678/shopify-products/main/public_images/winbachat/MRT-WB-MTSGARDNING-150_Peas_Seeds_Matar_F1_Hybrid_Vegetable_Seeds_for_Hom_3.webp,3,Peas Seeds (Matar) – F1 Hybrid Vegetable Seeds for Home Gardening,,,,
red-radish-seeds-lal-mooli-f1-hybrid-vegetable-seeds,Red Radish Seeds (Lal Mooli) – F1 Hybrid Vegetable Seeds,"<p>Grow crisp red radishes at home with F1 Hybrid Red Radish Seeds. Red radish is a compact root vegetable suitable for garden beds, raised beds and sufficiently deep containers. Loose soil, regular moisture and suitable seasonal temperatures help support healthy root formation and growth.</p>",Win Bachat,Home & Garden > Lawn & Garden > Gardening,Gardening,"Gardening, MTS Gardening, Win Bachat, Seeds, Vegetable Seeds",true,Title,Default Title,MRT-WB-MTSGARDNING-151,30,shopify,deny,manual,122.02,159.00,TRUE,TRUE,,https://raw.githubusercontent.com/mrfantastic05678/shopify-products/main/public_images/winbachat/MRT-WB-MTSGARDNING-151_Red_Radish_Seeds_Lal_Mooli_F1_Hybrid_Vegetable_See_1.webp,1,Red Radish Seeds (Lal Mooli) – F1 Hybrid Vegetable Seeds,FALSE,Red Radish Seeds – F1 Hybrid Lal Mooli Seeds for Home Garden,"Grow fresh red radishes at home with F1 Hybrid Lal Mooli Seeds. Ideal for garden beds, raised beds and containers with loose soil and regular watering.",active
red-radish-seeds-lal-mooli-f1-hybrid-vegetable-seeds,,,,,,,,,,,,,,,,,,,,https://raw.githubusercontent.com/mrfantastic05678/shopify-products/main/public_images/winbachat/MRT-WB-MTSGARDNING-151_Red_Radish_Seeds_Lal_Mooli_F1_Hybrid_Vegetable_See_2.webp,2,Red Radish Seeds (Lal Mooli) – F1 Hybrid Vegetable Seeds,,,,
red-radish-seeds-lal-mooli-f1-hybrid-vegetable-seeds,,,,,,,,,,,,,,,,,,,,https://raw.githubusercontent.com/mrfantastic05678/shopify-products/main/public_images/winbachat/MRT-WB-MTSGARDNING-151_Red_Radish_Seeds_Lal_Mooli_F1_Hybrid_Vegetable_See_3.webp,3,Red Radish Seeds (Lal Mooli) – F1 Hybrid Vegetable Seeds,,,,
long-brinjal-seeds-lamba-baingan-f1-hybrid-vegetable-seeds,Long Brinjal Seeds (Lamba Baingan) – F1 Hybrid Vegetable Seeds,"<p>Grow long brinjal at home with F1 Hybrid Lamba Baingan Seeds. This popular vegetable can be cultivated in kitchen gardens, outdoor beds and sufficiently large containers. Give plants adequate sunlight, fertile soil, regular watering and routine care to support healthy growth throughout the season.</p>",Win Bachat,Home & Garden > Lawn & Garden > Gardening,Gardening,"Gardening, MTS Gardening, Win Bachat, Seeds, Vegetable Seeds",true,Title,Default Title,MRT-WB-MTSGARDNING-152,20,shopify,deny,manual,122.02,159.00,TRUE,TRUE,,https://raw.githubusercontent.com/mrfantastic05678/shopify-products/main/public_images/winbachat/MRT-WB-MTSGARDNING-152_Long_Brinjal_Seeds_Lamba_Baingan_F1_Hybrid_Vegetab_1.webp,1,Long Brinjal Seeds (Lamba Baingan) – F1 Hybrid Vegetable Seeds,FALSE,Long Brinjal Seeds – F1 Hybrid Lamba Baingan Seeds,"Grow Lamba Baingan at home with F1 Hybrid Long Brinjal Seeds. Suitable for kitchen gardens, vegetable beds and large containers with proper plant care.",active
long-brinjal-seeds-lamba-baingan-f1-hybrid-vegetable-seeds,,,,,,,,,,,,,,,,,,,,https://raw.githubusercontent.com/mrfantastic05678/shopify-products/main/public_images/winbachat/MRT-WB-MTSGARDNING-152_Long_Brinjal_Seeds_Lamba_Baingan_F1_Hybrid_Vegetab_2.webp,2,Long Brinjal Seeds (Lamba Baingan) – F1 Hybrid Vegetable Seeds,,,,
long-brinjal-seeds-lamba-baingan-f1-hybrid-vegetable-seeds,,,,,,,,,,,,,,,,,,,,https://raw.githubusercontent.com/mrfantastic05678/shopify-products/main/public_images/winbachat/MRT-WB-MTSGARDNING-152_Long_Brinjal_Seeds_Lamba_Baingan_F1_Hybrid_Vegetab_3.webp,3,Long Brinjal Seeds (Lamba Baingan) – F1 Hybrid Vegetable Seeds,,,,
squash-seeds-f1-hybrid-vegetable-seeds-for-home-gardening,Squash Seeds – F1 Hybrid Vegetable Seeds for Home Gardening,"<p>Grow fresh squash in your home vegetable garden with F1 Hybrid Squash Seeds. Suitable for outdoor garden beds and spacious growing areas, squash plants benefit from fertile soil, adequate sunlight and consistent watering. A practical option for gardeners looking to expand their seasonal vegetable selection.</p>",Win Bachat,Home & Garden > Lawn & Garden > Gardening,Gardening,"Gardening, MTS Gardening, Win Bachat, Seeds, Vegetable Seeds",true,Title,Default Title,MRT-WB-MTSGARDNING-153,30,shopify,deny,manual,122.02,159.00,TRUE,TRUE,,https://raw.githubusercontent.com/mrfantastic05678/shopify-products/main/public_images/winbachat/MRT-WB-MTSGARDNING-153_Squash_Seeds_F1_Hybrid_Vegetable_Seeds_for_Home_Ga_1.webp,1,Squash Seeds – F1 Hybrid Vegetable Seeds for Home Gardening,FALSE,Squash Seeds – F1 Hybrid Vegetable Seeds for Home Garden,"Grow fresh squash at home with F1 Hybrid Squash Seeds. Suitable for vegetable gardens and outdoor beds with fertile soil, sunlight and consistent watering.",active
squash-seeds-f1-hybrid-vegetable-seeds-for-home-gardening,,,,,,,,,,,,,,,,,,,,https://raw.githubusercontent.com/mrfantastic05678/shopify-products/main/public_images/winbachat/MRT-WB-MTSGARDNING-153_Squash_Seeds_F1_Hybrid_Vegetable_Seeds_for_Home_Ga_2.webp,2,Squash Seeds – F1 Hybrid Vegetable Seeds for Home Gardening,,,,
squash-seeds-f1-hybrid-vegetable-seeds-for-home-gardening,,,,,,,,,,,,,,,,,,,,https://raw.githubusercontent.com/mrfantastic05678/shopify-products/main/public_images/winbachat/MRT-WB-MTSGARDNING-153_Squash_Seeds_F1_Hybrid_Vegetable_Seeds_for_Home_Ga_3.webp,3,Squash Seeds – F1 Hybrid Vegetable Seeds for Home Gardening,,,,
methi-seeds-fenugreek-f1-hybrid-herb-seeds-for-home-gardening,Methi Seeds (Fenugreek) – F1 Hybrid Herb Seeds for Home Gardening,"<p>Grow fresh Methi at home with F1 Hybrid Fenugreek Seeds. Fenugreek is a popular culinary herb that can be grown in pots, containers, raised beds and kitchen gardens. With appropriate seasonal conditions, regular moisture and adequate light, it can provide fresh green leaves for home use.</p>",Win Bachat,Home & Garden > Lawn & Garden > Gardening,Gardening,"Gardening, MTS Gardening, Win Bachat, Seeds, Vegetable Seeds",true,Title,Default Title,MRT-WB-MTSGARDNING-154,30,shopify,deny,manual,122.02,159.00,TRUE,TRUE,,https://raw.githubusercontent.com/mrfantastic05678/shopify-products/main/public_images/winbachat/MRT-WB-MTSGARDNING-154_Methi_Seeds_Fenugreek_F1_Hybrid_Herb_Seeds_for_Hom_1.webp,1,Methi Seeds (Fenugreek) – F1 Hybrid Herb Seeds for Home Gardening,FALSE,Methi Seeds – F1 Hybrid Fenugreek Seeds for Home Gardening,"Grow fresh Methi at home with F1 Hybrid Fenugreek Seeds. Ideal for pots, containers, raised beds and kitchen gardens with proper watering and light.",active
methi-seeds-fenugreek-f1-hybrid-herb-seeds-for-home-gardening,,,,,,,,,,,,,,,,,,,,https://raw.githubusercontent.com/mrfantastic05678/shopify-products/main/public_images/winbachat/MRT-WB-MTSGARDNING-154_Methi_Seeds_Fenugreek_F1_Hybrid_Herb_Seeds_for_Hom_2.webp,2,Methi Seeds (Fenugreek) – F1 Hybrid Herb Seeds for Home Gardening,,,,
methi-seeds-fenugreek-f1-hybrid-herb-seeds-for-home-gardening,,,,,,,,,,,,,,,,,,,,https://raw.githubusercontent.com/mrfantastic05678/shopify-products/main/public_images/winbachat/MRT-WB-MTSGARDNING-154_Methi_Seeds_Fenugreek_F1_Hybrid_Herb_Seeds_for_Hom_3.webp,3,Methi Seeds (Fenugreek) – F1 Hybrid Herb Seeds for Home Gardening,,,,
pumpkin-seeds-kaddu-f1-hybrid-vegetable-seeds-for-home-gardening,Pumpkin Seeds (Kaddu) – F1 Hybrid Vegetable Seeds for Home Gardening,"<p>Grow fresh Kaddu at home with F1 Hybrid Pumpkin Seeds. Pumpkin plants develop spreading vines and are best suited to gardens or spacious growing areas with sufficient sunlight. Fertile soil, regular watering and adequate room for vine development can support healthy seasonal growth.</p>",Win Bachat,Home & Garden > Lawn & Garden > Gardening,Gardening,"Gardening, MTS Gardening, Win Bachat, Seeds, Vegetable Seeds",true,Title,Default Title,MRT-WB-MTSGARDNING-155,30,shopify,deny,manual,122.02,159.00,TRUE,TRUE,,https://raw.githubusercontent.com/mrfantastic05678/shopify-products/main/public_images/winbachat/MRT-WB-MTSGARDNING-155_Pumpkin_Seeds_Kaddu_F1_Hybrid_Vegetable_Seeds_for__1.webp,1,Pumpkin Seeds (Kaddu) – F1 Hybrid Vegetable Seeds for Home Gardening,FALSE,Pumpkin Seeds (Kaddu) – F1 Hybrid Seeds for Home Garden,"Grow fresh Kaddu with F1 Hybrid Pumpkin Seeds. Suitable for home gardens and spacious vegetable beds with sunlight, fertile soil and regular watering.",active
pumpkin-seeds-kaddu-f1-hybrid-vegetable-seeds-for-home-gardening,,,,,,,,,,,,,,,,,,,,https://raw.githubusercontent.com/mrfantastic05678/shopify-products/main/public_images/winbachat/MRT-WB-MTSGARDNING-155_Pumpkin_Seeds_Kaddu_F1_Hybrid_Vegetable_Seeds_for__2.webp,2,Pumpkin Seeds (Kaddu) – F1 Hybrid Vegetable Seeds for Home Gardening,,,,
pumpkin-seeds-kaddu-f1-hybrid-vegetable-seeds-for-home-gardening,,,,,,,,,,,,,,,,,,,,https://raw.githubusercontent.com/mrfantastic05678/shopify-products/main/public_images/winbachat/MRT-WB-MTSGARDNING-155_Pumpkin_Seeds_Kaddu_F1_Hybrid_Vegetable_Seeds_for__3.webp,3,Pumpkin Seeds (Kaddu) – F1 Hybrid Vegetable Seeds for Home Gardening,,,,
mustard-seeds-sarson-f1-hybrid-seeds-for-home-gardening,Mustard Seeds (Sarson) – F1 Hybrid Seeds for Home Gardening,"<p>Grow fresh Sarson at home with F1 Hybrid Mustard Seeds. Suitable for kitchen gardens, raised beds and containers, mustard greens can make a useful addition to a seasonal home vegetable garden. Provide suitable soil, adequate sunlight and consistent moisture to encourage healthy leafy growth.</p>",Win Bachat,Home & Garden > Lawn & Garden > Gardening,Gardening,"Gardening, MTS Gardening, Win Bachat, Seeds, Vegetable Seeds",true,Title,Default Title,MRT-WB-MTSGARDNING-156,30,shopify,deny,manual,122.02,159.00,TRUE,TRUE,,https://raw.githubusercontent.com/mrfantastic05678/shopify-products/main/public_images/winbachat/MRT-WB-MTSGARDNING-156_Mustard_Seeds_Sarson_F1_Hybrid_Seeds_for_Home_Gard_1.webp,1,Mustard Seeds (Sarson) – F1 Hybrid Seeds for Home Gardening,FALSE,Mustard Seeds (Sarson) – F1 Hybrid Seeds for Home Garden,"Grow fresh Sarson at home with F1 Hybrid Mustard Seeds. Ideal for kitchen gardens, containers and raised beds with suitable soil, sunlight and regular care.",active
mustard-seeds-sarson-f1-hybrid-seeds-for-home-gardening,,,,,,,,,,,,,,,,,,,,https://raw.githubusercontent.com/mrfantastic05678/shopify-products/main/public_images/winbachat/MRT-WB-MTSGARDNING-156_Mustard_Seeds_Sarson_F1_Hybrid_Seeds_for_Home_Gard_2.webp,2,Mustard Seeds (Sarson) – F1 Hybrid Seeds for Home Gardening,,,,
mustard-seeds-sarson-f1-hybrid-seeds-for-home-gardening,,,,,,,,,,,,,,,,,,,,https://raw.githubusercontent.com/mrfantastic05678/shopify-products/main/public_images/winbachat/MRT-WB-MTSGARDNING-156_Mustard_Seeds_Sarson_F1_Hybrid_Seeds_for_Home_Gard_3.webp,3,Mustard Seeds (Sarson) – F1 Hybrid Seeds for Home Gardening,,,,
karela-seeds-bitter-gourd-f1-hybrid-vegetable-seeds-for-home-gardening,Karela Seeds (Bitter Gourd) – F1 Hybrid Vegetable Seeds for Home Gardening,"<p>Grow fresh Karela at home with F1 Hybrid Bitter Gourd Seeds. Bitter gourd is a climbing vegetable suitable for kitchen gardens and outdoor growing areas with trellis support. Warm conditions, good sunlight, regular watering and sufficient climbing space help support vigorous vine growth.</p>",Win Bachat,Home & Garden > Lawn & Garden > Gardening,Gardening,"Gardening, MTS Gardening, Win Bachat, Seeds, Vegetable Seeds",true,Title,Default Title,MRT-WB-MTSGARDNING-157,30,shopify,deny,manual,122.02,159.00,TRUE,TRUE,,https://raw.githubusercontent.com/mrfantastic05678/shopify-products/main/public_images/winbachat/MRT-WB-MTSGARDNING-157_Karela_Seeds_Bitter_Gourd_F1_Hybrid_Vegetable_Seed_1.webp,1,Karela Seeds (Bitter Gourd) – F1 Hybrid Vegetable Seeds for Home Gardening,FALSE,Karela Seeds – F1 Hybrid Bitter Gourd Seeds for Home Garden,"Grow fresh Karela at home with F1 Hybrid Bitter Gourd Seeds. Ideal for kitchen gardens with warm conditions, sunlight, regular watering and trellis support.",active
karela-seeds-bitter-gourd-f1-hybrid-vegetable-seeds-for-home-gardening,,,,,,,,,,,,,,,,,,,,https://raw.githubusercontent.com/mrfantastic05678/shopify-products/main/public_images/winbachat/MRT-WB-MTSGARDNING-157_Karela_Seeds_Bitter_Gourd_F1_Hybrid_Vegetable_Seed_2.webp,2,Karela Seeds (Bitter Gourd) – F1 Hybrid Vegetable Seeds for Home Gardening,,,,
karela-seeds-bitter-gourd-f1-hybrid-vegetable-seeds-for-home-gardening,,,,,,,,,,,,,,,,,,,,https://raw.githubusercontent.com/mrfantastic05678/shopify-products/main/public_images/winbachat/MRT-WB-MTSGARDNING-157_Karela_Seeds_Bitter_Gourd_F1_Hybrid_Vegetable_Seed_3.webp,3,Karela Seeds (Bitter Gourd) – F1 Hybrid Vegetable Seeds for Home Gardening,,,,
round-brinjal-seeds-gol-baingan-f1-hybrid-vegetable-seeds,Round Brinjal Seeds (Gol Baingan) – F1 Hybrid Vegetable Seeds,"<p>Grow fresh round brinjal at home with F1 Hybrid Gol Baingan Seeds. Suitable for kitchen gardens, vegetable beds and large containers, these seeds are a practical choice for home growers. Provide fertile soil, good sunlight, regular watering and suitable seasonal conditions for healthy plant development.</p>",Win Bachat,Home & Garden > Lawn & Garden > Gardening,Gardening,"Gardening, MTS Gardening, Win Bachat, Seeds, Vegetable Seeds",true,Title,Default Title,MRT-WB-MTSGARDNING-158,20,shopify,deny,manual,122.02,159.00,TRUE,TRUE,,https://raw.githubusercontent.com/mrfantastic05678/shopify-products/main/public_images/winbachat/MRT-WB-MTSGARDNING-158_Round_Brinjal_Seeds_Gol_Baingan_F1_Hybrid_Vegetabl_1.webp,1,Round Brinjal Seeds (Gol Baingan) – F1 Hybrid Vegetable Seeds,FALSE,Round Brinjal Seeds – F1 Hybrid Gol Baingan Seeds,"Grow Gol Baingan at home with F1 Hybrid Round Brinjal Seeds. Ideal for kitchen gardens, vegetable beds and containers with proper sunlight and care.",active
round-brinjal-seeds-gol-baingan-f1-hybrid-vegetable-seeds,,,,,,,,,,,,,,,,,,,,https://raw.githubusercontent.com/mrfantastic05678/shopify-products/main/public_images/winbachat/MRT-WB-MTSGARDNING-158_Round_Brinjal_Seeds_Gol_Baingan_F1_Hybrid_Vegetabl_2.webp,2,Round Brinjal Seeds (Gol Baingan) – F1 Hybrid Vegetable Seeds,,,,
down-to-earth-bat-guano-7-3-1-organic-fertilizer-2-lb-091-kg,Down To Earth Bat Guano 7-3-1 Organic Fertilizer – 2 lb (0.91 kg),"<p>Down To Earth Bat Guano 7-3-1 is an all-natural fertilizer designed to supplement plant nutrition in gardens and containers. Its 7-3-1 nutrient analysis makes it particularly suitable for supporting vegetative growth. The 2 lb box is convenient for home gardening, soil mixes and established plants when applied according to label directions.</p>",Win Bachat,Home & Garden > Lawn & Garden > Gardening,Gardening,"Gardening, MTS Gardening, Win Bachat, Hydroponic Fertilizers, Gardening Fertilizers",true,Title,Default Title,MRT-WB-MTSGARDNING-159,1000,shopify,deny,manual,122.02,159.00,TRUE,TRUE,,https://raw.githubusercontent.com/mrfantastic05678/shopify-products/main/public_images/winbachat/MRT-WB-MTSGARDNING-159_Down_To_Earth_Bat_Guano_7_3_1_Organic_Fertilizer_2_1.webp,1,Down To Earth Bat Guano 7-3-1 Organic Fertilizer – 2 lb (0.91 kg),FALSE,Bat Guano 7-3-1 Organic Fertilizer – 2 lb,"Shop Down To Earth Bat Guano 7-3-1, an all-natural fertilizer for garden and container plants. Convenient 2 lb pack for plant nutrition and soil care.",active
down-to-earth-bat-guano-7-3-1-organic-fertilizer-2-lb-091-kg,,,,,,,,,,,,,,,,,,,,https://raw.githubusercontent.com/mrfantastic05678/shopify-products/main/public_images/winbachat/MRT-WB-MTSGARDNING-159_Down_To_Earth_Bat_Guano_7_3_1_Organic_Fertilizer_2_2.webp,2,Down To Earth Bat Guano 7-3-1 Organic Fertilizer – 2 lb (0.91 kg),,,,
down-to-earth-bat-guano-7-3-1-organic-fertilizer-2-lb-091-kg,,,,,,,,,,,,,,,,,,,,https://raw.githubusercontent.com/mrfantastic05678/shopify-products/main/public_images/winbachat/MRT-WB-MTSGARDNING-159_Down_To_Earth_Bat_Guano_7_3_1_Organic_Fertilizer_2_3.jpg,3,Down To Earth Bat Guano 7-3-1 Organic Fertilizer – 2 lb (0.91 kg),,,,
down-to-earth-bat-guano-7-3-1-organic-fertilizer-2-lb-091-kg,,,,,,,,,,,,,,,,,,,,https://raw.githubusercontent.com/mrfantastic05678/shopify-products/main/public_images/winbachat/MRT-WB-MTSGARDNING-159_Down_To_Earth_Bat_Guano_7_3_1_Organic_Fertilizer_2_4.jpg,4,Down To Earth Bat Guano 7-3-1 Organic Fertilizer – 2 lb (0.91 kg),,,,
down-to-earth-bat-guano-7-3-1-organic-fertilizer-2-lb-091-kg,,,,,,,,,,,,,,,,,,,,https://raw.githubusercontent.com/mrfantastic05678/shopify-products/main/public_images/winbachat/MRT-WB-MTSGARDNING-159_Down_To_Earth_Bat_Guano_7_3_1_Organic_Fertilizer_2_5.jpg,5,Down To Earth Bat Guano 7-3-1 Organic Fertilizer – 2 lb (0.91 kg),,,,
microbial-mass-beneficial-microbe-concentrate-250-ml,Microbial Mass Beneficial Microbe Concentrate – 250 ml,"<p>Microbial Mass is a concentrated microbial enhancer formulated for plants and growing media. The beneficial microbe concentrate is designed to support nutrient availability around the root zone, including phosphorus and micronutrients. Suitable for growers looking to incorporate microbial support into an established plant-feeding program.</p>",Win Bachat,Home & Garden > Lawn & Garden > Gardening,Gardening,"Gardening, MTS Gardening, Win Bachat, Hydroponic Fertilizers, Gardening Fertilizers",true,Title,Default Title,MRT-WB-MTSGARDNING-160,330,shopify,deny,manual,22185.00,28840.00,TRUE,TRUE,,https://raw.githubusercontent.com/mrfantastic05678/shopify-products/main/public_images/winbachat/MRT-WB-MTSGARDNING-160_Microbial_Mass_Beneficial_Microbe_Concentrate_250__1.webp,1,Microbial Mass Beneficial Microbe Concentrate – 250 ml,FALSE,Microbial Mass Beneficial Microbe Concentrate – 250 ml,"Microbial Mass 250 ml is a concentrated microbial enhancer for plants, designed to support root-zone activity and improve nutrient availability in growing media.",active
microbial-mass-beneficial-microbe-concentrate-250-ml,,,,,,,,,,,,,,,,,,,,https://raw.githubusercontent.com/mrfantastic05678/shopify-products/main/public_images/winbachat/MRT-WB-MTSGARDNING-160_Microbial_Mass_Beneficial_Microbe_Concentrate_250__2.jpg,2,Microbial Mass Beneficial Microbe Concentrate – 250 ml,,,,
microbial-mass-beneficial-microbe-concentrate-250-ml,,,,,,,,,,,,,,,,,,,,https://raw.githubusercontent.com/mrfantastic05678/shopify-products/main/public_images/winbachat/MRT-WB-MTSGARDNING-160_Microbial_Mass_Beneficial_Microbe_Concentrate_250__3.webp,3,Microbial Mass Beneficial Microbe Concentrate – 250 ml,,,,
microbial-mass-beneficial-microbe-concentrate-250-ml,,,,,,,,,,,,,,,,,,,,https://raw.githubusercontent.com/mrfantastic05678/shopify-products/main/public_images/winbachat/MRT-WB-MTSGARDNING-160_Microbial_Mass_Beneficial_Microbe_Concentrate_250__4.jpg,4,Microbial Mass Beneficial Microbe Concentrate – 250 ml,,,,
fish-sht-organic-soil-conditioner-80-ml,Fish Sh!t Organic Soil Conditioner – 80 ml,"<p>Fish Sh!t Organic Soil Conditioner is a microbial-based soil additive designed to support a biologically active root environment. Suitable for soil, coco and compatible growing programs, it can be incorporated into regular plant care to support the growing medium and nutrient cycling. Use according to the manufacturer's directions.</p>",Win Bachat,Home & Garden > Lawn & Garden > Gardening,Gardening,"Gardening, MTS Gardening, Win Bachat, Hydroponic Fertilizers, Gardening Fertilizers",true,Title,Default Title,MRT-WB-MTSGARDNING-161,120,shopify,deny,manual,22185.00,28840.00,TRUE,TRUE,,https://raw.githubusercontent.com/mrfantastic05678/shopify-products/main/public_images/winbachat/MRT-WB-MTSGARDNING-161_Fish_Sht_Organic_Soil_Conditioner_80_ml_1.webp,1,Fish Sh!t Organic Soil Conditioner – 80 ml,FALSE,Fish Sh!t Organic Soil Conditioner – 80 ml,"Fish Sh!t 80 ml is an organic microbial soil conditioner for supporting an active root-zone environment in soil, coco and compatible growing systems.",active
fish-sht-organic-soil-conditioner-80-ml,,,,,,,,,,,,,,,,,,,,https://raw.githubusercontent.com/mrfantastic05678/shopify-products/main/public_images/winbachat/MRT-WB-MTSGARDNING-161_Fish_Sht_Organic_Soil_Conditioner_80_ml_2.jpg,2,Fish Sh!t Organic Soil Conditioner – 80 ml,,,,
fish-sht-organic-soil-conditioner-80-ml,,,,,,,,,,,,,,,,,,,,https://raw.githubusercontent.com/mrfantastic05678/shopify-products/main/public_images/winbachat/MRT-WB-MTSGARDNING-161_Fish_Sht_Organic_Soil_Conditioner_80_ml_3.jpg,3,Fish Sh!t Organic Soil Conditioner – 80 ml,,,,
fish-sht-organic-soil-conditioner-80-ml,,,,,,,,,,,,,,,,,,,,https://raw.githubusercontent.com/mrfantastic05678/shopify-products/main/public_images/winbachat/MRT-WB-MTSGARDNING-161_Fish_Sht_Organic_Soil_Conditioner_80_ml_4.jpg,4,Fish Sh!t Organic Soil Conditioner – 80 ml,,,,
fish-sht-organic-soil-conditioner-80-ml,,,,,,,,,,,,,,,,,,,,https://raw.githubusercontent.com/mrfantastic05678/shopify-products/main/public_images/winbachat/MRT-WB-MTSGARDNING-161_Fish_Sht_Organic_Soil_Conditioner_80_ml_5.jpg,5,Fish Sh!t Organic Soil Conditioner – 80 ml,,,,
general-hydroponics-floramicro-5-0-1-1-gallon-379-l,General Hydroponics FloraMicro 5-0-1 – 1 Gallon (3.79 L),<p>General Hydroponics FloraMicro 5-0-1 is the foundational component of the FloraSeries nutrient system. It supplies key nutrients that complement FloraGro and other compatible FloraSeries formulas. The 1-gallon size is suitable for hydroponic and soilless growing programs requiring flexible nutrient management.</p>,Win Bachat,Home & Garden > Lawn & Garden > Gardening,Gardening,"Gardening, MTS Gardening, Win Bachat, Hydroponic Fertilizers, Gardening Fertilizers",true,Title,Default Title,MRT-WB-MTSGARDNING-162,4400,shopify,deny,manual,9860.00,12818.00,TRUE,TRUE,,https://raw.githubusercontent.com/mrfantastic05678/shopify-products/main/public_images/winbachat/MRT-WB-MTSGARDNING-162_General_Hydroponics_FloraMicro_5_0_1_1_Gallon_379__1.webp,1,General Hydroponics FloraMicro 5-0-1 – 1 Gallon (3.79 L),FALSE,General Hydroponics FloraMicro 5-0-1 – 1 Gallon,General Hydroponics FloraMicro 5-0-1 in a 1-gallon size provides the foundation of the FloraSeries nutrient program for hydroponic and soilless plants.,active
general-hydroponics-floramicro-5-0-1-1-gallon-379-l,,,,,,,,,,,,,,,,,,,,https://raw.githubusercontent.com/mrfantastic05678/shopify-products/main/public_images/winbachat/MRT-WB-MTSGARDNING-162_General_Hydroponics_FloraMicro_5_0_1_1_Gallon_379__2.webp,2,General Hydroponics FloraMicro 5-0-1 – 1 Gallon (3.79 L),,,,
general-hydroponics-floramicro-5-0-1-1-gallon-379-l,,,,,,,,,,,,,,,,,,,,https://raw.githubusercontent.com/mrfantastic05678/shopify-products/main/public_images/winbachat/MRT-WB-MTSGARDNING-162_General_Hydroponics_FloraMicro_5_0_1_1_Gallon_379__3.webp,3,General Hydroponics FloraMicro 5-0-1 – 1 Gallon (3.79 L),,,,
general-hydroponics-floramicro-5-0-1-1-gallon-379-l,,,,,,,,,,,,,,,,,,,,https://raw.githubusercontent.com/mrfantastic05678/shopify-products/main/public_images/winbachat/MRT-WB-MTSGARDNING-162_General_Hydroponics_FloraMicro_5_0_1_1_Gallon_379__4.webp,4,General Hydroponics FloraMicro 5-0-1 – 1 Gallon (3.79 L),,,,
general-hydroponics-floragro-2-1-6-1-gallon-379-l,General Hydroponics FloraGro 2-1-6 – 1 Gallon (3.79 L),"<p>General Hydroponics FloraGro 2-1-6 is part of the FloraSeries advanced nutrient system and is formulated to support vigorous vegetative plant development. It can be combined with other FloraSeries components according to crop stage and manufacturer recommendations, making it suitable for customizable hydroponic feeding programs.</p>",Win Bachat,Home & Garden > Lawn & Garden > Gardening,Gardening,"Gardening, MTS Gardening, Win Bachat, Hydroponic Fertilizers, Gardening Fertilizers",true,Title,Default Title,MRT-WB-MTSGARDNING-163,4400,shopify,deny,manual,43137.50,56079.00,TRUE,TRUE,,https://raw.githubusercontent.com/mrfantastic05678/shopify-products/main/public_images/winbachat/MRT-WB-MTSGARDNING-163_General_Hydroponics_FloraGro_2_1_6_1_Gallon_379_L_1.webp,1,General Hydroponics FloraGro 2-1-6 – 1 Gallon (3.79 L),FALSE,General Hydroponics FloraGro 2-1-6 – 1 Gallon,General Hydroponics FloraGro 2-1-6 is a 1-gallon plant nutrient designed to support vegetative growth as part of the customizable FloraSeries feeding system.,active
general-hydroponics-floragro-2-1-6-1-gallon-379-l,,,,,,,,,,,,,,,,,,,,https://raw.githubusercontent.com/mrfantastic05678/shopify-products/main/public_images/winbachat/MRT-WB-MTSGARDNING-163_General_Hydroponics_FloraGro_2_1_6_1_Gallon_379_L_2.webp,2,General Hydroponics FloraGro 2-1-6 – 1 Gallon (3.79 L),,,,
general-hydroponics-floragro-2-1-6-1-gallon-379-l,,,,,,,,,,,,,,,,,,,,https://raw.githubusercontent.com/mrfantastic05678/shopify-products/main/public_images/winbachat/MRT-WB-MTSGARDNING-163_General_Hydroponics_FloraGro_2_1_6_1_Gallon_379_L_3.webp,3,General Hydroponics FloraGro 2-1-6 – 1 Gallon (3.79 L),,,,
general-hydroponics-florablend-vegan-plant-booster-05-1-1-1-gallon,General Hydroponics FloraBlend Vegan Plant Booster 0.5-1-1 – 1 Gallon,"<p>General Hydroponics FloraBlend 0.5-1-1 is a vegan plant booster designed to complement regular plant nutrition programs. Suitable for use alongside compatible fertilizers in hydroponic, soilless and other growing systems, FloraBlend provides supplemental plant nutrition throughout appropriate stages of growth.</p>",Win Bachat,Home & Garden > Lawn & Garden > Gardening,Gardening,"Gardening, MTS Gardening, Win Bachat, Hydroponic Fertilizers, Gardening Fertilizers",true,Title,Default Title,MRT-WB-MTSGARDNING-164,4300,shopify,deny,manual,43137.50,56079.00,TRUE,TRUE,,https://raw.githubusercontent.com/mrfantastic05678/shopify-products/main/public_images/winbachat/MRT-WB-MTSGARDNING-164_General_Hydroponics_FloraBlend_Vegan_Plant_Booster_1.webp,1,General Hydroponics FloraBlend Vegan Plant Booster 0.5-1-1 – 1 Gallon,FALSE,General Hydroponics FloraBlend 0.5-1-1 – 1 Gallon,General Hydroponics FloraBlend 0.5-1-1 is a vegan plant booster in a 1-gallon size for supplementing compatible hydroponic and plant nutrition programs.,active
general-hydroponics-florablend-vegan-plant-booster-05-1-1-1-gallon,,,,,,,,,,,,,,,,,,,,https://raw.githubusercontent.com/mrfantastic05678/shopify-products/main/public_images/winbachat/MRT-WB-MTSGARDNING-164_General_Hydroponics_FloraBlend_Vegan_Plant_Booster_2.webp,2,General Hydroponics FloraBlend Vegan Plant Booster 0.5-1-1 – 1 Gallon,,,,
advanced-nutrients-bud-candy-500-ml,Advanced Nutrients Bud Candy – 500 ml,<p>Advanced Nutrients Bud Candy is a bloom-stage supplement formulated with carbohydrates for use as part of a compatible plant-feeding program. The 500 ml bottle is convenient for indoor and outdoor growers using hydroponic or soilless systems. Follow the manufacturer's feeding schedule for appropriate dilution and application.</p>,Win Bachat,Home & Garden > Lawn & Garden > Gardening,Gardening,"Gardening, MTS Gardening, Win Bachat, Hydroponic Fertilizers, Gardening Fertilizers",true,Title,Default Title,MRT-WB-MTSGARDNING-165,600,shopify,deny,manual,30812.50,40056.00,TRUE,TRUE,,https://raw.githubusercontent.com/mrfantastic05678/shopify-products/main/public_images/winbachat/MRT-WB-MTSGARDNING-165_Advanced_Nutrients_Bud_Candy_500_ml_1.webp,1,Advanced Nutrients Bud Candy – 500 ml,FALSE,Advanced Nutrients Bud Candy – 500 ml Bloom Supplement,Advanced Nutrients Bud Candy 500 ml is a carbohydrate-based bloom supplement for compatible hydroponic and soilless feeding programs during flowering.,active
advanced-nutrients-bud-candy-500-ml,,,,,,,,,,,,,,,,,,,,https://raw.githubusercontent.com/mrfantastic05678/shopify-products/main/public_images/winbachat/MRT-WB-MTSGARDNING-165_Advanced_Nutrients_Bud_Candy_500_ml_2.webp,2,Advanced Nutrients Bud Candy – 500 ml,,,,
advanced-nutrients-big-bud-500-ml-bloom-booster,Advanced Nutrients Big Bud – 500 ml Bloom Booster,"<p>Advanced Nutrients Big Bud is a flowering-stage plant supplement formulated for use within compatible nutrient programs. Designed for growers seeking additional bloom-phase nutrition, the 500 ml bottle is suitable for hydroponic and soilless cultivation. Apply only at recommended rates and growth stages according to label directions.</p>",Win Bachat,Home & Garden > Lawn & Garden > Gardening,Gardening,"Gardening, MTS Gardening, Win Bachat, Hydroponic Fertilizers, Gardening Fertilizers",true,Title,Default Title,MRT-WB-MTSGARDNING-166,600,shopify,deny,manual,24650.00,32045.00,TRUE,TRUE,,https://raw.githubusercontent.com/mrfantastic05678/shopify-products/main/public_images/winbachat/MRT-WB-MTSGARDNING-166_Advanced_Nutrients_Big_Bud_500_ml_Bloom_Booster_1.webp,1,Advanced Nutrients Big Bud – 500 ml Bloom Booster,FALSE,Advanced Nutrients Big Bud – 500 ml Bloom Booster,Advanced Nutrients Big Bud 500 ml is a bloom-stage plant supplement designed for compatible hydroponic and soilless nutrient programs during flowering.,active
advanced-nutrients-big-bud-500-ml-bloom-booster,,,,,,,,,,,,,,,,,,,,https://raw.githubusercontent.com/mrfantastic05678/shopify-products/main/public_images/winbachat/MRT-WB-MTSGARDNING-166_Advanced_Nutrients_Big_Bud_500_ml_Bloom_Booster_2.webp,2,Advanced Nutrients Big Bud – 500 ml Bloom Booster,,,,
mykos-pure-mycorrhizal-inoculant-100-g-root-enhancer,MYKOS Pure Mycorrhizal Inoculant – 100 g Root Enhancer,"<p>MYKOS Pure Mycorrhizal Inoculant is a root-zone additive containing mycorrhizal fungi for use during planting and transplanting. Designed to establish beneficial associations around plant roots, it can be incorporated into soil and compatible growing media. The 100 g pack is convenient for home gardens and container plants.</p>",Win Bachat,Home & Garden > Lawn & Garden > Gardening,Gardening,"Gardening, MTS Gardening, Win Bachat, Hydroponic Fertilizers, Gardening Fertilizers",true,Title,Default Title,MRT-WB-MTSGARDNING-167,150,shopify,deny,manual,24650.00,32045.00,TRUE,TRUE,,https://raw.githubusercontent.com/mrfantastic05678/shopify-products/main/public_images/winbachat/MRT-WB-MTSGARDNING-167_MYKOS_Pure_Mycorrhizal_Inoculant_100_g_Root_Enhanc_1.webp,1,MYKOS Pure Mycorrhizal Inoculant – 100 g Root Enhancer,FALSE,MYKOS Mycorrhizal Inoculant – 100 g Root Enhancer,"MYKOS Pure Mycorrhizal Inoculant 100 g is a root-zone enhancer for planting and transplanting in soil, containers and compatible growing media.",active
mykos-pure-mycorrhizal-inoculant-100-g-root-enhancer,,,,,,,,,,,,,,,,,,,,https://raw.githubusercontent.com/mrfantastic05678/shopify-products/main/public_images/winbachat/MRT-WB-MTSGARDNING-167_MYKOS_Pure_Mycorrhizal_Inoculant_100_g_Root_Enhanc_2.webp,2,MYKOS Pure Mycorrhizal Inoculant – 100 g Root Enhancer,,,,
mykos-pure-mycorrhizal-inoculant-100-g-root-enhancer,,,,,,,,,,,,,,,,,,,,https://raw.githubusercontent.com/mrfantastic05678/shopify-products/main/public_images/winbachat/MRT-WB-MTSGARDNING-167_MYKOS_Pure_Mycorrhizal_Inoculant_100_g_Root_Enhanc_3.webp,3,MYKOS Pure Mycorrhizal Inoculant – 100 g Root Enhancer,,,,
mykos-pure-mycorrhizal-inoculant-100-g-root-enhancer,,,,,,,,,,,,,,,,,,,,https://raw.githubusercontent.com/mrfantastic05678/shopify-products/main/public_images/winbachat/MRT-WB-MTSGARDNING-167_MYKOS_Pure_Mycorrhizal_Inoculant_100_g_Root_Enhanc_4.webp,4,MYKOS Pure Mycorrhizal Inoculant – 100 g Root Enhancer,,,,
mykos-pure-mycorrhizal-inoculant-100-g-root-enhancer,,,,,,,,,,,,,,,,,,,,https://raw.githubusercontent.com/mrfantastic05678/shopify-products/main/public_images/winbachat/MRT-WB-MTSGARDNING-167_MYKOS_Pure_Mycorrhizal_Inoculant_100_g_Root_Enhanc_5.webp,5,MYKOS Pure Mycorrhizal Inoculant – 100 g Root Enhancer,,,,
mykos-pure-mycorrhizal-inoculant-100-g-root-enhancer,,,,,,,,,,,,,,,,,,,,https://raw.githubusercontent.com/mrfantastic05678/shopify-products/main/public_images/winbachat/MRT-WB-MTSGARDNING-167_MYKOS_Pure_Mycorrhizal_Inoculant_100_g_Root_Enhanc_6.webp,6,MYKOS Pure Mycorrhizal Inoculant – 100 g Root Enhancer,,,,
botanicare-cal-mag-plus-calcium-magnesium-iron-supplement,"Botanicare Cal-Mag Plus – Calcium, Magnesium & Iron Supplement","<p>Botanicare Cal-Mag Plus is a plant nutrient supplement providing calcium, magnesium and iron. Designed to complement regular fertilizer programs, it can help growers address additional demand for these essential nutrients in compatible growing systems. Suitable for vegetative, transition and bloom stages when used according to label instructions.</p>",Win Bachat,Home & Garden > Lawn & Garden > Gardening,Gardening,"Gardening, MTS Gardening, Win Bachat, Hydroponic Fertilizers, Gardening Fertilizers",true,Title,Default Title,MRT-WB-MTSGARDNING-168,1100,shopify,deny,manual,9860.00,12818.00,TRUE,TRUE,,https://raw.githubusercontent.com/mrfantastic05678/shopify-products/main/public_images/winbachat/MRT-WB-MTSGARDNING-168_Botanicare_Cal_Mag_Plus_Calcium_Magnesium_Iron_Sup_1.webp,1,"Botanicare Cal-Mag Plus – Calcium, Magnesium & Iron Supplement",FALSE,"Botanicare Cal-Mag Plus – Calcium, Magnesium & Iron","Botanicare Cal-Mag Plus supplies calcium, magnesium and iron to complement plant feeding programs throughout vegetative, transition and bloom stages.",active
botanicare-cal-mag-plus-calcium-magnesium-iron-supplement,,,,,,,,,,,,,,,,,,,,https://raw.githubusercontent.com/mrfantastic05678/shopify-products/main/public_images/winbachat/MRT-WB-MTSGARDNING-168_Botanicare_Cal_Mag_Plus_Calcium_Magnesium_Iron_Sup_2.webp,2,"Botanicare Cal-Mag Plus – Calcium, Magnesium & Iron Supplement",,,,
foxfarm-trio-liquid-fertilizer-set-grow-big-big-bloom-tiger-bloom,"FoxFarm Trio Liquid Fertilizer Set – Grow Big, Big Bloom & Tiger Bloom","<p>FoxFarm Trio combines three popular liquid plant nutrients: Grow Big, Big Bloom and Tiger Bloom. The set provides flexible nutrition for different stages of plant development, from vegetative growth through flowering. Ideal for gardeners seeking a coordinated feeding system, with each formula applied according to the FoxFarm feeding schedule.</p>",Win Bachat,Home & Garden > Lawn & Garden > Gardening,Gardening,"Gardening, MTS Gardening, Win Bachat, Hydroponic Fertilizers, Gardening Fertilizers",true,Title,Default Title,MRT-WB-MTSGARDNING-169,3500,shopify,deny,manual,25000.00,32500.00,TRUE,TRUE,,https://raw.githubusercontent.com/mrfantastic05678/shopify-products/main/public_images/winbachat/MRT-WB-MTSGARDNING-169_FoxFarm_Trio_Liquid_Fertilizer_Set_Grow_Big_Big_Bl_1.webp,1,"FoxFarm Trio Liquid Fertilizer Set – Grow Big, Big Bloom & Tiger Bloom",FALSE,"FoxFarm Trio Fertilizer Set – Grow Big, Big Bloom & Tiger Bloom","FoxFarm Trio combines Grow Big, Big Bloom and Tiger Bloom liquid fertilizers for a flexible plant-feeding program from vegetative growth through flowering.",active
foxfarm-trio-liquid-fertilizer-set-grow-big-big-bloom-tiger-bloom,,,,,,,,,,,,,,,,,,,,https://raw.githubusercontent.com/mrfantastic05678/shopify-products/main/public_images/winbachat/MRT-WB-MTSGARDNING-169_FoxFarm_Trio_Liquid_Fertilizer_Set_Grow_Big_Big_Bl_2.webp,2,"FoxFarm Trio Liquid Fertilizer Set – Grow Big, Big Bloom & Tiger Bloom",,,,
foxfarm-trio-liquid-fertilizer-set-grow-big-big-bloom-tiger-bloom,,,,,,,,,,,,,,,,,,,,https://raw.githubusercontent.com/mrfantastic05678/shopify-products/main/public_images/winbachat/MRT-WB-MTSGARDNING-169_FoxFarm_Trio_Liquid_Fertilizer_Set_Grow_Big_Big_Bl_3.webp,3,"FoxFarm Trio Liquid Fertilizer Set – Grow Big, Big Bloom & Tiger Bloom",,,,
foxfarm-trio-liquid-fertilizer-set-grow-big-big-bloom-tiger-bloom,,,,,,,,,,,,,,,,,,,,https://raw.githubusercontent.com/mrfantastic05678/shopify-products/main/public_images/winbachat/MRT-WB-MTSGARDNING-169_FoxFarm_Trio_Liquid_Fertilizer_Set_Grow_Big_Big_Bl_4.webp,4,"FoxFarm Trio Liquid Fertilizer Set – Grow Big, Big Bloom & Tiger Bloom",,,,
foxfarm-trio-liquid-fertilizer-set-grow-big-big-bloom-tiger-bloom,,,,,,,,,,,,,,,,,,,,https://raw.githubusercontent.com/mrfantastic05678/shopify-products/main/public_images/winbachat/MRT-WB-MTSGARDNING-169_FoxFarm_Trio_Liquid_Fertilizer_Set_Grow_Big_Big_Bl_5.webp,5,"FoxFarm Trio Liquid Fertilizer Set – Grow Big, Big Bloom & Tiger Bloom",,,,
foxfarm-trio-liquid-fertilizer-set-grow-big-big-bloom-tiger-bloom,,,,,,,,,,,,,,,,,,,,https://raw.githubusercontent.com/mrfantastic05678/shopify-products/main/public_images/winbachat/MRT-WB-MTSGARDNING-169_FoxFarm_Trio_Liquid_Fertilizer_Set_Grow_Big_Big_Bl_6.webp,6,"FoxFarm Trio Liquid Fertilizer Set – Grow Big, Big Bloom & Tiger Bloom",,,,
general-hydroponics-floraseries-trio-floragro-floramicro-florabloom-quart-pack,"General Hydroponics FloraSeries Trio – FloraGro, FloraMicro & FloraBloom Quart Pack","<p>General Hydroponics FloraSeries Trio is a complete three-part plant nutrient system featuring FloraGro 2-1-6, FloraMicro 5-0-1 and FloraBloom 0-5-4. The formulas can be combined in different ratios to provide tailored nutrition throughout vegetative growth, transition and flowering stages. Suitable for hydroponic, soilless and compatible growing systems, this quart-size trio offers a flexible feeding solution for a wide variety of plants.</p>",Win Bachat,Home & Garden > Lawn & Garden > Gardening,Gardening,"Gardening, MTS Gardening, Win Bachat, Hydroponic Fertilizers, Gardening Fertilizers",true,Title,Default Title,MRT-WB-MTSGARDNING-170,3300,shopify,deny,manual,60000.00,78000.00,TRUE,TRUE,,https://raw.githubusercontent.com/mrfantastic05678/shopify-products/main/public_images/winbachat/MRT-WB-MTSGARDNING-170_General_Hydroponics_FloraSeries_Trio_FloraGro_Flor_1.webp,1,"General Hydroponics FloraSeries Trio – FloraGro, FloraMicro & FloraBloom Quart Pack",FALSE,General Hydroponics FloraSeries Trio – Quart Pack,"Shop General Hydroponics FloraSeries Trio with FloraGro, FloraMicro and FloraBloom. A versatile 3-part nutrient system for vegetative growth and flowering.",active
general-hydroponics-floraseries-trio-floragro-floramicro-florabloom-quart-pack,,,,,,,,,,,,,,,,,,,,https://raw.githubusercontent.com/mrfantastic05678/shopify-products/main/public_images/winbachat/MRT-WB-MTSGARDNING-170_General_Hydroponics_FloraSeries_Trio_FloraGro_Flor_2.webp,2,"General Hydroponics FloraSeries Trio – FloraGro, FloraMicro & FloraBloom Quart Pack",,,,
general-hydroponics-floraseries-trio-floragro-floramicro-florabloom-quart-pack,,,,,,,,,,,,,,,,,,,,https://raw.githubusercontent.com/mrfantastic05678/shopify-products/main/public_images/winbachat/MRT-WB-MTSGARDNING-170_General_Hydroponics_FloraSeries_Trio_FloraGro_Flor_3.webp,3,"General Hydroponics FloraSeries Trio – FloraGro, FloraMicro & FloraBloom Quart Pack",,,,
general-hydroponics-floraseries-trio-floragro-floramicro-florabloom-quart-pack,,,,,,,,,,,,,,,,,,,,https://raw.githubusercontent.com/mrfantastic05678/shopify-products/main/public_images/winbachat/MRT-WB-MTSGARDNING-170_General_Hydroponics_FloraSeries_Trio_FloraGro_Flor_4.webp,4,"General Hydroponics FloraSeries Trio – FloraGro, FloraMicro & FloraBloom Quart Pack",,,,
