Handle,Title,Body (HTML),Vendor,Product Category,Type,Tags,Published,Option1 Name,Option1 Value,Variant SKU,Variant Grams,Variant Inventory Tracker,Variant Inventory Policy,Variant Fulfillment Service,Variant Price,Variant Compare At Price,Variant Requires Shipping,Variant Taxable,Variant Barcode,Image Src,Image Position,Image Alt Text,Gift Card,SEO Title,SEO Description,Status
westpoint-hair-straightener-wf-6807,Westpoint Hair Straightener WF-6807,"<p>Style your hair with the Westpoint WF-6807 Hair Straightener, designed for convenient everyday straightening and a smooth, polished finish. Its practical handheld design makes it suitable for quick styling at home while helping you achieve sleek, manageable hair.</p>",Win Bachat,Home & Garden > Kitchen & Dining > Kitchen Appliances,Home Appliances,"Electronics, Westpoint, Win Bachat, Hiar Straightner, Hair Straightner & Styling",true,Title,Default Title,MRT-WB-WESTPOINT-001,500,shopify,deny,manual,7500.00,9000.00,TRUE,TRUE,,https://raw.githubusercontent.com/mrfantastic05678/shopify-products/main/public_images/winbachat/MRT-WB-WESTPOINT-001_Westpoint_Hair_Straightener_WF_6807_1.jpg,1,Westpoint Hair Straightener WF-6807,FALSE,Westpoint Hair Straightener WF-6807,"Shop Westpoint WF-6807 Hair Straightener for convenient everyday styling. Achieve smooth, sleek and beautifully straight hair with an easy-to-use design.",active
westpoint-hair-straightener-wf-6807,,,,,,,,,,,,,,,,,,,,https://raw.githubusercontent.com/mrfantastic05678/shopify-products/main/public_images/winbachat/MRT-WB-WESTPOINT-001_Westpoint_Hair_Straightener_WF_6807_2.jpg,2,Westpoint Hair Straightener WF-6807,,,,
westpoint-hair-straightener-wf-6807,,,,,,,,,,,,,,,,,,,,https://raw.githubusercontent.com/mrfantastic05678/shopify-products/main/public_images/winbachat/MRT-WB-WESTPOINT-001_Westpoint_Hair_Straightener_WF_6807_3.jpg,3,Westpoint Hair Straightener WF-6807,,,,
westpoint-hair-straightener-wf-6808,Westpoint Hair Straightener WF-6808,"<p>Create sleek and beautifully styled hair with the Westpoint WF-6808 Hair Straightener. Featuring wide styling plates and a comfortable, modern design, it provides an easy way to straighten and style your hair for everyday looks and special occasions.</p>",Win Bachat,Home & Garden > Kitchen & Dining > Kitchen Appliances,Home Appliances,"Electronics, Westpoint, Win Bachat, Hiar Straightner, Hair Straightner & Styling",true,Title,Default Title,MRT-WB-WESTPOINT-002,400,shopify,deny,manual,8000.00,9600.00,TRUE,TRUE,,https://raw.githubusercontent.com/mrfantastic05678/shopify-products/main/public_images/winbachat/MRT-WB-WESTPOINT-002_Westpoint_Hair_Straightener_WF_6808_1.jpg,1,Westpoint Hair Straightener WF-6808,FALSE,Westpoint Hair Straightener WF-6808,"Buy Westpoint WF-6808 Hair Straightener with wide styling plates and an easy-to-handle design for smooth, sleek and stylish hair at home.",active
westpoint-hair-straightener-wf-6808,,,,,,,,,,,,,,,,,,,,https://raw.githubusercontent.com/mrfantastic05678/shopify-products/main/public_images/winbachat/MRT-WB-WESTPOINT-002_Westpoint_Hair_Straightener_WF_6808_2.jpg,2,Westpoint Hair Straightener WF-6808,,,,
westpoint-hair-straightener-wf-6808,,,,,,,,,,,,,,,,,,,,https://raw.githubusercontent.com/mrfantastic05678/shopify-products/main/public_images/winbachat/MRT-WB-WESTPOINT-002_Westpoint_Hair_Straightener_WF_6808_3.jpg,3,Westpoint Hair Straightener WF-6808,,,,
westpoint-hair-straightener-wf-6809,Westpoint Hair Straightener WF-6809,"<p>Enjoy silky, straight-looking hair with the Westpoint WF-6809 Hair Straightener. Its streamlined design and styling plates help make daily hair styling simple and convenient, whether you are preparing for work, an event or your everyday routine.</p>",Win Bachat,Home & Garden > Kitchen & Dining > Kitchen Appliances,Home Appliances,"Electronics, Westpoint, Win Bachat, Hiar Straightner, Hair Straightner & Styling",true,Title,Default Title,MRT-WB-WESTPOINT-003,500,shopify,deny,manual,8614.00,10337.00,TRUE,TRUE,,https://raw.githubusercontent.com/mrfantastic05678/shopify-products/main/public_images/winbachat/MRT-WB-WESTPOINT-003_Westpoint_Hair_Straightener_WF_6809_1.jpg,1,Westpoint Hair Straightener WF-6809,FALSE,Westpoint Hair Straightener WF-6809,"Shop Westpoint WF-6809 Hair Straightener for easy everyday styling and smooth, silky-looking hair. A convenient choice for straightening hair at home.",active
westpoint-hair-straightener-wf-6809,,,,,,,,,,,,,,,,,,,,https://raw.githubusercontent.com/mrfantastic05678/shopify-products/main/public_images/winbachat/MRT-WB-WESTPOINT-003_Westpoint_Hair_Straightener_WF_6809_2.jpg,2,Westpoint Hair Straightener WF-6809,,,,
westpoint-hair-straightener-wf-6809,,,,,,,,,,,,,,,,,,,,https://raw.githubusercontent.com/mrfantastic05678/shopify-products/main/public_images/winbachat/MRT-WB-WESTPOINT-003_Westpoint_Hair_Straightener_WF_6809_3.jpg,3,Westpoint Hair Straightener WF-6809,,,,
westpoint-deluxe-hair-straightening-brush-wf-6810,Westpoint Deluxe Hair Straightening Brush WF-6810,"<p>Straighten and groom your hair at the same time with the Westpoint WF-6810 Deluxe Hair Straightening Brush. Combining the familiar shape of a hairbrush with straightening functionality, it offers a convenient solution for smoothing and styling hair during your daily routine.</p>",Win Bachat,Home & Garden > Kitchen & Dining > Kitchen Appliances,Home Appliances,"Electronics, Westpoint, Win Bachat, Hiar Straightner, Hair Straightner & Styling",true,Title,Default Title,MRT-WB-WESTPOINT-004,500,shopify,deny,manual,11741.00,14089.00,TRUE,TRUE,,https://raw.githubusercontent.com/mrfantastic05678/shopify-products/main/public_images/winbachat/MRT-WB-WESTPOINT-004_Westpoint_Deluxe_Hair_Straightening_Brush_WF_6810_1.jpg,1,Westpoint Deluxe Hair Straightening Brush WF-6810,FALSE,Westpoint Hair Straightening Brush WF-6810,Buy Westpoint WF-6810 Deluxe Hair Straightening Brush for convenient brushing and straightening. Smooth and style your hair easily during your daily routine.,active
westpoint-deluxe-hair-straightening-brush-wf-6810,,,,,,,,,,,,,,,,,,,,https://raw.githubusercontent.com/mrfantastic05678/shopify-products/main/public_images/winbachat/MRT-WB-WESTPOINT-004_Westpoint_Deluxe_Hair_Straightening_Brush_WF_6810_2.jpg,2,Westpoint Deluxe Hair Straightening Brush WF-6810,,,,
westpoint-deluxe-hair-straightening-brush-wf-6810,,,,,,,,,,,,,,,,,,,,https://raw.githubusercontent.com/mrfantastic05678/shopify-products/main/public_images/winbachat/MRT-WB-WESTPOINT-004_Westpoint_Deluxe_Hair_Straightening_Brush_WF_6810_3.jpg,3,Westpoint Deluxe Hair Straightening Brush WF-6810,,,,
westpoint-deluxe-hair-straightening-brush-wf-6810,,,,,,,,,,,,,,,,,,,,https://raw.githubusercontent.com/mrfantastic05678/shopify-products/main/public_images/winbachat/MRT-WB-WESTPOINT-004_Westpoint_Deluxe_Hair_Straightening_Brush_WF_6810_4.jpg,4,Westpoint Deluxe Hair Straightening Brush WF-6810,,,,
westpoint-professional-hair-clipper-wf-6613,Westpoint Professional Hair Clipper WF-6613,"<p>Keep your grooming routine convenient with the Westpoint WF-6613 Professional Hair Clipper. Designed for home hair cutting and trimming, it comes with grooming attachments to help you maintain your preferred hair length and achieve a neat, well-groomed appearance.</p>",Win Bachat,Home & Garden > Kitchen & Dining > Kitchen Appliances,Home Appliances,"Electronics, Westpoint, Win Bachat, Hair Clipper",true,Title,Default Title,MRT-WB-WESTPOINT-005,350,shopify,deny,manual,4838.00,5806.00,TRUE,TRUE,,https://raw.githubusercontent.com/mrfantastic05678/shopify-products/main/public_images/winbachat/MRT-WB-WESTPOINT-005_Westpoint_Professional_Hair_Clipper_WF_6613_1.jpg,1,Westpoint Professional Hair Clipper WF-6613,FALSE,Westpoint Professional Hair Clipper WF-6613,"Shop Westpoint WF-6613 Professional Hair Clipper with useful grooming attachments for convenient hair cutting, trimming and personal grooming at home.",active
westpoint-professional-hair-clipper-wf-6613,,,,,,,,,,,,,,,,,,,,https://raw.githubusercontent.com/mrfantastic05678/shopify-products/main/public_images/winbachat/MRT-WB-WESTPOINT-005_Westpoint_Professional_Hair_Clipper_WF_6613_2.jpg,2,Westpoint Professional Hair Clipper WF-6613,,,,
westpoint-professional-hair-clipper-wf-6613,,,,,,,,,,,,,,,,,,,,https://raw.githubusercontent.com/mrfantastic05678/shopify-products/main/public_images/winbachat/MRT-WB-WESTPOINT-005_Westpoint_Professional_Hair_Clipper_WF_6613_3.jpg,3,Westpoint Professional Hair Clipper WF-6613,,,,
westpoint-professional-hair-clipper-wf-6613,,,,,,,,,,,,,,,,,,,,https://raw.githubusercontent.com/mrfantastic05678/shopify-products/main/public_images/winbachat/MRT-WB-WESTPOINT-005_Westpoint_Professional_Hair_Clipper_WF_6613_4.jpg,4,Westpoint Professional Hair Clipper WF-6613,,,,
westpoint-professional-hair-clipper-wf-6713,Westpoint Professional Hair Clipper WF-6713,"<p>Achieve a clean and well-groomed look with the Westpoint WF-6713 Professional Hair Clipper. Supplied with 3mm, 6mm, 9mm and 12mm comb attachments, it provides multiple cutting-length options for convenient hair trimming and grooming at home.</p>",Win Bachat,Home & Garden > Kitchen & Dining > Kitchen Appliances,Home Appliances,"Electronics, Westpoint, Win Bachat, Hair Clipper",true,Title,Default Title,MRT-WB-WESTPOINT-006,400,shopify,deny,manual,5310.00,6372.00,TRUE,TRUE,,https://raw.githubusercontent.com/mrfantastic05678/shopify-products/main/public_images/winbachat/MRT-WB-WESTPOINT-006_Westpoint_Professional_Hair_Clipper_WF_6713_1.jpg,1,Westpoint Professional Hair Clipper WF-6713,FALSE,Westpoint Professional Hair Clipper WF-6713,"Buy Westpoint WF-6713 Professional Hair Clipper with 3mm, 6mm, 9mm and 12mm comb attachments for versatile and convenient home grooming.",active
westpoint-professional-hair-clipper-wf-6713,,,,,,,,,,,,,,,,,,,,https://raw.githubusercontent.com/mrfantastic05678/shopify-products/main/public_images/winbachat/MRT-WB-WESTPOINT-006_Westpoint_Professional_Hair_Clipper_WF_6713_2.webp,2,Westpoint Professional Hair Clipper WF-6713,,,,
westpoint-professional-hair-clipper-wf-6713,,,,,,,,,,,,,,,,,,,,https://raw.githubusercontent.com/mrfantastic05678/shopify-products/main/public_images/winbachat/MRT-WB-WESTPOINT-006_Westpoint_Professional_Hair_Clipper_WF_6713_3.jpg,3,Westpoint Professional Hair Clipper WF-6713,,,,
westpoint-professional-cordless-hair-clipper-wf-6813,Westpoint Professional Cordless Hair Clipper WF-6813,"<p>Enjoy convenient cordless grooming with the Westpoint WF-6813 Professional Hair Clipper. Designed for precise and effortless trimming, it offers up to 40 minutes of cordless operation and advanced thinning functionality, making it a practical addition to your personal grooming essentials.</p>",Win Bachat,Home & Garden > Kitchen & Dining > Kitchen Appliances,Home Appliances,"Electronics, Westpoint, Win Bachat, Hair Clipper",true,Title,Default Title,MRT-WB-WESTPOINT-007,400,shopify,deny,manual,6195.00,7434.00,TRUE,TRUE,,https://raw.githubusercontent.com/mrfantastic05678/shopify-products/main/public_images/winbachat/MRT-WB-WESTPOINT-007_Westpoint_Professional_Cordless_Hair_Clipper_WF_68_1.jpg,1,Westpoint Professional Cordless Hair Clipper WF-6813,FALSE,Westpoint Cordless Hair Clipper WF-6813,Shop Westpoint WF-6813 Professional Cordless Hair Clipper with up to 40 minutes of operation and advanced thinning functionality for convenient grooming.,active
westpoint-professional-cordless-hair-clipper-wf-6813,,,,,,,,,,,,,,,,,,,,https://raw.githubusercontent.com/mrfantastic05678/shopify-products/main/public_images/winbachat/MRT-WB-WESTPOINT-007_Westpoint_Professional_Cordless_Hair_Clipper_WF_68_2.jpg,2,Westpoint Professional Cordless Hair Clipper WF-6813,,,,
westpoint-professional-cordless-hair-clipper-wf-6813,,,,,,,,,,,,,,,,,,,,https://raw.githubusercontent.com/mrfantastic05678/shopify-products/main/public_images/winbachat/MRT-WB-WESTPOINT-007_Westpoint_Professional_Cordless_Hair_Clipper_WF_68_3.jpg,3,Westpoint Professional Cordless Hair Clipper WF-6813,,,,
westpoint-professional-hair-clipper-wf-6913,Westpoint Professional Hair Clipper WF-6913,"<p>Maintain your preferred hairstyle at home with the Westpoint WF-6913 Professional Hair Clipper. Its ergonomic grooming design and multiple comb attachments provide flexibility for different cutting lengths, helping make regular hair trimming simple and convenient.</p>",Win Bachat,Home & Garden > Kitchen & Dining > Kitchen Appliances,Home Appliances,"Electronics, Westpoint, Win Bachat, Hair Clipper",true,Title,Default Title,MRT-WB-WESTPOINT-008,400,shopify,deny,manual,6460.50,7753.00,TRUE,TRUE,,https://raw.githubusercontent.com/mrfantastic05678/shopify-products/main/public_images/winbachat/MRT-WB-WESTPOINT-008_Westpoint_Professional_Hair_Clipper_WF_6913_1.jpg,1,Westpoint Professional Hair Clipper WF-6913,FALSE,Westpoint Professional Hair Clipper WF-6913,"Buy Westpoint WF-6913 Professional Hair Clipper with multiple comb attachments for convenient cutting, trimming and everyday personal grooming at home.",active
westpoint-professional-hair-clipper-wf-6913,,,,,,,,,,,,,,,,,,,,https://raw.githubusercontent.com/mrfantastic05678/shopify-products/main/public_images/winbachat/MRT-WB-WESTPOINT-008_Westpoint_Professional_Hair_Clipper_WF_6913_2.jpg,2,Westpoint Professional Hair Clipper WF-6913,,,,
westpoint-professional-hair-clipper-wf-6913,,,,,,,,,,,,,,,,,,,,https://raw.githubusercontent.com/mrfantastic05678/shopify-products/main/public_images/winbachat/MRT-WB-WESTPOINT-008_Westpoint_Professional_Hair_Clipper_WF_6913_3.jpg,3,Westpoint Professional Hair Clipper WF-6913,,,,
westpoint-deluxe-hair-dryer-1000w-wf-6201,Westpoint Deluxe Hair Dryer 1000W WF-6201,"<p>Dry and style your hair conveniently with the Westpoint WF-6201 Deluxe Hair Dryer. Featuring 1000 watts of power and a compact handheld design, it is a practical option for everyday hair drying and styling at home or while travelling.</p>",Win Bachat,Home & Garden > Kitchen & Dining > Kitchen Appliances,Home Appliances,"Electronics, Westpoint, Win Bachat, Hair Dryer",true,Title,Default Title,MRT-WB-WESTPOINT-009,400,shopify,deny,manual,5487.00,6584.00,TRUE,TRUE,,https://raw.githubusercontent.com/mrfantastic05678/shopify-products/main/public_images/winbachat/MRT-WB-WESTPOINT-009_Westpoint_Deluxe_Hair_Dryer_1000W_WF_6201_1.jpg,1,Westpoint Deluxe Hair Dryer 1000W WF-6201,FALSE,Westpoint Deluxe Hair Dryer 1000W WF-6201,Shop Westpoint WF-6201 Deluxe Hair Dryer with 1000W power and a compact design for convenient everyday hair drying and styling at home or on the go.,active
westpoint-deluxe-hair-dryer-1000w-wf-6201,,,,,,,,,,,,,,,,,,,,https://raw.githubusercontent.com/mrfantastic05678/shopify-products/main/public_images/winbachat/MRT-WB-WESTPOINT-009_Westpoint_Deluxe_Hair_Dryer_1000W_WF_6201_2.jpg,2,Westpoint Deluxe Hair Dryer 1000W WF-6201,,,,
westpoint-deluxe-hair-dryer-1000w-wf-6201,,,,,,,,,,,,,,,,,,,,https://raw.githubusercontent.com/mrfantastic05678/shopify-products/main/public_images/winbachat/MRT-WB-WESTPOINT-009_Westpoint_Deluxe_Hair_Dryer_1000W_WF_6201_3.jpg,3,Westpoint Deluxe Hair Dryer 1000W WF-6201,,,,
westpoint-deluxe-hair-dryer-1000w-wf-6217,Westpoint Deluxe Hair Dryer 1000W WF-6217,"<p>Make everyday hair drying simple with the Westpoint WF-6217 Deluxe Hair Dryer. Its 1000-watt design combines convenient handling with practical drying performance, making it suitable for regular home use and easy hair styling.</p>",Win Bachat,Home & Garden > Kitchen & Dining > Kitchen Appliances,Home Appliances,"Electronics, Westpoint, Win Bachat, Hair Dryer",true,Title,Default Title,MRT-WB-WESTPOINT-010,400,shopify,deny,manual,5487.00,6584.00,TRUE,TRUE,,https://raw.githubusercontent.com/mrfantastic05678/shopify-products/main/public_images/winbachat/MRT-WB-WESTPOINT-010_Westpoint_Deluxe_Hair_Dryer_1000W_WF_6217_1.jpg,1,Westpoint Deluxe Hair Dryer 1000W WF-6217,FALSE,Westpoint Deluxe Hair Dryer 1000W WF-6217,"Buy Westpoint WF-6217 Deluxe Hair Dryer with 1000W power for convenient everyday drying and styling. A practical, easy-to-handle hair care essential.",active
westpoint-deluxe-hair-dryer-1000w-wf-6217,,,,,,,,,,,,,,,,,,,,https://raw.githubusercontent.com/mrfantastic05678/shopify-products/main/public_images/winbachat/MRT-WB-WESTPOINT-010_Westpoint_Deluxe_Hair_Dryer_1000W_WF_6217_2.jpg,2,Westpoint Deluxe Hair Dryer 1000W WF-6217,,,,
westpoint-deluxe-hair-dryer-1000w-wf-6217,,,,,,,,,,,,,,,,,,,,https://raw.githubusercontent.com/mrfantastic05678/shopify-products/main/public_images/winbachat/MRT-WB-WESTPOINT-010_Westpoint_Deluxe_Hair_Dryer_1000W_WF_6217_3.jpg,3,Westpoint Deluxe Hair Dryer 1000W WF-6217,,,,
westpoint-deluxe-hair-dryer-wf-6203,Westpoint Deluxe Hair Dryer WF-6203,"<p>Dry and style your hair conveniently with the Westpoint WF-6203 Deluxe Hair Dryer. Designed for comfortable everyday use, its compact and lightweight body makes handling and storage easy. A practical choice for quick hair drying and regular styling at home or while travelling.</p>",Win Bachat,Home & Garden > Kitchen & Dining > Kitchen Appliances,Home Appliances,"Electronics, Westpoint, Win Bachat, Hair Dryer",true,Title,Default Title,MRT-WB-WESTPOINT-011,400,shopify,deny,manual,5723.00,6868.00,TRUE,TRUE,,https://raw.githubusercontent.com/mrfantastic05678/shopify-products/main/public_images/winbachat/MRT-WB-WESTPOINT-011_Westpoint_Deluxe_Hair_Dryer_WF_6203_1.jpg,1,Westpoint Deluxe Hair Dryer WF-6203,FALSE,Westpoint Deluxe Hair Dryer WF-6203,"Shop Westpoint WF-6203 Deluxe Hair Dryer for convenient everyday hair drying and styling. Compact, easy to handle and ideal for home or travel use.",active
westpoint-deluxe-hair-dryer-wf-6203,,,,,,,,,,,,,,,,,,,,https://raw.githubusercontent.com/mrfantastic05678/shopify-products/main/public_images/winbachat/MRT-WB-WESTPOINT-011_Westpoint_Deluxe_Hair_Dryer_WF_6203_2.jpg,2,Westpoint Deluxe Hair Dryer WF-6203,,,,
westpoint-deluxe-hair-dryer-wf-6203,,,,,,,,,,,,,,,,,,,,https://raw.githubusercontent.com/mrfantastic05678/shopify-products/main/public_images/winbachat/MRT-WB-WESTPOINT-011_Westpoint_Deluxe_Hair_Dryer_WF_6203_3.jpg,3,Westpoint Deluxe Hair Dryer WF-6203,,,,
westpoint-commercial-hair-dryer-with-diffuser-wf-6270,Westpoint Commercial Hair Dryer with Diffuser WF-6270,"<p>Achieve efficient drying and versatile styling with the Westpoint WF-6270 Commercial Hair Dryer. Designed with a diffuser attachment, it helps distribute airflow for convenient drying and styling. Its professional-style design makes it suitable for demanding home grooming and salon-style results.</p>",Win Bachat,Home & Garden > Kitchen & Dining > Kitchen Appliances,Home Appliances,"Electronics, Westpoint, Win Bachat, Hair Dryer",true,Title,Default Title,MRT-WB-WESTPOINT-012,700,shopify,deny,manual,7788.00,9346.00,TRUE,TRUE,,https://raw.githubusercontent.com/mrfantastic05678/shopify-products/main/public_images/winbachat/MRT-WB-WESTPOINT-012_Westpoint_Commercial_Hair_Dryer_with_Diffuser_WF_6_1.jpg,1,Westpoint Commercial Hair Dryer with Diffuser WF-6270,FALSE,Westpoint Hair Dryer with Diffuser WF-6270,Buy Westpoint WF-6270 Commercial Hair Dryer with diffuser for efficient drying and versatile styling. Ideal for convenient salon-style hair care at home.,active
westpoint-commercial-hair-dryer-with-diffuser-wf-6270,,,,,,,,,,,,,,,,,,,,https://raw.githubusercontent.com/mrfantastic05678/shopify-products/main/public_images/winbachat/MRT-WB-WESTPOINT-012_Westpoint_Commercial_Hair_Dryer_with_Diffuser_WF_6_2.jpg,2,Westpoint Commercial Hair Dryer with Diffuser WF-6270,,,,
westpoint-commercial-hair-dryer-with-diffuser-wf-6270,,,,,,,,,,,,,,,,,,,,https://raw.githubusercontent.com/mrfantastic05678/shopify-products/main/public_images/winbachat/MRT-WB-WESTPOINT-012_Westpoint_Commercial_Hair_Dryer_with_Diffuser_WF_6_3.jpg,3,Westpoint Commercial Hair Dryer with Diffuser WF-6270,,,,
westpoint-commercial-hair-dryer-with-diffuser-wf-6270,,,,,,,,,,,,,,,,,,,,https://raw.githubusercontent.com/mrfantastic05678/shopify-products/main/public_images/winbachat/MRT-WB-WESTPOINT-012_Westpoint_Commercial_Hair_Dryer_with_Diffuser_WF_6_4.jpg,4,Westpoint Commercial Hair Dryer with Diffuser WF-6270,,,,
westpoint-deluxe-hair-dryer-wf-6259,Westpoint Deluxe Hair Dryer WF-6259,"<p>Make your daily hair routine easier with the Westpoint WF-6259 Deluxe Hair Dryer. Its practical handheld design provides convenient drying and styling for everyday use. Easy to handle and store, it is a useful addition to your personal hair care essentials.</p>",Win Bachat,Home & Garden > Kitchen & Dining > Kitchen Appliances,Home Appliances,"Electronics, Westpoint, Win Bachat, Hair Dryer",true,Title,Default Title,MRT-WB-WESTPOINT-013,700,shopify,deny,manual,6667.00,8000.00,TRUE,TRUE,,https://raw.githubusercontent.com/mrfantastic05678/shopify-products/main/public_images/winbachat/MRT-WB-WESTPOINT-013_Westpoint_Deluxe_Hair_Dryer_WF_6259_1.jpg,1,Westpoint Deluxe Hair Dryer WF-6259,FALSE,Westpoint Deluxe Hair Dryer WF-6259,Shop Westpoint WF-6259 Deluxe Hair Dryer for easy everyday drying and styling. A practical and convenient hair care appliance for regular home use.,active
westpoint-deluxe-hair-dryer-wf-6259,,,,,,,,,,,,,,,,,,,,https://raw.githubusercontent.com/mrfantastic05678/shopify-products/main/public_images/winbachat/MRT-WB-WESTPOINT-013_Westpoint_Deluxe_Hair_Dryer_WF_6259_2.jpg,2,Westpoint Deluxe Hair Dryer WF-6259,,,,
westpoint-deluxe-hair-dryer-wf-6259,,,,,,,,,,,,,,,,,,,,https://raw.githubusercontent.com/mrfantastic05678/shopify-products/main/public_images/winbachat/MRT-WB-WESTPOINT-013_Westpoint_Deluxe_Hair_Dryer_WF_6259_3.jpg,3,Westpoint Deluxe Hair Dryer WF-6259,,,,
westpoint-deluxe-hair-dryer-wf-6259,,,,,,,,,,,,,,,,,,,,https://raw.githubusercontent.com/mrfantastic05678/shopify-products/main/public_images/winbachat/MRT-WB-WESTPOINT-013_Westpoint_Deluxe_Hair_Dryer_WF_6259_4.jpg,4,Westpoint Deluxe Hair Dryer WF-6259,,,,
westpoint-deluxe-hair-dryer-wf-6260,Westpoint Deluxe Hair Dryer WF-6260,"<p>Enjoy convenient everyday drying with the Westpoint WF-6260 Deluxe Hair Dryer. Designed for comfortable handling and effective styling, it helps you dry and prepare your hair for your preferred look. Its modern, compact construction makes it a practical choice for regular personal grooming.</p>",Win Bachat,Home & Garden > Kitchen & Dining > Kitchen Appliances,Home Appliances,"Electronics, Westpoint, Win Bachat, Hair Dryer",true,Title,Default Title,MRT-WB-WESTPOINT-014,700,shopify,deny,manual,6667.00,8000.00,TRUE,TRUE,,https://raw.githubusercontent.com/mrfantastic05678/shopify-products/main/public_images/winbachat/MRT-WB-WESTPOINT-014_Westpoint_Deluxe_Hair_Dryer_WF_6260_1.jpg,1,Westpoint Deluxe Hair Dryer WF-6260,FALSE,Westpoint Deluxe Hair Dryer WF-6260,Buy Westpoint WF-6260 Deluxe Hair Dryer for convenient everyday hair drying and styling. Easy to handle and suitable for regular personal hair care.,active
westpoint-deluxe-hair-dryer-wf-6260,,,,,,,,,,,,,,,,,,,,https://raw.githubusercontent.com/mrfantastic05678/shopify-products/main/public_images/winbachat/MRT-WB-WESTPOINT-014_Westpoint_Deluxe_Hair_Dryer_WF_6260_2.jpg,2,Westpoint Deluxe Hair Dryer WF-6260,,,,
westpoint-deluxe-hair-dryer-wf-6260,,,,,,,,,,,,,,,,,,,,https://raw.githubusercontent.com/mrfantastic05678/shopify-products/main/public_images/winbachat/MRT-WB-WESTPOINT-014_Westpoint_Deluxe_Hair_Dryer_WF_6260_3.jpg,3,Westpoint Deluxe Hair Dryer WF-6260,,,,
westpoint-hair-dryer-with-ionic-function-wf-6261,Westpoint Hair Dryer with Ionic Function WF-6261,"<p>Style and dry your hair with the Westpoint WF-6261 Hair Dryer featuring ionic functionality. Designed for convenient home styling, it combines a modern appearance with practical controls and a concentrator nozzle to help direct airflow where you need it.</p>",Win Bachat,Home & Garden > Kitchen & Dining > Kitchen Appliances,Home Appliances,"Electronics, Westpoint, Win Bachat, Hair Dryer",true,Title,Default Title,MRT-WB-WESTPOINT-015,700,shopify,deny,manual,7316.00,8779.00,TRUE,TRUE,,https://raw.githubusercontent.com/mrfantastic05678/shopify-products/main/public_images/winbachat/MRT-WB-WESTPOINT-015_Westpoint_Hair_Dryer_with_Ionic_Function_WF_6261_1.jpg,1,Westpoint Hair Dryer with Ionic Function WF-6261,FALSE,Westpoint Ionic Hair Dryer WF-6261,"Shop Westpoint WF-6261 Hair Dryer with ionic function and concentrator nozzle for convenient, controlled drying and salon-inspired styling at home.",active
westpoint-professional-hair-dryer-wf-6280,Westpoint Professional Hair Dryer WF-6280,"<p>Bring salon-inspired styling into your daily routine with the Westpoint WF-6280 Professional Hair Dryer. Its professional-style design and concentrator nozzle help provide controlled airflow for efficient drying and precise styling, making it suitable for a variety of everyday hairstyles.</p>",Win Bachat,Home & Garden > Kitchen & Dining > Kitchen Appliances,Home Appliances,"Electronics, Westpoint, Win Bachat, Hair Dryer",true,Title,Default Title,MRT-WB-WESTPOINT-016,700,shopify,deny,manual,8201.00,9841.00,TRUE,TRUE,,https://raw.githubusercontent.com/mrfantastic05678/shopify-products/main/public_images/winbachat/MRT-WB-WESTPOINT-016_Westpoint_Professional_Hair_Dryer_WF_6280_1.jpg,1,Westpoint Professional Hair Dryer WF-6280,FALSE,Westpoint Professional Hair Dryer WF-6280,Buy Westpoint WF-6280 Professional Hair Dryer for salon-inspired results at home. Features a concentrator nozzle for controlled drying and precise styling.,active
westpoint-professional-hair-dryer-wf-6280,,,,,,,,,,,,,,,,,,,,https://raw.githubusercontent.com/mrfantastic05678/shopify-products/main/public_images/winbachat/MRT-WB-WESTPOINT-016_Westpoint_Professional_Hair_Dryer_WF_6280_2.jpg,2,Westpoint Professional Hair Dryer WF-6280,,,,
westpoint-professional-hair-dryer-wf-6280,,,,,,,,,,,,,,,,,,,,https://raw.githubusercontent.com/mrfantastic05678/shopify-products/main/public_images/winbachat/MRT-WB-WESTPOINT-016_Westpoint_Professional_Hair_Dryer_WF_6280_3.jpg,3,Westpoint Professional Hair Dryer WF-6280,,,,
westpoint-5-in-1-deluxe-epilator-wf-6362,Westpoint 5-in-1 Deluxe Epilator WF-6362,"<p>Simplify your personal care routine with the Westpoint WF-6362 5-in-1 Deluxe Epilator. This versatile grooming system includes multiple attachments for epilation, massage, callus removal, trimming and facial brushing, providing several beauty and grooming functions in one convenient appliance.</p>",Win Bachat,Home & Garden > Kitchen & Dining > Kitchen Appliances,Home Appliances,"Electronics, Westpoint, Win Bachat, Hair Dryer",true,Title,Default Title,MRT-WB-WESTPOINT-017,600,shopify,deny,manual,8496.00,10195.00,TRUE,TRUE,,https://raw.githubusercontent.com/mrfantastic05678/shopify-products/main/public_images/winbachat/MRT-WB-WESTPOINT-017_Westpoint_5_in_1_Deluxe_Epilator_WF_6362_1.jpg,1,Westpoint 5-in-1 Deluxe Epilator WF-6362,FALSE,Westpoint 5-in-1 Deluxe Epilator WF-6362,"Shop Westpoint WF-6362 5-in-1 Deluxe Epilator with massager, callus remover, trimmer and facial brush attachments for versatile personal grooming.",active
westpoint-5-in-1-deluxe-epilator-wf-6362,,,,,,,,,,,,,,,,,,,,https://raw.githubusercontent.com/mrfantastic05678/shopify-products/main/public_images/winbachat/MRT-WB-WESTPOINT-017_Westpoint_5_in_1_Deluxe_Epilator_WF_6362_2.jpg,2,Westpoint 5-in-1 Deluxe Epilator WF-6362,,,,
westpoint-5-in-1-deluxe-epilator-wf-6362,,,,,,,,,,,,,,,,,,,,https://raw.githubusercontent.com/mrfantastic05678/shopify-products/main/public_images/winbachat/MRT-WB-WESTPOINT-017_Westpoint_5_in_1_Deluxe_Epilator_WF_6362_3.webp,3,Westpoint 5-in-1 Deluxe Epilator WF-6362,,,,
westpoint-deluxe-handy-garment-steamer-wf-1153,Westpoint Deluxe Handy Garment Steamer WF-1153,"<p>Keep clothes looking neat and presentable with the Westpoint WF-1153 Deluxe Handy Garment Steamer. Its portable handheld design makes it convenient for removing wrinkles and refreshing garments without a traditional ironing setup, making it useful for everyday clothing care and travel.</p>",Win Bachat,Home & Garden > Kitchen & Dining > Kitchen Appliances,Home Appliances,"Electronics, Westpoint, Win Bachat, Garment Steamer",true,Title,Default Title,MRT-WB-WESTPOINT-018,1000,shopify,deny,manual,9794.00,11753.00,TRUE,TRUE,,https://raw.githubusercontent.com/mrfantastic05678/shopify-products/main/public_images/winbachat/MRT-WB-WESTPOINT-018_Westpoint_Deluxe_Handy_Garment_Steamer_WF_1153_1.jpg,1,Westpoint Deluxe Handy Garment Steamer WF-1153,FALSE,Westpoint Handy Garment Steamer WF-1153,Buy Westpoint WF-1153 Deluxe Handy Garment Steamer for convenient wrinkle removal and garment refreshing. Portable design makes it ideal for home and travel.,active
westpoint-deluxe-handy-garment-steamer-wf-1153,,,,,,,,,,,,,,,,,,,,https://raw.githubusercontent.com/mrfantastic05678/shopify-products/main/public_images/winbachat/MRT-WB-WESTPOINT-018_Westpoint_Deluxe_Handy_Garment_Steamer_WF_1153_2.jpg,2,Westpoint Deluxe Handy Garment Steamer WF-1153,,,,
westpoint-deluxe-handy-garment-steamer-wf-1153,,,,,,,,,,,,,,,,,,,,https://raw.githubusercontent.com/mrfantastic05678/shopify-products/main/public_images/winbachat/MRT-WB-WESTPOINT-018_Westpoint_Deluxe_Handy_Garment_Steamer_WF_1153_3.webp,3,Westpoint Deluxe Handy Garment Steamer WF-1153,,,,
westpoint-deluxe-garment-steamer-wf-1154,Westpoint Deluxe Garment Steamer WF-1154,"<p>Refresh garments and tackle unwanted wrinkles with the Westpoint WF-1154 Deluxe Garment Steamer. Designed for convenient upright steaming, it provides a practical alternative to traditional ironing and makes it easier to care for shirts, dresses and other suitable garments at home.</p>",Win Bachat,Home & Garden > Kitchen & Dining > Kitchen Appliances,Home Appliances,"Electronics, Westpoint, Win Bachat, Garment Steamer",true,Title,Default Title,MRT-WB-WESTPOINT-019,4500,shopify,deny,manual,23128.00,27754.00,TRUE,TRUE,,https://raw.githubusercontent.com/mrfantastic05678/shopify-products/main/public_images/winbachat/MRT-WB-WESTPOINT-019_Westpoint_Deluxe_Garment_Steamer_WF_1154_1.jpg,1,Westpoint Deluxe Garment Steamer WF-1154,FALSE,Westpoint Deluxe Garment Steamer WF-1154,Shop Westpoint WF-1154 Deluxe Garment Steamer for convenient upright steaming and wrinkle removal. A practical solution for everyday clothing care at home.,active
westpoint-deluxe-garment-steamer-wf-1154,,,,,,,,,,,,,,,,,,,,https://raw.githubusercontent.com/mrfantastic05678/shopify-products/main/public_images/winbachat/MRT-WB-WESTPOINT-019_Westpoint_Deluxe_Garment_Steamer_WF_1154_2.jpg,2,Westpoint Deluxe Garment Steamer WF-1154,,,,
westpoint-deluxe-garment-steamer-wf-1154,,,,,,,,,,,,,,,,,,,,https://raw.githubusercontent.com/mrfantastic05678/shopify-products/main/public_images/winbachat/MRT-WB-WESTPOINT-019_Westpoint_Deluxe_Garment_Steamer_WF_1154_3.jpg,3,Westpoint Deluxe Garment Steamer WF-1154,,,,
westpoint-deluxe-garment-steamer-wf-1155,Westpoint Deluxe Garment Steamer WF-1155,"<p>Give your clothes a neat and refreshed appearance with the Westpoint WF-1155 Deluxe Garment Steamer. Its upright design, flexible steam hose and garment-hanging setup make steaming clothes convenient while helping reduce wrinkles without the need for a conventional ironing board.</p>",Win Bachat,Home & Garden > Kitchen & Dining > Kitchen Appliances,Home Appliances,"Electronics, Westpoint, Win Bachat, Garment Steamer",true,Title,Default Title,MRT-WB-WESTPOINT-020,4500,shopify,deny,manual,23128.00,27754.00,TRUE,TRUE,,https://raw.githubusercontent.com/mrfantastic05678/shopify-products/main/public_images/winbachat/MRT-WB-WESTPOINT-020_Westpoint_Deluxe_Garment_Steamer_WF_1155_1.jpg,1,Westpoint Deluxe Garment Steamer WF-1155,FALSE,Westpoint Deluxe Garment Steamer WF-1155,"Buy Westpoint WF-1155 Deluxe Garment Steamer with upright garment-hanging design for convenient steaming, wrinkle removal and everyday clothing care.",active
westpoint-deluxe-garment-steamer-wf-1155,,,,,,,,,,,,,,,,,,,,https://raw.githubusercontent.com/mrfantastic05678/shopify-products/main/public_images/winbachat/MRT-WB-WESTPOINT-020_Westpoint_Deluxe_Garment_Steamer_WF_1155_2.jpg,2,Westpoint Deluxe Garment Steamer WF-1155,,,,
westpoint-deluxe-garment-steamer-wf-1155,,,,,,,,,,,,,,,,,,,,https://raw.githubusercontent.com/mrfantastic05678/shopify-products/main/public_images/winbachat/MRT-WB-WESTPOINT-020_Westpoint_Deluxe_Garment_Steamer_WF_1155_3.jpg,3,Westpoint Deluxe Garment Steamer WF-1155,,,,
westpoint-deluxe-garment-steamer-wf-1156,Westpoint Deluxe Garment Steamer WF-1156,"<p>Keep your clothes looking neat and wrinkle-free with the Westpoint WF-1156 Deluxe Garment Steamer. Designed for convenient upright steaming, it features a flexible steam hose and garment hanger setup to make refreshing shirts, dresses, suits and other suitable fabrics easier at home.</p>",Win Bachat,Home & Garden > Kitchen & Dining > Kitchen Appliances,Home Appliances,"Electronics, Westpoint, Win Bachat, Garment Steamer",true,Title,Default Title,MRT-WB-WESTPOINT-021,4500,shopify,deny,manual,25488.00,30586.00,TRUE,TRUE,,https://raw.githubusercontent.com/mrfantastic05678/shopify-products/main/public_images/winbachat/MRT-WB-WESTPOINT-021_Westpoint_Deluxe_Garment_Steamer_WF_1156_1.jpg,1,Westpoint Deluxe Garment Steamer WF-1156,FALSE,Westpoint Deluxe Garment Steamer WF-1156,Shop Westpoint WF-1156 Deluxe Garment Steamer for convenient wrinkle removal and garment refreshing. Ideal for easy upright steaming of everyday clothes.,active
westpoint-deluxe-garment-steamer-wf-1156,,,,,,,,,,,,,,,,,,,,https://raw.githubusercontent.com/mrfantastic05678/shopify-products/main/public_images/winbachat/MRT-WB-WESTPOINT-021_Westpoint_Deluxe_Garment_Steamer_WF_1156_2.jpg,2,Westpoint Deluxe Garment Steamer WF-1156,,,,
westpoint-deluxe-garment-steamer-wf-1156,,,,,,,,,,,,,,,,,,,,https://raw.githubusercontent.com/mrfantastic05678/shopify-products/main/public_images/winbachat/MRT-WB-WESTPOINT-021_Westpoint_Deluxe_Garment_Steamer_WF_1156_3.jpg,3,Westpoint Deluxe Garment Steamer WF-1156,,,,
westpoint-deluxe-garment-steamer-wf-1157,Westpoint Deluxe Garment Steamer WF-1157,"<p>Make garment care more convenient with the Westpoint WF-1157 Deluxe Garment Steamer. It features automatic water supply with leakage protection, a 3.3-liter water tank, multiple power settings, a detachable aluminium hook and an adjustable pole for versatile everyday steaming.</p>",Win Bachat,Home & Garden > Kitchen & Dining > Kitchen Appliances,Home Appliances,"Electronics, Westpoint, Win Bachat, Garment Steamer",true,Title,Default Title,MRT-WB-WESTPOINT-022,4500,shopify,deny,manual,27730.00,33276.00,TRUE,TRUE,,https://raw.githubusercontent.com/mrfantastic05678/shopify-products/main/public_images/winbachat/MRT-WB-WESTPOINT-022_Westpoint_Deluxe_Garment_Steamer_WF_1157_1.jpg,1,Westpoint Deluxe Garment Steamer WF-1157,FALSE,Westpoint Deluxe Garment Steamer WF-1157,"Buy Westpoint WF-1157 Deluxe Garment Steamer with 3.3L water tank, multiple power settings and adjustable pole for convenient everyday clothing care.",active
westpoint-deluxe-garment-steamer-wf-1157,,,,,,,,,,,,,,,,,,,,https://raw.githubusercontent.com/mrfantastic05678/shopify-products/main/public_images/winbachat/MRT-WB-WESTPOINT-022_Westpoint_Deluxe_Garment_Steamer_WF_1157_2.jpg,2,Westpoint Deluxe Garment Steamer WF-1157,,,,
westpoint-deluxe-garment-steamer-wf-1157,,,,,,,,,,,,,,,,,,,,https://raw.githubusercontent.com/mrfantastic05678/shopify-products/main/public_images/winbachat/MRT-WB-WESTPOINT-022_Westpoint_Deluxe_Garment_Steamer_WF_1157_3.jpg,3,Westpoint Deluxe Garment Steamer WF-1157,,,,
westpoint-deluxe-garment-steamer-wf-1157,,,,,,,,,,,,,,,,,,,,https://raw.githubusercontent.com/mrfantastic05678/shopify-products/main/public_images/winbachat/MRT-WB-WESTPOINT-022_Westpoint_Deluxe_Garment_Steamer_WF_1157_4.webp,4,Westpoint Deluxe Garment Steamer WF-1157,,,,
westpoint-professional-2-in-1-garment-steamer-wf-1159,Westpoint Professional 2-in-1 Garment Steamer WF-1159,"<p>Get a versatile garment-care solution with the Westpoint WF-1159 Professional Garment Steamer. Its 2-in-1 design combines upright steaming with a foldable ironing table, helping you remove wrinkles and maintain a crisp appearance across different types of clothing.</p>",Win Bachat,Home & Garden > Kitchen & Dining > Kitchen Appliances,Home Appliances,"Electronics, Westpoint, Win Bachat, Garment Steamer",true,Title,Default Title,MRT-WB-WESTPOINT-023,4500,shopify,deny,manual,39648.00,47578.00,TRUE,TRUE,,https://raw.githubusercontent.com/mrfantastic05678/shopify-products/main/public_images/winbachat/MRT-WB-WESTPOINT-023_Westpoint_Professional_2_in_1_Garment_Steamer_WF_1_1.jpg,1,Westpoint Professional 2-in-1 Garment Steamer WF-1159,FALSE,Westpoint 2-in-1 Garment Steamer WF-1159,Shop Westpoint WF-1159 Professional 2-in-1 Garment Steamer with foldable ironing table and hanger design for convenient steaming and garment care.,active
westpoint-professional-2-in-1-garment-steamer-wf-1159,,,,,,,,,,,,,,,,,,,,https://raw.githubusercontent.com/mrfantastic05678/shopify-products/main/public_images/winbachat/MRT-WB-WESTPOINT-023_Westpoint_Professional_2_in_1_Garment_Steamer_WF_1_2.webp,2,Westpoint Professional 2-in-1 Garment Steamer WF-1159,,,,
westpoint-handy-garment-steamer-wf-1253,Westpoint Handy Garment Steamer WF-1253,"<p>Refresh clothes quickly and conveniently with the Westpoint WF-1253 Handy Garment Steamer. Its compact handheld design is easy to use and store, making it a practical solution for reducing wrinkles and freshening garments at home or while preparing for work and special occasions.</p>",Win Bachat,Home & Garden > Kitchen & Dining > Kitchen Appliances,Home Appliances,"Electronics, Westpoint, Win Bachat, Garment Steamer",true,Title,Default Title,MRT-WB-WESTPOINT-024,1000,shopify,deny,manual,9794.00,11753.00,TRUE,TRUE,,https://raw.githubusercontent.com/mrfantastic05678/shopify-products/main/public_images/winbachat/MRT-WB-WESTPOINT-024_Westpoint_Handy_Garment_Steamer_WF_1253_1.jpg,1,Westpoint Handy Garment Steamer WF-1253,FALSE,Westpoint Handy Garment Steamer WF-1253,Buy Westpoint WF-1253 Handy Garment Steamer for quick and convenient wrinkle removal. Compact handheld design is ideal for easy everyday garment care.,active
westpoint-handy-garment-steamer-wf-1253,,,,,,,,,,,,,,,,,,,,https://raw.githubusercontent.com/mrfantastic05678/shopify-products/main/public_images/winbachat/MRT-WB-WESTPOINT-024_Westpoint_Handy_Garment_Steamer_WF_1253_2.jpg,2,Westpoint Handy Garment Steamer WF-1253,,,,
westpoint-handy-garment-steamer-wf-1253,,,,,,,,,,,,,,,,,,,,https://raw.githubusercontent.com/mrfantastic05678/shopify-products/main/public_images/winbachat/MRT-WB-WESTPOINT-024_Westpoint_Handy_Garment_Steamer_WF_1253_3.jpg,3,Westpoint Handy Garment Steamer WF-1253,,,,
westpoint-professional-handy-garment-steamer-wf-1353,Westpoint Professional Handy Garment Steamer WF-1353,"<p>Make everyday clothing care easier with the Westpoint WF-1353 Professional Handy Garment Steamer. Designed for portable and convenient steaming, it helps refresh garments and reduce wrinkles without requiring a traditional ironing board, making it useful for home and travel.</p>",Win Bachat,Home & Garden > Kitchen & Dining > Kitchen Appliances,Home Appliances,"Electronics, Westpoint, Win Bachat, Garment Steamer",true,Title,Default Title,MRT-WB-WESTPOINT-025,1000,shopify,deny,manual,10974.00,13169.00,TRUE,TRUE,,https://raw.githubusercontent.com/mrfantastic05678/shopify-products/main/public_images/winbachat/MRT-WB-WESTPOINT-025_Westpoint_Professional_Handy_Garment_Steamer_WF_13_1.jpg,1,Westpoint Professional Handy Garment Steamer WF-1353,FALSE,Westpoint Handy Garment Steamer WF-1353,"Shop Westpoint WF-1353 Professional Handy Garment Steamer for convenient wrinkle removal and clothing care with a compact, portable handheld design.",active
westpoint-professional-handy-garment-steamer-wf-1353,,,,,,,,,,,,,,,,,,,,https://raw.githubusercontent.com/mrfantastic05678/shopify-products/main/public_images/winbachat/MRT-WB-WESTPOINT-025_Westpoint_Professional_Handy_Garment_Steamer_WF_13_2.jpg,2,Westpoint Professional Handy Garment Steamer WF-1353,,,,
westpoint-professional-handy-garment-steamer-wf-1353,,,,,,,,,,,,,,,,,,,,https://raw.githubusercontent.com/mrfantastic05678/shopify-products/main/public_images/winbachat/MRT-WB-WESTPOINT-025_Westpoint_Professional_Handy_Garment_Steamer_WF_13_3.webp,3,Westpoint Professional Handy Garment Steamer WF-1353,,,,
westpoint-deluxe-egg-boiler-wf-5252,Westpoint Deluxe Egg Boiler WF-5252,"<p>Prepare eggs conveniently with the Westpoint WF-5252 Deluxe Egg Boiler. Designed to cook up to 7 eggs at once, it features removable egg holders, a measuring cup with egg pick, stainless steel lid and stainless steel heating plate. Its 350-watt design makes breakfast preparation simple and convenient.</p>",Win Bachat,Home & Garden > Kitchen & Dining > Kitchen Appliances,Home Appliances,"Electronics, Westpoint, Win Bachat, Kitchen Use, Egg Boiler",true,Title,Default Title,MRT-WB-WESTPOINT-026,1000,shopify,deny,manual,7847.00,9416.00,TRUE,TRUE,,https://raw.githubusercontent.com/mrfantastic05678/shopify-products/main/public_images/winbachat/MRT-WB-WESTPOINT-026_Westpoint_Deluxe_Egg_Boiler_WF_5252_1.jpg,1,Westpoint Deluxe Egg Boiler WF-5252,FALSE,Westpoint Deluxe Egg Boiler WF-5252,"Buy Westpoint WF-5252 Deluxe Egg Boiler with 350W power and capacity for up to 7 eggs. Includes removable holders, measuring cup and stainless steel parts.",active
westpoint-deluxe-egg-boiler-wf-5252,,,,,,,,,,,,,,,,,,,,https://raw.githubusercontent.com/mrfantastic05678/shopify-products/main/public_images/winbachat/MRT-WB-WESTPOINT-026_Westpoint_Deluxe_Egg_Boiler_WF_5252_2.jpg,2,Westpoint Deluxe Egg Boiler WF-5252,,,,
westpoint-deluxe-egg-boiler-wf-5252,,,,,,,,,,,,,,,,,,,,https://raw.githubusercontent.com/mrfantastic05678/shopify-products/main/public_images/winbachat/MRT-WB-WESTPOINT-026_Westpoint_Deluxe_Egg_Boiler_WF_5252_3.jpg,3,Westpoint Deluxe Egg Boiler WF-5252,,,,
westpoint-deluxe-non-stick-pizza-pan-wf-3166,Westpoint Deluxe Non-Stick Pizza Pan WF-3166,"<p>Cook more than just pizza with the Westpoint WF-3166 Deluxe Pizza Pan. This versatile multi-cooker features a non-stick coated cooking surface and can be used to fry, sauté, roast, boil, stew, casserole and bake a variety of your favourite foods at home.</p>",Win Bachat,Home & Garden > Kitchen & Dining > Kitchen Appliances,Home Appliances,"Electronics, Westpoint, Win Bachat, Kitchen Use, Non-Stick Pizza Pan",true,Title,Default Title,MRT-WB-WESTPOINT-027,2000,shopify,deny,manual,12154.00,14585.00,TRUE,TRUE,,https://raw.githubusercontent.com/mrfantastic05678/shopify-products/main/public_images/winbachat/MRT-WB-WESTPOINT-027_Westpoint_Deluxe_Non_Stick_Pizza_Pan_WF_3166_1.jpg,1,Westpoint Deluxe Non-Stick Pizza Pan WF-3166,FALSE,Westpoint Non-Stick Pizza Pan WF-3166,"Shop Westpoint WF-3166 Deluxe Pizza Pan with non-stick coated surface. A versatile multi-cooker for frying, sautéing, roasting, boiling, stewing and baking.",active
westpoint-deluxe-non-stick-pizza-pan-wf-3166,,,,,,,,,,,,,,,,,,,,https://raw.githubusercontent.com/mrfantastic05678/shopify-products/main/public_images/winbachat/MRT-WB-WESTPOINT-027_Westpoint_Deluxe_Non_Stick_Pizza_Pan_WF_3166_2.jpg,2,Westpoint Deluxe Non-Stick Pizza Pan WF-3166,,,,
westpoint-deluxe-non-stick-pizza-pan-wf-3166,,,,,,,,,,,,,,,,,,,,https://raw.githubusercontent.com/mrfantastic05678/shopify-products/main/public_images/winbachat/MRT-WB-WESTPOINT-027_Westpoint_Deluxe_Non_Stick_Pizza_Pan_WF_3166_3.jpg,3,Westpoint Deluxe Non-Stick Pizza Pan WF-3166,,,,
westpoint-deluxe-facial-steamer-wf-614,Westpoint Deluxe Facial Steamer WF-614,"<p>Bring convenient facial steaming into your personal care routine with the Westpoint WF-614 Deluxe Facial Steamer. Designed for at-home use, it produces warm steam for a relaxing facial-care experience and can be incorporated into your regular cleansing and skincare routine.</p>",Win Bachat,Home & Garden > Kitchen & Dining > Kitchen Appliances,Home Appliances,"Electronics, Westpoint, Win Bachat, Face Steamer, Garment Steamer",true,Title,Default Title,MRT-WB-WESTPOINT-028,1200,shopify,deny,manual,4484.00,5381.00,TRUE,TRUE,,https://raw.githubusercontent.com/mrfantastic05678/shopify-products/main/public_images/winbachat/MRT-WB-WESTPOINT-028_Westpoint_Deluxe_Facial_Steamer_WF_614_1.jpg,1,Westpoint Deluxe Facial Steamer WF-614,FALSE,Westpoint Deluxe Facial Steamer WF-614,Buy Westpoint WF-614 Deluxe Facial Steamer for a convenient at-home facial steaming experience and an easy addition to your regular skincare routine.,active
westpoint-deluxe-facial-steamer-wf-614,,,,,,,,,,,,,,,,,,,,https://raw.githubusercontent.com/mrfantastic05678/shopify-products/main/public_images/winbachat/MRT-WB-WESTPOINT-028_Westpoint_Deluxe_Facial_Steamer_WF_614_2.jpg,2,Westpoint Deluxe Facial Steamer WF-614,,,,
westpoint-deluxe-facial-steamer-wf-614,,,,,,,,,,,,,,,,,,,,https://raw.githubusercontent.com/mrfantastic05678/shopify-products/main/public_images/winbachat/MRT-WB-WESTPOINT-028_Westpoint_Deluxe_Facial_Steamer_WF_614_3.jpg,3,Westpoint Deluxe Facial Steamer WF-614,,,,
westpoint-deluxe-8-step-water-purifier-wf-714,Westpoint Deluxe 8-Step Water Purifier WF-714,"<p>Enjoy a convenient household water purification solution with the Westpoint WF-714 Deluxe Water Purifier. Featuring an 8-step purification system, food-grade materials and a durable design, it provides an easy-to-use option for filtering water for everyday household consumption.</p>",Win Bachat,Home & Garden > Kitchen & Dining > Kitchen Appliances,Home Appliances,"Electronics, Westpoint, Win Bachat, Purifier, Air Purifier",true,Title,Default Title,MRT-WB-WESTPOINT-029,5000,shopify,deny,manual,5192.00,6230.00,TRUE,TRUE,,https://raw.githubusercontent.com/mrfantastic05678/shopify-products/main/public_images/winbachat/MRT-WB-WESTPOINT-029_Westpoint_Deluxe_8_Step_Water_Purifier_WF_714_1.jpg,1,Westpoint Deluxe 8-Step Water Purifier WF-714,FALSE,Westpoint 8-Step Water Purifier WF-714,"Shop Westpoint WF-714 Deluxe Water Purifier featuring an 8-step purification system, food-grade materials and a practical design for everyday household use.",active
westpoint-deluxe-8-step-water-purifier-wf-714,,,,,,,,,,,,,,,,,,,,https://raw.githubusercontent.com/mrfantastic05678/shopify-products/main/public_images/winbachat/MRT-WB-WESTPOINT-029_Westpoint_Deluxe_8_Step_Water_Purifier_WF_714_2.jpg,2,Westpoint Deluxe 8-Step Water Purifier WF-714,,,,
westpoint-deluxe-8-step-water-purifier-wf-714,,,,,,,,,,,,,,,,,,,,https://raw.githubusercontent.com/mrfantastic05678/shopify-products/main/public_images/winbachat/MRT-WB-WESTPOINT-029_Westpoint_Deluxe_8_Step_Water_Purifier_WF_714_3.jpg,3,Westpoint Deluxe 8-Step Water Purifier WF-714,,,,
westpoint-air-purifier-wf-1102,Westpoint Air Purifier WF-1102,"<p>Improve your indoor environment with the Westpoint WF-1102 Air Purifier. Designed for convenient household use, its compact upright body fits easily into bedrooms, living spaces and offices while providing a practical solution for everyday indoor air purification.</p>",Win Bachat,Home & Garden > Kitchen & Dining > Kitchen Appliances,Home Appliances,"Electronics, Westpoint, Win Bachat, Purifier, Air Purifier",true,Title,Default Title,MRT-WB-WESTPOINT-030,5500,shopify,deny,manual,56640.00,67968.00,TRUE,TRUE,,https://raw.githubusercontent.com/mrfantastic05678/shopify-products/main/public_images/winbachat/MRT-WB-WESTPOINT-030_Westpoint_Air_Purifier_WF_1102_1.jpg,1,Westpoint Air Purifier WF-1102,FALSE,Westpoint Air Purifier WF-1102,"Buy Westpoint WF-1102 Air Purifier with a compact modern design for convenient everyday air purification in bedrooms, living spaces, offices and more.",active
westpoint-air-purifier-wf-1102,,,,,,,,,,,,,,,,,,,,https://raw.githubusercontent.com/mrfantastic05678/shopify-products/main/public_images/winbachat/MRT-WB-WESTPOINT-030_Westpoint_Air_Purifier_WF_1102_2.jpg,2,Westpoint Air Purifier WF-1102,,,,
westpoint-air-purifier-wf-1102,,,,,,,,,,,,,,,,,,,,https://raw.githubusercontent.com/mrfantastic05678/shopify-products/main/public_images/winbachat/MRT-WB-WESTPOINT-030_Westpoint_Air_Purifier_WF_1102_3.webp,3,Westpoint Air Purifier WF-1102,,,,
westpoint-deluxe-foot-spa-massager-wf-3870,Westpoint Deluxe Foot Spa Massager WF-3870,"<p>Relax and refresh tired feet with the Westpoint WF-3870 Deluxe Foot Spa Massager. Designed for convenient at-home foot care, it includes three useful attachments: a scrub brush, pumice stone and roller massager. The versatile design helps support regular foot cleaning, exfoliation and soothing massage as part of your personal care routine.</p>",Win Bachat,Home & Garden > Kitchen & Dining > Kitchen Appliances,Home Appliances,"Electronics, Westpoint, Win Bachat, Massager",true,Title,Default Title,MRT-WB-WESTPOINT-031,2500,shopify,deny,manual,16166.00,19399.00,TRUE,TRUE,,https://raw.githubusercontent.com/mrfantastic05678/shopify-products/main/public_images/winbachat/MRT-WB-WESTPOINT-031_Westpoint_Deluxe_Foot_Spa_Massager_WF_3870_1.jpg,1,Westpoint Deluxe Foot Spa Massager WF-3870,FALSE,Westpoint Foot Spa Massager WF-3870,"Buy Westpoint WF-3870 Deluxe Foot Spa Massager with scrub brush, pumice stone and roller massager for convenient foot cleaning and relaxing home care.",active
westpoint-deluxe-foot-spa-massager-wf-3870,,,,,,,,,,,,,,,,,,,,https://raw.githubusercontent.com/mrfantastic05678/shopify-products/main/public_images/winbachat/MRT-WB-WESTPOINT-031_Westpoint_Deluxe_Foot_Spa_Massager_WF_3870_2.jpg,2,Westpoint Deluxe Foot Spa Massager WF-3870,,,,
westpoint-deluxe-foot-spa-massager-wf-3870,,,,,,,,,,,,,,,,,,,,https://raw.githubusercontent.com/mrfantastic05678/shopify-products/main/public_images/winbachat/MRT-WB-WESTPOINT-031_Westpoint_Deluxe_Foot_Spa_Massager_WF_3870_3.webp,3,Westpoint Deluxe Foot Spa Massager WF-3870,,,,
westpoint-ultrasonic-room-humidifier-wf-1201,Westpoint Ultrasonic Room Humidifier WF-1201,"<p>Create a more comfortable indoor environment with the Westpoint WF-1201 Ultrasonic Room Humidifier. It features a spacious 3.5-liter tank, adjustable humidity control, automatic shut-off safety, aroma diffuser functionality and super-low-noise operation for convenient use in bedrooms, offices and living spaces.</p>",Win Bachat,Home & Garden > Kitchen & Dining > Kitchen Appliances,Home Appliances,"Electronics, Westpoint, Win Bachat, Humidifier",true,Title,Default Title,MRT-WB-WESTPOINT-032,1500,shopify,deny,manual,14750.00,17700.00,TRUE,TRUE,,https://raw.githubusercontent.com/mrfantastic05678/shopify-products/main/public_images/winbachat/MRT-WB-WESTPOINT-032_Westpoint_Ultrasonic_Room_Humidifier_WF_1201_1.jpg,1,Westpoint Ultrasonic Room Humidifier WF-1201,FALSE,Westpoint Ultrasonic Humidifier WF-1201,"Shop Westpoint WF-1201 Ultrasonic Room Humidifier with 3.5L tank, adjustable humidity control, aroma diffuser and automatic shut-off for convenient home use.",active
westpoint-ultrasonic-room-humidifier-wf-1201,,,,,,,,,,,,,,,,,,,,https://raw.githubusercontent.com/mrfantastic05678/shopify-products/main/public_images/winbachat/MRT-WB-WESTPOINT-032_Westpoint_Ultrasonic_Room_Humidifier_WF_1201_2.jpg,2,Westpoint Ultrasonic Room Humidifier WF-1201,,,,
westpoint-ultrasonic-room-humidifier-wf-1201,,,,,,,,,,,,,,,,,,,,https://raw.githubusercontent.com/mrfantastic05678/shopify-products/main/public_images/winbachat/MRT-WB-WESTPOINT-032_Westpoint_Ultrasonic_Room_Humidifier_WF_1201_3.jpg,3,Westpoint Ultrasonic Room Humidifier WF-1201,,,,
westpoint-deluxe-ultrasonic-humidifier-wf-1205,Westpoint Deluxe Ultrasonic Humidifier WF-1205,"<p>Maintain comfortable indoor humidity with the Westpoint WF-1205 Deluxe Ultrasonic Humidifier. Designed for efficient and quiet operation, it produces a fine mist to add moisture to dry indoor air. Its modern, compact construction makes it suitable for bedrooms, offices and other everyday living spaces.</p>",Win Bachat,Home & Garden > Kitchen & Dining > Kitchen Appliances,Home Appliances,"Electronics, Westpoint, Win Bachat, Humidifier",true,Title,Default Title,MRT-WB-WESTPOINT-033,1500,shopify,deny,manual,15399.00,18479.00,TRUE,TRUE,,https://raw.githubusercontent.com/mrfantastic05678/shopify-products/main/public_images/winbachat/MRT-WB-WESTPOINT-033_Westpoint_Deluxe_Ultrasonic_Humidifier_WF_1205_1.jpg,1,Westpoint Deluxe Ultrasonic Humidifier WF-1205,FALSE,Westpoint Deluxe Ultrasonic Humidifier WF-1205,"Buy Westpoint WF-1205 Deluxe Ultrasonic Humidifier for quiet and convenient humidification. A practical choice for bedrooms, offices and everyday living spaces.",active
westpoint-deluxe-ultrasonic-humidifier-wf-1205,,,,,,,,,,,,,,,,,,,,https://raw.githubusercontent.com/mrfantastic05678/shopify-products/main/public_images/winbachat/MRT-WB-WESTPOINT-033_Westpoint_Deluxe_Ultrasonic_Humidifier_WF_1205_2.jpg,2,Westpoint Deluxe Ultrasonic Humidifier WF-1205,,,,
westpoint-deluxe-ultrasonic-humidifier-wf-1205,,,,,,,,,,,,,,,,,,,,https://raw.githubusercontent.com/mrfantastic05678/shopify-products/main/public_images/winbachat/MRT-WB-WESTPOINT-033_Westpoint_Deluxe_Ultrasonic_Humidifier_WF_1205_3.webp,3,Westpoint Deluxe Ultrasonic Humidifier WF-1205,,,,
westpoint-deluxe-ultrasonic-humidifier-wf-1206,Westpoint Deluxe Ultrasonic Humidifier WF-1206,"<p>Enjoy effortless humidification with the Westpoint WF-1206 Deluxe Ultrasonic Humidifier. Featuring a contemporary black design with digital controls and display, it provides a convenient way to maintain indoor humidity while complementing modern bedrooms, offices and living areas.</p>",Win Bachat,Home & Garden > Kitchen & Dining > Kitchen Appliances,Home Appliances,"Electronics, Westpoint, Win Bachat, Humidifier",true,Title,Default Title,MRT-WB-WESTPOINT-034,1500,shopify,deny,manual,19116.00,22939.00,TRUE,TRUE,,https://raw.githubusercontent.com/mrfantastic05678/shopify-products/main/public_images/winbachat/MRT-WB-WESTPOINT-034_Westpoint_Deluxe_Ultrasonic_Humidifier_WF_1206_1.jpg,1,Westpoint Deluxe Ultrasonic Humidifier WF-1206,FALSE,Westpoint Deluxe Ultrasonic Humidifier WF-1206,Shop Westpoint WF-1206 Deluxe Ultrasonic Humidifier with digital controls and modern design for convenient indoor humidification in bedrooms and living spaces.,active
westpoint-deluxe-ultrasonic-humidifier-wf-1206,,,,,,,,,,,,,,,,,,,,https://raw.githubusercontent.com/mrfantastic05678/shopify-products/main/public_images/winbachat/MRT-WB-WESTPOINT-034_Westpoint_Deluxe_Ultrasonic_Humidifier_WF_1206_2.jpg,2,Westpoint Deluxe Ultrasonic Humidifier WF-1206,,,,
westpoint-deluxe-ultrasonic-humidifier-wf-1206,,,,,,,,,,,,,,,,,,,,https://raw.githubusercontent.com/mrfantastic05678/shopify-products/main/public_images/winbachat/MRT-WB-WESTPOINT-034_Westpoint_Deluxe_Ultrasonic_Humidifier_WF_1206_3.webp,3,Westpoint Deluxe Ultrasonic Humidifier WF-1206,,,,
westpoint-3-in-1-juicer-blender-dry-mill-wf-7201,Westpoint 3-in-1 Juicer Blender Dry Mill WF-7201,"<p>Make everyday food and drink preparation easier with the Westpoint WF-7201 Deluxe 3-in-1 Juicer Blender Dry Mill. Designed to blend, extract and grind in one convenient appliance, it includes dedicated attachments for juicing, blending and dry grinding, making it a versatile addition to your kitchen.</p>",Win Bachat,Home & Garden > Kitchen & Dining > Kitchen Appliances,Home Appliances,"Electronics, Westpoint, Win Bachat, Juicer Blender, Juicers",true,Title,Default Title,MRT-WB-WESTPOINT-035,2500,shopify,deny,manual,14868.00,17842.00,TRUE,TRUE,,https://raw.githubusercontent.com/mrfantastic05678/shopify-products/main/public_images/winbachat/MRT-WB-WESTPOINT-035_Westpoint_3_in_1_Juicer_Blender_Dry_Mill_WF_7201_1.jpg,1,Westpoint 3-in-1 Juicer Blender Dry Mill WF-7201,FALSE,Westpoint 3-in-1 Juicer Blender Dry Mill WF-7201,"Buy Westpoint WF-7201 3-in-1 Juicer Blender Dry Mill for convenient juicing, blending and grinding. A versatile appliance for everyday kitchen preparation.",active
westpoint-3-in-1-juicer-blender-dry-mill-wf-7201,,,,,,,,,,,,,,,,,,,,https://raw.githubusercontent.com/mrfantastic05678/shopify-products/main/public_images/winbachat/MRT-WB-WESTPOINT-035_Westpoint_3_in_1_Juicer_Blender_Dry_Mill_WF_7201_2.jpg,2,Westpoint 3-in-1 Juicer Blender Dry Mill WF-7201,,,,
westpoint-3-in-1-juicer-blender-dry-mill-wf-7201,,,,,,,,,,,,,,,,,,,,https://raw.githubusercontent.com/mrfantastic05678/shopify-products/main/public_images/winbachat/MRT-WB-WESTPOINT-035_Westpoint_3_in_1_Juicer_Blender_Dry_Mill_WF_7201_3.jpg,3,Westpoint 3-in-1 Juicer Blender Dry Mill WF-7201,,,,
westpoint-3-in-1-juicer-blender-dry-mill-wf-7901,Westpoint 3-in-1 Juicer Blender Dry Mill WF-7901,"<p>Handle multiple kitchen preparation tasks with the Westpoint WF-7901 Deluxe Juicer Blender Dry Mill. This versatile 3-in-1 appliance is designed for extracting fresh juice, blending fruits and ingredients, and grinding dry foods, helping you prepare a variety of recipes with one convenient machine.</p>",Win Bachat,Home & Garden > Kitchen & Dining > Kitchen Appliances,Home Appliances,"Electronics, Westpoint, Win Bachat, Juicer Blender, Juicers",true,Title,Default Title,MRT-WB-WESTPOINT-036,2500,shopify,deny,manual,14868.00,17842.00,TRUE,TRUE,,https://raw.githubusercontent.com/mrfantastic05678/shopify-products/main/public_images/winbachat/MRT-WB-WESTPOINT-036_Westpoint_3_in_1_Juicer_Blender_Dry_Mill_WF_7901_1.jpg,1,Westpoint 3-in-1 Juicer Blender Dry Mill WF-7901,FALSE,Westpoint 3-in-1 Juicer Blender Dry Mill WF-7901,"Shop Westpoint WF-7901 3-in-1 Juicer Blender Dry Mill for easy juicing, blending and dry grinding. A versatile solution for everyday kitchen preparation.",active
westpoint-3-in-1-juicer-blender-dry-mill-wf-7901,,,,,,,,,,,,,,,,,,,,https://raw.githubusercontent.com/mrfantastic05678/shopify-products/main/public_images/winbachat/MRT-WB-WESTPOINT-036_Westpoint_3_in_1_Juicer_Blender_Dry_Mill_WF_7901_2.jpg,2,Westpoint 3-in-1 Juicer Blender Dry Mill WF-7901,,,,
westpoint-3-in-1-juicer-blender-dry-mill-wf-7901,,,,,,,,,,,,,,,,,,,,https://raw.githubusercontent.com/mrfantastic05678/shopify-products/main/public_images/winbachat/MRT-WB-WESTPOINT-036_Westpoint_3_in_1_Juicer_Blender_Dry_Mill_WF_7901_3.webp,3,Westpoint 3-in-1 Juicer Blender Dry Mill WF-7901,,,,
westpoint-3-in-1-juicer-blender-dry-mill-wf-7501,Westpoint 3-in-1 Juicer Blender Dry Mill WF-7501,"<p>Enjoy the convenience of three useful kitchen functions in one appliance with the Westpoint WF-7501 Juicer Blender Dry Mill. Suitable for extracting juice, preparing smoothies and blended drinks, and grinding dry ingredients, it offers a practical solution for everyday food preparation.</p>",Win Bachat,Home & Garden > Kitchen & Dining > Kitchen Appliances,Home Appliances,"Electronics, Westpoint, Win Bachat, Juicer Blender, Juicers",true,Title,Default Title,MRT-WB-WESTPOINT-037,2500,shopify,deny,manual,14868.00,17842.00,TRUE,TRUE,,https://raw.githubusercontent.com/mrfantastic05678/shopify-products/main/public_images/winbachat/MRT-WB-WESTPOINT-037_Westpoint_3_in_1_Juicer_Blender_Dry_Mill_WF_7501_1.jpg,1,Westpoint 3-in-1 Juicer Blender Dry Mill WF-7501,FALSE,Westpoint 3-in-1 Juicer Blender Dry Mill WF-7501,"Buy Westpoint WF-7501 3-in-1 Juicer Blender Dry Mill for extracting, blending and grinding ingredients with one convenient and versatile kitchen appliance.",active
westpoint-3-in-1-juicer-blender-dry-mill-wf-7501,,,,,,,,,,,,,,,,,,,,https://raw.githubusercontent.com/mrfantastic05678/shopify-products/main/public_images/winbachat/MRT-WB-WESTPOINT-037_Westpoint_3_in_1_Juicer_Blender_Dry_Mill_WF_7501_2.jpg,2,Westpoint 3-in-1 Juicer Blender Dry Mill WF-7501,,,,
westpoint-3-in-1-juicer-blender-dry-mill-wf-7701,Westpoint 3-in-1 Juicer Blender Dry Mill WF-7701,"<p>Simplify everyday kitchen tasks with the Westpoint WF-7701 Deluxe Juicer Blender Dry Mill. Combining juicing, blending and dry grinding functions, this versatile appliance lets you prepare fresh juices, blended drinks and ground ingredients using dedicated attachments for different preparation needs.</p>",Win Bachat,Home & Garden > Kitchen & Dining > Kitchen Appliances,Home Appliances,"Electronics, Westpoint, Win Bachat, Juicer Blender, Juicers",true,Title,Default Title,MRT-WB-WESTPOINT-038,2500,shopify,deny,manual,14868.00,17842.00,TRUE,TRUE,,https://raw.githubusercontent.com/mrfantastic05678/shopify-products/main/public_images/winbachat/MRT-WB-WESTPOINT-038_Westpoint_3_in_1_Juicer_Blender_Dry_Mill_WF_7701_1.jpg,1,Westpoint 3-in-1 Juicer Blender Dry Mill WF-7701,FALSE,Westpoint 3-in-1 Juicer Blender Dry Mill WF-7701,"Shop Westpoint WF-7701 3-in-1 Juicer Blender Dry Mill for convenient juicing, blending and grinding. Ideal for versatile everyday food and drink preparation.",active
westpoint-3-in-1-juicer-blender-dry-mill-wf-7701,,,,,,,,,,,,,,,,,,,,https://raw.githubusercontent.com/mrfantastic05678/shopify-products/main/public_images/winbachat/MRT-WB-WESTPOINT-038_Westpoint_3_in_1_Juicer_Blender_Dry_Mill_WF_7701_2.jpg,2,Westpoint 3-in-1 Juicer Blender Dry Mill WF-7701,,,,
westpoint-professional-juice-master-1000w-wf-1846,Westpoint Professional Juice Master 1000W WF-1846,"<p>Take on a variety of food and beverage preparation tasks with the Westpoint WF-1846 Professional Juice Master. Equipped with a powerful 1000-watt pure copper motor, it combines juicing, blending, grinding and mincing functions to provide a versatile solution for busy kitchens and everyday meal preparation.</p>",Win Bachat,Home & Garden > Kitchen & Dining > Kitchen Appliances,Home Appliances,"Electronics, Westpoint, Win Bachat, Juicer Blender, Juicers",true,Title,Default Title,MRT-WB-WESTPOINT-039,3500,shopify,deny,manual,30444.00,36533.00,TRUE,TRUE,,https://raw.githubusercontent.com/mrfantastic05678/shopify-products/main/public_images/winbachat/MRT-WB-WESTPOINT-039_Westpoint_Professional_Juice_Master_1000W_WF_1846_1.jpg,1,Westpoint Professional Juice Master 1000W WF-1846,FALSE,Westpoint Professional Juice Master 1000W WF-1846,"Buy Westpoint WF-1846 Professional Juice Master with 1000W pure copper motor plus blender, grinder and mincer for versatile kitchen food preparation.",active
westpoint-professional-juice-master-1000w-wf-1846,,,,,,,,,,,,,,,,,,,,https://raw.githubusercontent.com/mrfantastic05678/shopify-products/main/public_images/winbachat/MRT-WB-WESTPOINT-039_Westpoint_Professional_Juice_Master_1000W_WF_1846_2.jpg,2,Westpoint Professional Juice Master 1000W WF-1846,,,,
westpoint-professional-juice-master-1000w-wf-1846,,,,,,,,,,,,,,,,,,,,https://raw.githubusercontent.com/mrfantastic05678/shopify-products/main/public_images/winbachat/MRT-WB-WESTPOINT-039_Westpoint_Professional_Juice_Master_1000W_WF_1846_3.jpg,3,Westpoint Professional Juice Master 1000W WF-1846,,,,
westpoint-professional-kitchen-chef-600w-wf-1833,Westpoint Professional Kitchen Chef 600W WF-1833,"<p>Upgrade everyday food preparation with the Westpoint WF-1833 Professional Kitchen Chef. Powered by a 600-watt pure copper motor, this multi-function kitchen appliance combines juicing with blending and grinding accessories, helping you prepare fresh drinks and ingredients conveniently with one versatile machine.</p>",Win Bachat,Home & Garden > Kitchen & Dining > Kitchen Appliances,Home Appliances,"Electronics, Westpoint, Win Bachat, Juicer Blender, Juicers",true,Title,Default Title,MRT-WB-WESTPOINT-040,4500,shopify,deny,manual,18703.00,22444.00,TRUE,TRUE,,https://raw.githubusercontent.com/mrfantastic05678/shopify-products/main/public_images/winbachat/MRT-WB-WESTPOINT-040_Westpoint_Professional_Kitchen_Chef_600W_WF_1833_1.jpg,1,Westpoint Professional Kitchen Chef 600W WF-1833,FALSE,Westpoint Professional Kitchen Chef 600W WF-1833,"Shop Westpoint WF-1833 Professional Kitchen Chef with 600W pure copper motor and multi-function accessories for convenient juicing, blending and grinding.",active
westpoint-professional-kitchen-chef-600w-wf-1833,,,,,,,,,,,,,,,,,,,,https://raw.githubusercontent.com/mrfantastic05678/shopify-products/main/public_images/winbachat/MRT-WB-WESTPOINT-040_Westpoint_Professional_Kitchen_Chef_600W_WF_1833_2.jpg,2,Westpoint Professional Kitchen Chef 600W WF-1833,,,,
westpoint-professional-kitchen-chef-600w-wf-1833,,,,,,,,,,,,,,,,,,,,https://raw.githubusercontent.com/mrfantastic05678/shopify-products/main/public_images/winbachat/MRT-WB-WESTPOINT-040_Westpoint_Professional_Kitchen_Chef_600W_WF_1833_3.jpg,3,Westpoint Professional Kitchen Chef 600W WF-1833,,,,
westpoint-deluxe-kitchen-chef-4-in-1-wf-1834,Westpoint Deluxe Kitchen Chef 4-in-1 WF-1834,"<p>Upgrade your kitchen with the Westpoint WF-1834 Deluxe Kitchen Chef, a versatile 4-in-1 appliance designed for juicing, blending and grinding. It features a stainless steel 4-blade system, a 1.0-liter blending jar and ice-crushing capability, making everyday food and beverage preparation simple and convenient.</p>",Win Bachat,Home & Garden > Kitchen & Dining > Kitchen Appliances,Home Appliances,"Electronics, Westpoint, Win Bachat, Juicer Blender, Juicers",true,Title,Default Title,MRT-WB-WESTPOINT-041,4500,shopify,deny,manual,20827.00,24992.00,TRUE,TRUE,,https://raw.githubusercontent.com/mrfantastic05678/shopify-products/main/public_images/winbachat/MRT-WB-WESTPOINT-041_Westpoint_Deluxe_Kitchen_Chef_4_in_1_WF_1834_1.webp,1,Westpoint Deluxe Kitchen Chef 4-in-1 WF-1834,FALSE,Westpoint 4-in-1 Kitchen Chef WF-1834,"Shop Westpoint WF-1834 Deluxe Kitchen Chef with 4-in-1 functionality, stainless steel blades, 1L blending jar and ice-crushing capability.",active
westpoint-deluxe-kitchen-chef-4-in-1-wf-1834,,,,,,,,,,,,,,,,,,,,https://raw.githubusercontent.com/mrfantastic05678/shopify-products/main/public_images/winbachat/MRT-WB-WESTPOINT-041_Westpoint_Deluxe_Kitchen_Chef_4_in_1_WF_1834_2.jpg,2,Westpoint Deluxe Kitchen Chef 4-in-1 WF-1834,,,,
westpoint-professional-kitchen-chef-1000w-wf-1845,Westpoint Professional Kitchen Chef 1000W WF-1845,"<p>Handle a variety of kitchen tasks with the Westpoint WF-1845 Professional Kitchen Chef. Powered by a 1000-watt pure copper motor, this all-in-one appliance combines multiple food preparation functions with stainless steel construction and an easy-to-clean design for convenient everyday use.</p>",Win Bachat,Home & Garden > Kitchen & Dining > Kitchen Appliances,Home Appliances,"Electronics, Westpoint, Win Bachat, Juicer Blender, Juicers",true,Title,Default Title,MRT-WB-WESTPOINT-042,4500,shopify,deny,manual,28910.00,34692.00,TRUE,TRUE,,https://raw.githubusercontent.com/mrfantastic05678/shopify-products/main/public_images/winbachat/MRT-WB-WESTPOINT-042_Westpoint_Professional_Kitchen_Chef_1000W_WF_1845_1.jpg,1,Westpoint Professional Kitchen Chef 1000W WF-1845,FALSE,Westpoint Kitchen Chef 1000W WF-1845,"Buy Westpoint WF-1845 Professional Kitchen Chef with 1000W pure copper motor, all-in-one functionality and stainless steel design for everyday food preparation.",active
westpoint-professional-kitchen-chef-1000w-wf-1845,,,,,,,,,,,,,,,,,,,,https://raw.githubusercontent.com/mrfantastic05678/shopify-products/main/public_images/winbachat/MRT-WB-WESTPOINT-042_Westpoint_Professional_Kitchen_Chef_1000W_WF_1845_2.webp,2,Westpoint Professional Kitchen Chef 1000W WF-1845,,,,
westpoint-professional-kitchen-chef-1000w-wf-1845,,,,,,,,,,,,,,,,,,,,https://raw.githubusercontent.com/mrfantastic05678/shopify-products/main/public_images/winbachat/MRT-WB-WESTPOINT-042_Westpoint_Professional_Kitchen_Chef_1000W_WF_1845_3.jpg,3,Westpoint Professional Kitchen Chef 1000W WF-1845,,,,
westpoint-deluxe-juicer-blender-dry-mill-wf-2409,Westpoint Deluxe Juicer Blender Dry Mill WF-2409,"<p>Prepare fresh juices, smoothies and ground ingredients with the Westpoint WF-2409 Deluxe Juicer Blender Dry Mill. This versatile kitchen appliance combines juicing, blending and dry grinding functions, providing multiple attachments for convenient everyday food and beverage preparation.</p>",Win Bachat,Home & Garden > Kitchen & Dining > Kitchen Appliances,Home Appliances,"Electronics, Westpoint, Win Bachat, Juicer Blender, Juicers",true,Title,Default Title,MRT-WB-WESTPOINT-043,2500,shopify,deny,manual,16874.00,20249.00,TRUE,TRUE,,https://raw.githubusercontent.com/mrfantastic05678/shopify-products/main/public_images/winbachat/MRT-WB-WESTPOINT-043_Westpoint_Deluxe_Juicer_Blender_Dry_Mill_WF_2409_1.jpg,1,Westpoint Deluxe Juicer Blender Dry Mill WF-2409,FALSE,Westpoint Juicer Blender Dry Mill WF-2409,"Shop Westpoint WF-2409 Juicer Blender Dry Mill for convenient juicing, blending and dry grinding. A versatile appliance for everyday kitchen preparation.",active
westpoint-deluxe-juicer-blender-dry-mill-wf-2409,,,,,,,,,,,,,,,,,,,,https://raw.githubusercontent.com/mrfantastic05678/shopify-products/main/public_images/winbachat/MRT-WB-WESTPOINT-043_Westpoint_Deluxe_Juicer_Blender_Dry_Mill_WF_2409_2.jpg,2,Westpoint Deluxe Juicer Blender Dry Mill WF-2409,,,,
westpoint-deluxe-juicer-blender-dry-mill-wf-2409,,,,,,,,,,,,,,,,,,,,https://raw.githubusercontent.com/mrfantastic05678/shopify-products/main/public_images/winbachat/MRT-WB-WESTPOINT-043_Westpoint_Deluxe_Juicer_Blender_Dry_Mill_WF_2409_3.webp,3,Westpoint Deluxe Juicer Blender Dry Mill WF-2409,,,,
westpoint-deluxe-juicer-blender-grinder-wf-8813,Westpoint Deluxe Juicer Blender Grinder WF-8813,"<p>Make fresh juices, blended drinks and ground ingredients conveniently with the Westpoint WF-8813 Deluxe Juicer Blender Grinder. Designed as a multifunctional kitchen appliance, it combines juicing, blending and grinding capabilities to help simplify a variety of everyday food preparation tasks.</p>",Win Bachat,Home & Garden > Kitchen & Dining > Kitchen Appliances,Home Appliances,"Electronics, Westpoint, Win Bachat, Juicer Blender, Juicers",true,Title,Default Title,MRT-WB-WESTPOINT-044,2500,shopify,deny,manual,15576.00,18691.00,TRUE,TRUE,,https://raw.githubusercontent.com/mrfantastic05678/shopify-products/main/public_images/winbachat/MRT-WB-WESTPOINT-044_Westpoint_Deluxe_Juicer_Blender_Grinder_WF_8813_1.webp,1,Westpoint Deluxe Juicer Blender Grinder WF-8813,FALSE,Westpoint Juicer Blender Grinder WF-8813,"Buy Westpoint WF-8813 Deluxe Juicer Blender Grinder for convenient juicing, blending and grinding with one versatile everyday kitchen appliance.",active
westpoint-deluxe-juicer-blender-grinder-wf-8813,,,,,,,,,,,,,,,,,,,,https://raw.githubusercontent.com/mrfantastic05678/shopify-products/main/public_images/winbachat/MRT-WB-WESTPOINT-044_Westpoint_Deluxe_Juicer_Blender_Grinder_WF_8813_2.jpg,2,Westpoint Deluxe Juicer Blender Grinder WF-8813,,,,
westpoint-deluxe-juicer-blender-dry-mill-750w-wf-8823,Westpoint Deluxe Juicer Blender Dry Mill 750W WF-8823,"<p>Enjoy versatile food preparation with the Westpoint WF-8823 Deluxe Juicer Blender Dry Mill. Equipped with a 750-watt motor and stainless steel coupling, it combines juicing, blending and dry grinding functions for convenient preparation of fresh juices, smoothies and ground ingredients.</p>",Win Bachat,Home & Garden > Kitchen & Dining > Kitchen Appliances,Home Appliances,"Electronics, Westpoint, Win Bachat, Juicer Blender, Juicers",true,Title,Default Title,MRT-WB-WESTPOINT-045,2500,shopify,deny,manual,15576.00,18691.00,TRUE,TRUE,,https://raw.githubusercontent.com/mrfantastic05678/shopify-products/main/public_images/winbachat/MRT-WB-WESTPOINT-045_Westpoint_Deluxe_Juicer_Blender_Dry_Mill_750W_WF_8_1.webp,1,Westpoint Deluxe Juicer Blender Dry Mill 750W WF-8823,FALSE,Westpoint Juicer Blender Dry Mill 750W WF-8823,"Shop Westpoint WF-8823 Juicer Blender Dry Mill with 750W motor and stainless steel coupling for convenient juicing, blending and dry grinding.",active
westpoint-deluxe-juicer-blender-dry-mill-750w-wf-8823,,,,,,,,,,,,,,,,,,,,https://raw.githubusercontent.com/mrfantastic05678/shopify-products/main/public_images/winbachat/MRT-WB-WESTPOINT-045_Westpoint_Deluxe_Juicer_Blender_Dry_Mill_750W_WF_8_2.jpg,2,Westpoint Deluxe Juicer Blender Dry Mill 750W WF-8823,,,,
westpoint-deluxe-4-in-1-juicer-blender-dry-mill-chopper-wf-8814,Westpoint Deluxe 4-in-1 Juicer Blender Dry Mill & Chopper WF-8814,"<p>Simplify everyday kitchen preparation with the Westpoint WF-8814 Deluxe 4-in-1 Juicer Blender. Combining juicing, blending, dry grinding and chopping functions, it comes with dedicated attachments to handle fresh drinks, ground ingredients and food chopping using one versatile appliance.</p>",Win Bachat,Home & Garden > Kitchen & Dining > Kitchen Appliances,Home Appliances,"Electronics, Westpoint, Win Bachat, Juicer Blender, Juicers",true,Title,Default Title,MRT-WB-WESTPOINT-046,2500,shopify,deny,manual,16815.00,20178.00,TRUE,TRUE,,https://raw.githubusercontent.com/mrfantastic05678/shopify-products/main/public_images/winbachat/MRT-WB-WESTPOINT-046_Westpoint_Deluxe_4_in_1_Juicer_Blender_Dry_Mill_Ch_1.jpg,1,Westpoint Deluxe 4-in-1 Juicer Blender Dry Mill & Chopper WF-8814,FALSE,Westpoint 4-in-1 Juicer Blender Chopper WF-8814,"Buy Westpoint WF-8814 4-in-1 Juicer Blender with dry mill and chopper for convenient juicing, blending, grinding and chopping in your kitchen.",active
westpoint-deluxe-4-in-1-juicer-blender-dry-mill-chopper-wf-8814,,,,,,,,,,,,,,,,,,,,https://raw.githubusercontent.com/mrfantastic05678/shopify-products/main/public_images/winbachat/MRT-WB-WESTPOINT-046_Westpoint_Deluxe_4_in_1_Juicer_Blender_Dry_Mill_Ch_2.jpg,2,Westpoint Deluxe 4-in-1 Juicer Blender Dry Mill & Chopper WF-8814,,,,
westpoint-deluxe-4-in-1-juicer-blender-dry-mill-chopper-wf-8814,,,,,,,,,,,,,,,,,,,,https://raw.githubusercontent.com/mrfantastic05678/shopify-products/main/public_images/winbachat/MRT-WB-WESTPOINT-046_Westpoint_Deluxe_4_in_1_Juicer_Blender_Dry_Mill_Ch_3.jpg,3,Westpoint Deluxe 4-in-1 Juicer Blender Dry Mill & Chopper WF-8814,,,,
westpoint-deluxe-4-in-1-juicer-blender-dry-mill-chopper-wf-8824,Westpoint Deluxe 4-in-1 Juicer Blender Dry Mill & Chopper WF-8824,"<p>Take care of multiple kitchen tasks with the Westpoint WF-8824 Deluxe Juicer Blender Dry Mill. Featuring a powerful 750-watt motor, stainless steel coupling and multiple attachments, this 4-in-1 appliance is designed for juicing, blending, dry grinding and chopping with ease.</p>",Win Bachat,Home & Garden > Kitchen & Dining > Kitchen Appliances,Home Appliances,"Electronics, Westpoint, Win Bachat, Juicer Blender, Juicers",true,Title,Default Title,MRT-WB-WESTPOINT-047,2500,shopify,deny,manual,16815.00,20178.00,TRUE,TRUE,,https://raw.githubusercontent.com/mrfantastic05678/shopify-products/main/public_images/winbachat/MRT-WB-WESTPOINT-047_Westpoint_Deluxe_4_in_1_Juicer_Blender_Dry_Mill_Ch_1.webp,1,Westpoint Deluxe 4-in-1 Juicer Blender Dry Mill & Chopper WF-8824,FALSE,Westpoint 4-in-1 Juicer Blender 750W WF-8824,"Shop Westpoint WF-8824 4-in-1 Juicer Blender with 750W motor, dry mill and chopper for versatile juicing, blending, grinding and chopping.",active
westpoint-deluxe-4-in-1-juicer-blender-dry-mill-chopper-wf-8824,,,,,,,,,,,,,,,,,,,,https://raw.githubusercontent.com/mrfantastic05678/shopify-products/main/public_images/winbachat/MRT-WB-WESTPOINT-047_Westpoint_Deluxe_4_in_1_Juicer_Blender_Dry_Mill_Ch_2.jpg,2,Westpoint Deluxe 4-in-1 Juicer Blender Dry Mill & Chopper WF-8824,,,,
westpoint-deluxe-4-in-1-juicer-blender-dry-mill-chopper-wf-8824,,,,,,,,,,,,,,,,,,,,https://raw.githubusercontent.com/mrfantastic05678/shopify-products/main/public_images/winbachat/MRT-WB-WESTPOINT-047_Westpoint_Deluxe_4_in_1_Juicer_Blender_Dry_Mill_Ch_3.jpg,3,Westpoint Deluxe 4-in-1 Juicer Blender Dry Mill & Chopper WF-8824,,,,
westpoint-hard-fruit-juicer-wf-2405,Westpoint Hard Fruit Juicer WF-2405,"<p>Enjoy freshly extracted juice at home with the Westpoint WF-2405 Hard Fruit Juicer. Designed for convenient everyday juicing, it helps extract juice from suitable fruits and vegetables while its straightforward controls make operation simple for preparing fresh drinks whenever you want them.</p>",Win Bachat,Home & Garden > Kitchen & Dining > Kitchen Appliances,Home Appliances,"Electronics, Westpoint, Win Bachat, Hard Juicer, Juicers",true,Title,Default Title,MRT-WB-WESTPOINT-048,3000,shopify,deny,manual,12154.00,14585.00,TRUE,TRUE,,https://raw.githubusercontent.com/mrfantastic05678/shopify-products/main/public_images/winbachat/MRT-WB-WESTPOINT-048_Westpoint_Hard_Fruit_Juicer_WF_2405_1.jpg,1,Westpoint Hard Fruit Juicer WF-2405,FALSE,Westpoint Hard Fruit Juicer WF-2405,Buy Westpoint WF-2405 Hard Fruit Juicer for convenient everyday juice extraction and easy preparation of fresh fruit and vegetable drinks at home.,active
westpoint-hard-fruit-juicer-wf-2405,,,,,,,,,,,,,,,,,,,,https://raw.githubusercontent.com/mrfantastic05678/shopify-products/main/public_images/winbachat/MRT-WB-WESTPOINT-048_Westpoint_Hard_Fruit_Juicer_WF_2405_2.webp,2,Westpoint Hard Fruit Juicer WF-2405,,,,
westpoint-hard-fruit-juicer-wf-2405,,,,,,,,,,,,,,,,,,,,https://raw.githubusercontent.com/mrfantastic05678/shopify-products/main/public_images/winbachat/MRT-WB-WESTPOINT-048_Westpoint_Hard_Fruit_Juicer_WF_2405_3.jpg,3,Westpoint Hard Fruit Juicer WF-2405,,,,
westpoint-deluxe-juicer-wf-5160,Westpoint Deluxe Juicer WF-5160,"<p>Prepare fresh juice quickly and conveniently with the Westpoint WF-5160 Deluxe Juicer. Its practical design includes a feeding tube, pulp collection container and juice jug, providing an easy way to extract fresh fruit and vegetable juices as part of your everyday kitchen routine.</p>",Win Bachat,Home & Garden > Kitchen & Dining > Kitchen Appliances,Home Appliances,"Electronics, Westpoint, Win Bachat, Hard Juicer, Juicers",true,Title,Default Title,MRT-WB-WESTPOINT-049,3500,shopify,deny,manual,16284.00,19541.00,TRUE,TRUE,,https://raw.githubusercontent.com/mrfantastic05678/shopify-products/main/public_images/winbachat/MRT-WB-WESTPOINT-049_Westpoint_Deluxe_Juicer_WF_5160_1.jpg,1,Westpoint Deluxe Juicer WF-5160,FALSE,Westpoint Deluxe Juicer WF-5160,Shop Westpoint WF-5160 Deluxe Juicer for convenient extraction of fresh fruit and vegetable juices. Practical design makes everyday home juicing simple.,active
westpoint-deluxe-juicer-wf-5160,,,,,,,,,,,,,,,,,,,,https://raw.githubusercontent.com/mrfantastic05678/shopify-products/main/public_images/winbachat/MRT-WB-WESTPOINT-049_Westpoint_Deluxe_Juicer_WF_5160_2.jpeg,2,Westpoint Deluxe Juicer WF-5160,,,,
westpoint-deluxe-juicer-wf-5160,,,,,,,,,,,,,,,,,,,,https://raw.githubusercontent.com/mrfantastic05678/shopify-products/main/public_images/winbachat/MRT-WB-WESTPOINT-049_Westpoint_Deluxe_Juicer_WF_5160_3.jpg,3,Westpoint Deluxe Juicer WF-5160,,,,
westpoint-deluxe-juicer-wf-5161,Westpoint Deluxe Juicer WF-5161,"<p>Add fresh homemade juices to your daily routine with the Westpoint WF-5161 Deluxe Juicer. Featuring a modern stainless steel-style body, separate pulp container and juice collection jug, it provides a convenient solution for extracting juice from suitable fruits and vegetables at home.</p>",Win Bachat,Home & Garden > Kitchen & Dining > Kitchen Appliances,Home Appliances,"Electronics, Westpoint, Win Bachat, Hard Juicer, Juicers",true,Title,Default Title,MRT-WB-WESTPOINT-050,3500,shopify,deny,manual,16284.00,19541.00,TRUE,TRUE,,https://raw.githubusercontent.com/mrfantastic05678/shopify-products/main/public_images/winbachat/MRT-WB-WESTPOINT-050_Westpoint_Deluxe_Juicer_WF_5161_1.jpeg,1,Westpoint Deluxe Juicer WF-5161,FALSE,Westpoint Deluxe Juicer WF-5161,Buy Westpoint WF-5161 Deluxe Juicer with a modern design and convenient pulp and juice containers for preparing fresh fruit and vegetable drinks at home.,active
westpoint-deluxe-juicer-wf-5161,,,,,,,,,,,,,,,,,,,,https://raw.githubusercontent.com/mrfantastic05678/shopify-products/main/public_images/winbachat/MRT-WB-WESTPOINT-050_Westpoint_Deluxe_Juicer_WF_5161_2.jpg,2,Westpoint Deluxe Juicer WF-5161,,,,
westpoint-deluxe-juicer-wf-5161,,,,,,,,,,,,,,,,,,,,https://raw.githubusercontent.com/mrfantastic05678/shopify-products/main/public_images/winbachat/MRT-WB-WESTPOINT-050_Westpoint_Deluxe_Juicer_WF_5161_3.jpg,3,Westpoint Deluxe Juicer WF-5161,,,,
westpoint-professional-power-juicer-1000w-wf-5164,Westpoint Professional Power Juicer 1000W WF-5164,"<p>Experience convenient juice preparation with the Westpoint WF-5164 Professional Power Juicer. Powered by a 1000-watt pure copper motor, its robust design is made for efficient extraction from suitable fruits and vegetables. The large feeding tube and separate juice and pulp containers make everyday juicing easier and more convenient.</p>",Win Bachat,Home & Garden > Kitchen & Dining > Kitchen Appliances,Home Appliances,"Electronics, Westpoint, Win Bachat, Hard Juicer, Juicers",true,Title,Default Title,MRT-WB-WESTPOINT-051,3500,shopify,deny,manual,20650.00,24780.00,TRUE,TRUE,,https://raw.githubusercontent.com/mrfantastic05678/shopify-products/main/public_images/winbachat/MRT-WB-WESTPOINT-051_Westpoint_Professional_Power_Juicer_1000W_WF_5164_1.jpg,1,Westpoint Professional Power Juicer 1000W WF-5164,FALSE,Westpoint Professional Power Juicer 1000W WF-5164,"Buy Westpoint WF-5164 Professional Power Juicer with a 1000W pure copper motor for powerful, efficient and convenient fresh juice preparation at home.",active
westpoint-professional-power-juicer-1000w-wf-5164,,,,,,,,,,,,,,,,,,,,https://raw.githubusercontent.com/mrfantastic05678/shopify-products/main/public_images/winbachat/MRT-WB-WESTPOINT-051_Westpoint_Professional_Power_Juicer_1000W_WF_5164_2.jpg,2,Westpoint Professional Power Juicer 1000W WF-5164,,,,
westpoint-professional-slow-juicer-wf-5165,Westpoint Professional Slow Juicer WF-5165,<p>Enjoy freshly extracted juice with the Westpoint WF-5165 Professional Slow Juicer. Its slow-juicing design provides a convenient way to process fruits and vegetables while separating juice and pulp into dedicated containers. A practical choice for preparing a variety of fresh homemade juices.</p>,Win Bachat,Home & Garden > Kitchen & Dining > Kitchen Appliances,Home Appliances,"Electronics, Westpoint, Win Bachat, Hard Juicer, Juicers",true,Title,Default Title,MRT-WB-WESTPOINT-052,3500,shopify,deny,manual,31034.00,37241.00,TRUE,TRUE,,https://raw.githubusercontent.com/mrfantastic05678/shopify-products/main/public_images/winbachat/MRT-WB-WESTPOINT-052_Westpoint_Professional_Slow_Juicer_WF_5165_1.jpg,1,Westpoint Professional Slow Juicer WF-5165,FALSE,Westpoint Professional Slow Juicer WF-5165,Shop Westpoint WF-5165 Professional Slow Juicer for convenient fruit and vegetable juice extraction with separate juice and pulp collection containers.,active
westpoint-professional-slow-juicer-wf-5165,,,,,,,,,,,,,,,,,,,,https://raw.githubusercontent.com/mrfantastic05678/shopify-products/main/public_images/winbachat/MRT-WB-WESTPOINT-052_Westpoint_Professional_Slow_Juicer_WF_5165_2.jpeg,2,Westpoint Professional Slow Juicer WF-5165,,,,
westpoint-professional-slow-juicer-wf-5165,,,,,,,,,,,,,,,,,,,,https://raw.githubusercontent.com/mrfantastic05678/shopify-products/main/public_images/winbachat/MRT-WB-WESTPOINT-052_Westpoint_Professional_Slow_Juicer_WF_5165_3.jpg,3,Westpoint Professional Slow Juicer WF-5165,,,,
westpoint-deluxe-hard-fruit-juicer-wf-1186,Westpoint Deluxe Hard Fruit Juicer WF-1186,"<p>Prepare fresh juice conveniently with the Westpoint WF-1186 Deluxe Hard Fruit Juicer. Designed for extracting juice from suitable hard fruits and vegetables, it features straightforward controls and a practical construction for everyday home use. Enjoy freshly prepared drinks with less effort as part of your daily routine.</p>",Win Bachat,Home & Garden > Kitchen & Dining > Kitchen Appliances,Home Appliances,"Electronics, Westpoint, Win Bachat, Hard Juicer, Juicers",true,Title,Default Title,MRT-WB-WESTPOINT-053,3500,shopify,deny,manual,12154.00,14585.00,TRUE,TRUE,,https://raw.githubusercontent.com/mrfantastic05678/shopify-products/main/public_images/winbachat/MRT-WB-WESTPOINT-053_Westpoint_Deluxe_Hard_Fruit_Juicer_WF_1186_1.jpg,1,Westpoint Deluxe Hard Fruit Juicer WF-1186,FALSE,Westpoint Hard Fruit Juicer WF-1186,Buy Westpoint WF-1186 Deluxe Hard Fruit Juicer for convenient extraction of fresh fruit and vegetable juices with simple controls for everyday home use.,active
westpoint-deluxe-hard-fruit-juicer-wf-1186,,,,,,,,,,,,,,,,,,,,https://raw.githubusercontent.com/mrfantastic05678/shopify-products/main/public_images/winbachat/MRT-WB-WESTPOINT-053_Westpoint_Deluxe_Hard_Fruit_Juicer_WF_1186_2.jpg,2,Westpoint Deluxe Hard Fruit Juicer WF-1186,,,,
westpoint-deluxe-hard-fruit-juicer-wf-1186,,,,,,,,,,,,,,,,,,,,https://raw.githubusercontent.com/mrfantastic05678/shopify-products/main/public_images/winbachat/MRT-WB-WESTPOINT-053_Westpoint_Deluxe_Hard_Fruit_Juicer_WF_1186_3.jpg,3,Westpoint Deluxe Hard Fruit Juicer WF-1186,,,,
westpoint-deluxe-hard-fruit-juicer-wf-1186,,,,,,,,,,,,,,,,,,,,https://raw.githubusercontent.com/mrfantastic05678/shopify-products/main/public_images/winbachat/MRT-WB-WESTPOINT-053_Westpoint_Deluxe_Hard_Fruit_Juicer_WF_1186_4.jpg,4,Westpoint Deluxe Hard Fruit Juicer WF-1186,,,,
westpoint-deluxe-air-fryer-wf-3256,Westpoint Deluxe Air Fryer WF-3256,"<p>Prepare crispy and delicious meals with the Westpoint WF-3256 Deluxe Air Fryer. Designed for convenient everyday cooking, it features easy-to-use manual temperature and timer controls along with a pull-out cooking basket. Its compact design makes it a practical appliance for preparing snacks and family favourites with less added oil.</p>",Win Bachat,Home & Garden > Kitchen & Dining > Kitchen Appliances,Home Appliances,"Electronics, Westpoint, Win Bachat, Deep Fryer And Air Fryer",true,Title,Default Title,MRT-WB-WESTPOINT-054,5000,shopify,deny,manual,23010.00,27612.00,TRUE,TRUE,,https://raw.githubusercontent.com/mrfantastic05678/shopify-products/main/public_images/winbachat/MRT-WB-WESTPOINT-054_Westpoint_Deluxe_Air_Fryer_WF_3256_1.jpg,1,Westpoint Deluxe Air Fryer WF-3256,FALSE,Westpoint Deluxe Air Fryer WF-3256,Shop Westpoint WF-3256 Deluxe Air Fryer with easy timer and temperature controls for convenient everyday cooking of crispy meals and snacks with less oil.,active
westpoint-deluxe-air-fryer-wf-3256,,,,,,,,,,,,,,,,,,,,https://raw.githubusercontent.com/mrfantastic05678/shopify-products/main/public_images/winbachat/MRT-WB-WESTPOINT-054_Westpoint_Deluxe_Air_Fryer_WF_3256_2.jpg,2,Westpoint Deluxe Air Fryer WF-3256,,,,
westpoint-deluxe-easy-fryer-xl-wf-4257,Westpoint Deluxe Easy Fryer XL WF-4257,"<p>Cook your favourite meals with the Westpoint WF-4257 Deluxe Easy Fryer XL. Its spacious XL design is suitable for preparing larger portions, while simple manual timer and temperature controls make operation straightforward. Enjoy convenient air frying for chicken, fries, snacks and other everyday favourites using less added oil.</p>",Win Bachat,Home & Garden > Kitchen & Dining > Kitchen Appliances,Home Appliances,"Electronics, Westpoint, Win Bachat, Deep Fryer And Air Fryer",true,Title,Default Title,MRT-WB-WESTPOINT-055,2000,shopify,deny,manual,33630.00,40356.00,TRUE,TRUE,,https://raw.githubusercontent.com/mrfantastic05678/shopify-products/main/public_images/winbachat/MRT-WB-WESTPOINT-055_Westpoint_Deluxe_Easy_Fryer_XL_WF_4257_1.jpg,1,Westpoint Deluxe Easy Fryer XL WF-4257,FALSE,Westpoint Deluxe Easy Fryer XL WF-4257,"Buy Westpoint WF-4257 Deluxe Easy Fryer XL with manual timer and temperature controls for convenient preparation of family meals, snacks and crispy favourites.",active
westpoint-deluxe-easy-fryer-xl-wf-4257,,,,,,,,,,,,,,,,,,,,https://raw.githubusercontent.com/mrfantastic05678/shopify-products/main/public_images/winbachat/MRT-WB-WESTPOINT-055_Westpoint_Deluxe_Easy_Fryer_XL_WF_4257_2.jpg,2,Westpoint Deluxe Easy Fryer XL WF-4257,,,,
westpoint-deluxe-easy-fryer-xl-wf-4257,,,,,,,,,,,,,,,,,,,,https://raw.githubusercontent.com/mrfantastic05678/shopify-products/main/public_images/winbachat/MRT-WB-WESTPOINT-055_Westpoint_Deluxe_Easy_Fryer_XL_WF_4257_3.webp,3,Westpoint Deluxe Easy Fryer XL WF-4257,,,,
westpoint-deluxe-air-fryer-8l-wf-4256,Westpoint Deluxe Air Fryer 8L WF-4256,"<p>Enjoy versatile everyday cooking with the Westpoint WF-4256 Deluxe Air Fryer. Featuring a generous 8-liter capacity, an 80°C–200°C temperature range and a timer of up to 60 minutes, it includes a non-stick tray and wire rack for convenient preparation of a variety of meals and snacks.</p>",Win Bachat,Home & Garden > Kitchen & Dining > Kitchen Appliances,Home Appliances,"Electronics, Westpoint, Win Bachat, Deep Fryer And Air Fryer",true,Title,Default Title,MRT-WB-WESTPOINT-056,5000,shopify,deny,manual,30680.00,36816.00,TRUE,TRUE,,https://raw.githubusercontent.com/mrfantastic05678/shopify-products/main/public_images/winbachat/MRT-WB-WESTPOINT-056_Westpoint_Deluxe_Air_Fryer_8L_WF_4256_1.jpg,1,Westpoint Deluxe Air Fryer 8L WF-4256,FALSE,Westpoint Deluxe Air Fryer 8L WF-4256,"Shop Westpoint WF-4256 8L Deluxe Air Fryer with 80°C–200°C temperature control, 60-minute timer, non-stick tray and wire rack for convenient cooking.",active
westpoint-deluxe-air-fryer-8l-wf-4256,,,,,,,,,,,,,,,,,,,,https://raw.githubusercontent.com/mrfantastic05678/shopify-products/main/public_images/winbachat/MRT-WB-WESTPOINT-056_Westpoint_Deluxe_Air_Fryer_8L_WF_4256_2.jpg,2,Westpoint Deluxe Air Fryer 8L WF-4256,,,,
westpoint-deluxe-air-fryer-8l-wf-4256,,,,,,,,,,,,,,,,,,,,https://raw.githubusercontent.com/mrfantastic05678/shopify-products/main/public_images/winbachat/MRT-WB-WESTPOINT-056_Westpoint_Deluxe_Air_Fryer_8L_WF_4256_3.jpg,3,Westpoint Deluxe Air Fryer 8L WF-4256,,,,
westpoint-deluxe-dual-air-fryer-wf-4258,Westpoint Deluxe Dual Air Fryer WF-4258,"<p>Prepare different foods conveniently with the Westpoint WF-4258 Deluxe Dual Air Fryer. Featuring two separate pull-out cooking baskets, it provides flexible space for preparing multiple dishes or larger portions. Independent-style controls and a practical countertop design make it a versatile addition to a busy kitchen.</p>",Win Bachat,Home & Garden > Kitchen & Dining > Kitchen Appliances,Home Appliances,"Electronics, Westpoint, Win Bachat, Deep Fryer And Air Fryer",true,Title,Default Title,MRT-WB-WESTPOINT-057,7000,shopify,deny,manual,38940.00,46728.00,TRUE,TRUE,,https://raw.githubusercontent.com/mrfantastic05678/shopify-products/main/public_images/winbachat/MRT-WB-WESTPOINT-057_Westpoint_Deluxe_Dual_Air_Fryer_WF_4258_1.jpg,1,Westpoint Deluxe Dual Air Fryer WF-4258,FALSE,Westpoint Deluxe Dual Air Fryer WF-4258,"Buy Westpoint WF-4258 Deluxe Dual Air Fryer with two cooking baskets for convenient preparation of multiple dishes, snacks and family meals with less added oil.",active
westpoint-deluxe-dual-air-fryer-wf-4258,,,,,,,,,,,,,,,,,,,,https://raw.githubusercontent.com/mrfantastic05678/shopify-products/main/public_images/winbachat/MRT-WB-WESTPOINT-057_Westpoint_Deluxe_Dual_Air_Fryer_WF_4258_2.jpg,2,Westpoint Deluxe Dual Air Fryer WF-4258,,,,
westpoint-deluxe-dual-air-fryer-wf-4258,,,,,,,,,,,,,,,,,,,,https://raw.githubusercontent.com/mrfantastic05678/shopify-products/main/public_images/winbachat/MRT-WB-WESTPOINT-057_Westpoint_Deluxe_Dual_Air_Fryer_WF_4258_3.jpg,3,Westpoint Deluxe Dual Air Fryer WF-4258,,,,
westpoint-deluxe-air-fryer-wf-4259,Westpoint Deluxe Air Fryer WF-4259,"<p>Make everyday cooking easier with the Westpoint WF-4259 Deluxe Air Fryer. Its modern stainless steel-style exterior, pull-out cooking basket and straightforward manual controls provide a convenient solution for preparing crispy snacks and meals. Air frying helps you enjoy your favourite foods while using less added oil than traditional deep frying.</p>",Win Bachat,Home & Garden > Kitchen & Dining > Kitchen Appliances,Home Appliances,"Electronics, Westpoint, Win Bachat, Deep Fryer And Air Fryer",true,Title,Default Title,MRT-WB-WESTPOINT-058,5000,shopify,deny,manual,34220.00,41064.00,TRUE,TRUE,,https://raw.githubusercontent.com/mrfantastic05678/shopify-products/main/public_images/winbachat/MRT-WB-WESTPOINT-058_Westpoint_Deluxe_Air_Fryer_WF_4259_1.jpg,1,Westpoint Deluxe Air Fryer WF-4259,FALSE,Westpoint Deluxe Air Fryer WF-4259,Shop Westpoint WF-4259 Deluxe Air Fryer with easy manual controls and modern design for convenient preparation of crispy snacks and everyday meals with less oil.,active
westpoint-deluxe-air-fryer-wf-4259,,,,,,,,,,,,,,,,,,,,https://raw.githubusercontent.com/mrfantastic05678/shopify-products/main/public_images/winbachat/MRT-WB-WESTPOINT-058_Westpoint_Deluxe_Air_Fryer_WF_4259_2.jpg,2,Westpoint Deluxe Air Fryer WF-4259,,,,
westpoint-deluxe-air-fryer-wf-4259,,,,,,,,,,,,,,,,,,,,https://raw.githubusercontent.com/mrfantastic05678/shopify-products/main/public_images/winbachat/MRT-WB-WESTPOINT-058_Westpoint_Deluxe_Air_Fryer_WF_4259_3.jpg,3,Westpoint Deluxe Air Fryer WF-4259,,,,
westpoint-deluxe-easy-fryer-xl-wf-5257,Westpoint Deluxe Easy Fryer XL WF-5257,"<p>Prepare generous portions of your favourite foods with the Westpoint WF-5257 Deluxe Easy Fryer XL. Featuring a modern digital touch-control panel and spacious pull-out basket, it provides convenient cooking options for chicken, fries, snacks and other family favourites while reducing the need for excessive added oil.</p>",Win Bachat,Home & Garden > Kitchen & Dining > Kitchen Appliances,Home Appliances,"Electronics, Westpoint, Win Bachat, Deep Fryer And Air Fryer",true,Title,Default Title,MRT-WB-WESTPOINT-059,2000,shopify,deny,manual,41300.00,49560.00,TRUE,TRUE,,https://raw.githubusercontent.com/mrfantastic05678/shopify-products/main/public_images/winbachat/MRT-WB-WESTPOINT-059_Westpoint_Deluxe_Easy_Fryer_XL_WF_5257_1.jpg,1,Westpoint Deluxe Easy Fryer XL WF-5257,FALSE,Westpoint Digital Easy Fryer XL WF-5257,Buy Westpoint WF-5257 Deluxe Easy Fryer XL with digital touch controls and spacious cooking basket for convenient preparation of family meals and crispy snacks.,active
westpoint-deluxe-easy-fryer-xl-wf-5257,,,,,,,,,,,,,,,,,,,,https://raw.githubusercontent.com/mrfantastic05678/shopify-products/main/public_images/winbachat/MRT-WB-WESTPOINT-059_Westpoint_Deluxe_Easy_Fryer_XL_WF_5257_2.jpg,2,Westpoint Deluxe Easy Fryer XL WF-5257,,,,
westpoint-deluxe-easy-fryer-xl-wf-5257,,,,,,,,,,,,,,,,,,,,https://raw.githubusercontent.com/mrfantastic05678/shopify-products/main/public_images/winbachat/MRT-WB-WESTPOINT-059_Westpoint_Deluxe_Easy_Fryer_XL_WF_5257_3.jpg,3,Westpoint Deluxe Easy Fryer XL WF-5257,,,,
westpoint-deluxe-air-fryer-wf-5253,Westpoint Deluxe Air Fryer WF-5253,"<p>Enjoy convenient air frying with the Westpoint WF-5253 Deluxe Air Fryer. Its easy-to-use manual timer and temperature controls let you adjust cooking settings for different foods, while the pull-out basket makes serving simple. A practical choice for preparing crispy snacks and meals with less added oil.</p>",Win Bachat,Home & Garden > Kitchen & Dining > Kitchen Appliances,Home Appliances,"Electronics, Westpoint, Win Bachat, Deep Fryer And Air Fryer",true,Title,Default Title,MRT-WB-WESTPOINT-060,5000,shopify,deny,manual,27494.00,32993.00,TRUE,TRUE,,https://raw.githubusercontent.com/mrfantastic05678/shopify-products/main/public_images/winbachat/MRT-WB-WESTPOINT-060_Westpoint_Deluxe_Air_Fryer_WF_5253_1.jpg,1,Westpoint Deluxe Air Fryer WF-5253,FALSE,Westpoint Deluxe Air Fryer WF-5253,Shop Westpoint WF-5253 Deluxe Air Fryer with adjustable manual timer and temperature controls for convenient cooking of crispy snacks and everyday meals.,active
westpoint-deluxe-air-fryer-wf-5253,,,,,,,,,,,,,,,,,,,,https://raw.githubusercontent.com/mrfantastic05678/shopify-products/main/public_images/winbachat/MRT-WB-WESTPOINT-060_Westpoint_Deluxe_Air_Fryer_WF_5253_2.jpg,2,Westpoint Deluxe Air Fryer WF-5253,,,,
westpoint-deluxe-air-fryer-wf-5255,Westpoint Deluxe Air Fryer WF-5255,"<p>Bring convenient air frying to your kitchen with the Westpoint WF-5255 Deluxe Air Fryer. Its modern new-model design combines a digital display with an easy rotary control and pull-out cooking basket. It is suitable for preparing fries, snacks and a variety of everyday dishes using less added oil.</p>",Win Bachat,Home & Garden > Kitchen & Dining > Kitchen Appliances,Home Appliances,"Electronics, Westpoint, Win Bachat, Deep Fryer And Air Fryer",true,Title,Default Title,MRT-WB-WESTPOINT-061,5000,shopify,deny,manual,27494.00,32993.00,TRUE,TRUE,,https://raw.githubusercontent.com/mrfantastic05678/shopify-products/main/public_images/winbachat/MRT-WB-WESTPOINT-061_Westpoint_Deluxe_Air_Fryer_WF_5255_1.jpg,1,Westpoint Deluxe Air Fryer WF-5255,FALSE,Westpoint Deluxe Digital Air Fryer WF-5255,"Buy Westpoint WF-5255 Deluxe Air Fryer with digital display, rotary control and modern design for convenient preparation of crispy everyday meals and snacks.",active
westpoint-deluxe-air-fryer-wf-5255,,,,,,,,,,,,,,,,,,,,https://raw.githubusercontent.com/mrfantastic05678/shopify-products/main/public_images/winbachat/MRT-WB-WESTPOINT-061_Westpoint_Deluxe_Air_Fryer_WF_5255_2.jpg,2,Westpoint Deluxe Air Fryer WF-5255,,,,
westpoint-deluxe-air-fryer-wf-5255,,,,,,,,,,,,,,,,,,,,https://raw.githubusercontent.com/mrfantastic05678/shopify-products/main/public_images/winbachat/MRT-WB-WESTPOINT-061_Westpoint_Deluxe_Air_Fryer_WF_5255_3.jpg,3,Westpoint Deluxe Air Fryer WF-5255,,,,
westpoint-air-fryer-wf-5256,Westpoint Air Fryer WF-5256,"<p>Prepare delicious everyday meals with the Westpoint WF-5256 Air Fryer. Designed with straightforward timer and temperature controls plus a convenient pull-out basket, it provides an easy way to cook fries, snacks and other family favourites while reducing reliance on traditional deep frying and excessive added oil.</p>",Win Bachat,Home & Garden > Kitchen & Dining > Kitchen Appliances,Home Appliances,"Electronics, Westpoint, Win Bachat, Deep Fryer And Air Fryer",true,Title,Default Title,MRT-WB-WESTPOINT-062,4750,shopify,deny,manual,47790.00,57348.00,TRUE,TRUE,,https://raw.githubusercontent.com/mrfantastic05678/shopify-products/main/public_images/winbachat/MRT-WB-WESTPOINT-062_Westpoint_Air_Fryer_WF_5256_1.jpg,1,Westpoint Air Fryer WF-5256,FALSE,Westpoint Air Fryer WF-5256,"Shop Westpoint WF-5256 Air Fryer with adjustable timer and temperature controls for easy preparation of crispy fries, snacks and everyday family meals.",active
westpoint-air-fryer-wf-5256,,,,,,,,,,,,,,,,,,,,https://raw.githubusercontent.com/mrfantastic05678/shopify-products/main/public_images/winbachat/MRT-WB-WESTPOINT-062_Westpoint_Air_Fryer_WF_5256_2.jpg,2,Westpoint Air Fryer WF-5256,,,,
westpoint-air-fryer-wf-5256,,,,,,,,,,,,,,,,,,,,https://raw.githubusercontent.com/mrfantastic05678/shopify-products/main/public_images/winbachat/MRT-WB-WESTPOINT-062_Westpoint_Air_Fryer_WF_5256_3.jpg,3,Westpoint Air Fryer WF-5256,,,,
westpoint-deluxe-air-fryer-rotisserie-oven-wf-5259,Westpoint Deluxe Air Fryer Rotisserie Oven WF-5259,"<p>Expand your cooking options with the Westpoint WF-5259 Deluxe Air Fryer Rotisserie Oven. Combining air frying with oven-style versatility, it features digital controls and a spacious cooking chamber for preparing a variety of dishes. Its multi-function design makes it suitable for snacks, baked foods and family meals.</p>",Win Bachat,Home & Garden > Kitchen & Dining > Kitchen Appliances,Home Appliances,"Electronics, Westpoint, Win Bachat, Deep Fryer And Air Fryer",true,Title,Default Title,MRT-WB-WESTPOINT-063,8000,shopify,deny,manual,42952.00,51542.00,TRUE,TRUE,,https://raw.githubusercontent.com/mrfantastic05678/shopify-products/main/public_images/winbachat/MRT-WB-WESTPOINT-063_Westpoint_Deluxe_Air_Fryer_Rotisserie_Oven_WF_5259_1.jpg,1,Westpoint Deluxe Air Fryer Rotisserie Oven WF-5259,FALSE,Westpoint Air Fryer Rotisserie Oven WF-5259,"Buy Westpoint WF-5259 Deluxe Air Fryer Rotisserie Oven with digital controls and versatile cooking functions for convenient snacks, meals and oven-style dishes.",active
westpoint-deluxe-air-fryer-rotisserie-oven-wf-5259,,,,,,,,,,,,,,,,,,,,https://raw.githubusercontent.com/mrfantastic05678/shopify-products/main/public_images/winbachat/MRT-WB-WESTPOINT-063_Westpoint_Deluxe_Air_Fryer_Rotisserie_Oven_WF_5259_2.jpg,2,Westpoint Deluxe Air Fryer Rotisserie Oven WF-5259,,,,
westpoint-professional-power-air-fryer-oven-wf-5258,Westpoint Professional Power Air Fryer Oven WF-5258,"<p>Enjoy versatile countertop cooking with the Westpoint WF-5258 Professional Power Air Fryer Oven. Its oven-style design offers generous cooking space with multiple control knobs for convenient adjustment of cooking settings. Ideal for preparing crispy snacks, chicken, fries and a range of everyday meals.</p>",Win Bachat,Home & Garden > Kitchen & Dining > Kitchen Appliances,Home Appliances,"Electronics, Westpoint, Win Bachat, Deep Fryer And Air Fryer",true,Title,Default Title,MRT-WB-WESTPOINT-064,8000,shopify,deny,manual,42952.00,51542.00,TRUE,TRUE,,https://raw.githubusercontent.com/mrfantastic05678/shopify-products/main/public_images/winbachat/MRT-WB-WESTPOINT-064_Westpoint_Professional_Power_Air_Fryer_Oven_WF_525_1.jpg,1,Westpoint Professional Power Air Fryer Oven WF-5258,FALSE,Westpoint Professional Air Fryer Oven WF-5258,Shop Westpoint WF-5258 Professional Power Air Fryer Oven with spacious cooking chamber and adjustable controls for versatile everyday countertop cooking.,active
westpoint-professional-power-air-fryer-oven-wf-5258,,,,,,,,,,,,,,,,,,,,https://raw.githubusercontent.com/mrfantastic05678/shopify-products/main/public_images/winbachat/MRT-WB-WESTPOINT-064_Westpoint_Professional_Power_Air_Fryer_Oven_WF_525_2.jpg,2,Westpoint Professional Power Air Fryer Oven WF-5258,,,,
westpoint-professional-power-air-fryer-oven-wf-5258,,,,,,,,,,,,,,,,,,,,https://raw.githubusercontent.com/mrfantastic05678/shopify-products/main/public_images/winbachat/MRT-WB-WESTPOINT-064_Westpoint_Professional_Power_Air_Fryer_Oven_WF_525_3.jpg,3,Westpoint Professional Power Air Fryer Oven WF-5258,,,,
westpoint-deluxe-dual-heating-air-fryer-wf-7259,Westpoint Deluxe Dual Heating Air Fryer WF-7259,"<p>Upgrade your cooking routine with the Westpoint WF-7259 Deluxe Air Fryer featuring dual heating technology. Its digital touch screen provides access to 12 preset menus and adjustable temperature settings, while the dual-heating design supports versatile cooking. Fat-removal technology provides a convenient approach to preparing everyday favourites with less excess oil.</p>",Win Bachat,Home & Garden > Kitchen & Dining > Kitchen Appliances,Home Appliances,"Electronics, Westpoint, Win Bachat, Deep Fryer And Air Fryer",true,Title,Default Title,MRT-WB-WESTPOINT-065,5000,shopify,deny,manual,42952.00,51542.00,TRUE,TRUE,,https://raw.githubusercontent.com/mrfantastic05678/shopify-products/main/public_images/winbachat/MRT-WB-WESTPOINT-065_Westpoint_Deluxe_Dual_Heating_Air_Fryer_WF_7259_1.jpg,1,Westpoint Deluxe Dual Heating Air Fryer WF-7259,FALSE,Westpoint Dual Heating Air Fryer WF-7259,"Buy Westpoint WF-7259 Deluxe Air Fryer with dual heating, digital touch screen, 12 preset menus, adjustable temperature and fat-removal technology.",active
westpoint-deluxe-dual-heating-air-fryer-wf-7259,,,,,,,,,,,,,,,,,,,,https://raw.githubusercontent.com/mrfantastic05678/shopify-products/main/public_images/winbachat/MRT-WB-WESTPOINT-065_Westpoint_Deluxe_Dual_Heating_Air_Fryer_WF_7259_2.jpg,2,Westpoint Deluxe Dual Heating Air Fryer WF-7259,,,,
westpoint-deluxe-dual-heating-air-fryer-wf-7259,,,,,,,,,,,,,,,,,,,,https://raw.githubusercontent.com/mrfantastic05678/shopify-products/main/public_images/winbachat/MRT-WB-WESTPOINT-065_Westpoint_Deluxe_Dual_Heating_Air_Fryer_WF_7259_3.jpg,3,Westpoint Deluxe Dual Heating Air Fryer WF-7259,,,,
westpoint-deluxe-air-fryer-wf-7260,Westpoint Deluxe Air Fryer WF-7260,"<p>Make everyday cooking smarter and more convenient with the Westpoint WF-7260 Deluxe Air Fryer. Featuring an intuitive digital control panel and a pull-out cooking basket, it provides a simple way to prepare crispy chicken, fries, snacks and other family favourites while reducing the need for excessive added oil.</p>",Win Bachat,Home & Garden > Kitchen & Dining > Kitchen Appliances,Home Appliances,"Electronics, Westpoint, Win Bachat, Deep Fryer And Air Fryer",true,Title,Default Title,MRT-WB-WESTPOINT-066,5000,shopify,deny,manual,27494.00,32993.00,TRUE,TRUE,,https://raw.githubusercontent.com/mrfantastic05678/shopify-products/main/public_images/winbachat/MRT-WB-WESTPOINT-066_Westpoint_Deluxe_Air_Fryer_WF_7260_1.jpg,1,Westpoint Deluxe Air Fryer WF-7260,FALSE,Westpoint Deluxe Digital Air Fryer WF-7260,Buy Westpoint WF-7260 Deluxe Air Fryer with digital controls and a convenient cooking basket for easy preparation of crispy everyday meals with less added oil.,active
westpoint-deluxe-air-fryer-1400w-wf-5254,Westpoint Deluxe Air Fryer 1400W WF-5254,"<p>Enjoy crispy favourites with little or no added oil using the Westpoint WF-5254 Deluxe Air Fryer. Powered by 1400 watts, it features a non-stick food basket and pot, overheat protection, cool-touch handle, automatic switch-off when the basket is removed, and an easy-to-clean design for convenient everyday cooking.</p>",Win Bachat,Home & Garden > Kitchen & Dining > Kitchen Appliances,Home Appliances,"Electronics, Westpoint, Win Bachat, Deep Fryer And Air Fryer",true,Title,Default Title,MRT-WB-WESTPOINT-067,5000,shopify,deny,manual,7788.00,9346.00,TRUE,TRUE,,https://raw.githubusercontent.com/mrfantastic05678/shopify-products/main/public_images/winbachat/MRT-WB-WESTPOINT-067_Westpoint_Deluxe_Air_Fryer_1400W_WF_5254_1.jpg,1,Westpoint Deluxe Air Fryer 1400W WF-5254,FALSE,Westpoint Deluxe Air Fryer 1400W WF-5254,"Shop Westpoint WF-5254 1400W Deluxe Air Fryer with non-stick basket, overheat protection, cool-touch handle and auto switch-off for convenient everyday cooking.",active
westpoint-deluxe-air-fryer-1400w-wf-5254,,,,,,,,,,,,,,,,,,,,https://raw.githubusercontent.com/mrfantastic05678/shopify-products/main/public_images/winbachat/MRT-WB-WESTPOINT-067_Westpoint_Deluxe_Air_Fryer_1400W_WF_5254_2.jpg,2,Westpoint Deluxe Air Fryer 1400W WF-5254,,,,
westpoint-deluxe-air-fryer-1400w-wf-5254,,,,,,,,,,,,,,,,,,,,https://raw.githubusercontent.com/mrfantastic05678/shopify-products/main/public_images/winbachat/MRT-WB-WESTPOINT-067_Westpoint_Deluxe_Air_Fryer_1400W_WF_5254_3.jpg,3,Westpoint Deluxe Air Fryer 1400W WF-5254,,,,
westpoint-cordless-electric-kettle-wf-410,Westpoint Cordless Electric Kettle WF-410,"<p>Enjoy hot beverages without the hassle with the Westpoint WF-410 Cordless Electric Kettle. Its cordless serving design, comfortable handle and convenient power base make boiling water simple for tea, coffee and other hot drinks. The stylish red finish adds a vibrant touch to your kitchen or office.</p>",Win Bachat,Home & Garden > Kitchen & Dining > Kitchen Appliances,Home Appliances,"Electronics, Westpoint, Win Bachat, Kettles",true,Title,Default Title,MRT-WB-WESTPOINT-068,1200,shopify,deny,manual,7788.00,9346.00,TRUE,TRUE,,https://raw.githubusercontent.com/mrfantastic05678/shopify-products/main/public_images/winbachat/MRT-WB-WESTPOINT-068_Westpoint_Cordless_Electric_Kettle_WF_410_1.jpg,1,Westpoint Cordless Electric Kettle WF-410,FALSE,Westpoint Cordless Electric Kettle WF-410,"Buy Westpoint WF-410 Cordless Electric Kettle for fast and convenient water boiling. A stylish and practical choice for tea, coffee and everyday hot drinks.",active
westpoint-cordless-electric-kettle-wf-410,,,,,,,,,,,,,,,,,,,,https://raw.githubusercontent.com/mrfantastic05678/shopify-products/main/public_images/winbachat/MRT-WB-WESTPOINT-068_Westpoint_Cordless_Electric_Kettle_WF_410_2.jpg,2,Westpoint Cordless Electric Kettle WF-410,,,,
westpoint-cordless-electric-kettle-wf-410,,,,,,,,,,,,,,,,,,,,https://raw.githubusercontent.com/mrfantastic05678/shopify-products/main/public_images/winbachat/MRT-WB-WESTPOINT-068_Westpoint_Cordless_Electric_Kettle_WF_410_3.jpg,3,Westpoint Cordless Electric Kettle WF-410,,,,
westpoint-deluxe-cordless-electric-kettle-wf-411,Westpoint Deluxe Cordless Electric Kettle WF-411,"<p>Start your day with conveniently boiled water using the Westpoint WF-411 Deluxe Cordless Kettle. Featuring a stainless steel-style body, comfortable handle and cordless serving design, it combines everyday practicality with a modern appearance for preparing tea, coffee and other hot beverages.</p>",Win Bachat,Home & Garden > Kitchen & Dining > Kitchen Appliances,Home Appliances,"Electronics, Westpoint, Win Bachat, Kettles",true,Title,Default Title,MRT-WB-WESTPOINT-069,1200,shopify,deny,manual,7788.00,9346.00,TRUE,TRUE,,https://raw.githubusercontent.com/mrfantastic05678/shopify-products/main/public_images/winbachat/MRT-WB-WESTPOINT-069_Westpoint_Deluxe_Cordless_Electric_Kettle_WF_411_1.jpg,1,Westpoint Deluxe Cordless Electric Kettle WF-411,FALSE,Westpoint Deluxe Cordless Kettle WF-411,"Shop Westpoint WF-411 Deluxe Cordless Electric Kettle with a modern stainless steel-style body for convenient preparation of tea, coffee and hot beverages.",active
westpoint-deluxe-cordless-electric-kettle-wf-411,,,,,,,,,,,,,,,,,,,,https://raw.githubusercontent.com/mrfantastic05678/shopify-products/main/public_images/winbachat/MRT-WB-WESTPOINT-069_Westpoint_Deluxe_Cordless_Electric_Kettle_WF_411_2.jpg,2,Westpoint Deluxe Cordless Electric Kettle WF-411,,,,
westpoint-deluxe-cordless-electric-kettle-wf-411,,,,,,,,,,,,,,,,,,,,https://raw.githubusercontent.com/mrfantastic05678/shopify-products/main/public_images/winbachat/MRT-WB-WESTPOINT-069_Westpoint_Deluxe_Cordless_Electric_Kettle_WF_411_3.jpg,3,Westpoint Deluxe Cordless Electric Kettle WF-411,,,,
westpoint-17l-cordless-kettle-wf-3117,Westpoint 1.7L Cordless Kettle WF-3117,"<p>Make hot drink preparation simple with the Westpoint WF-3117 Cordless Kettle. Featuring a lightweight plastic body, 1.7-liter capacity and clear water-level markings, it offers convenient everyday boiling for tea, coffee and other hot beverages. Its cordless design allows easy lifting, pouring and serving.</p>",Win Bachat,Home & Garden > Kitchen & Dining > Kitchen Appliances,Home Appliances,"Electronics, Westpoint, Win Bachat, Kettles",true,Title,Default Title,MRT-WB-WESTPOINT-070,1200,shopify,deny,manual,5074.00,6089.00,TRUE,TRUE,,https://raw.githubusercontent.com/mrfantastic05678/shopify-products/main/public_images/winbachat/MRT-WB-WESTPOINT-070_Westpoint_17L_Cordless_Kettle_WF_3117_1.jpg,1,Westpoint 1.7L Cordless Kettle WF-3117,FALSE,Westpoint 1.7L Cordless Kettle WF-3117,Buy Westpoint WF-3117 1.7L Cordless Kettle with lightweight plastic body and water-level markings for convenient everyday water boiling and hot drink preparation.,active
westpoint-17l-cordless-kettle-wf-3117,,,,,,,,,,,,,,,,,,,,https://raw.githubusercontent.com/mrfantastic05678/shopify-products/main/public_images/winbachat/MRT-WB-WESTPOINT-070_Westpoint_17L_Cordless_Kettle_WF_3117_2.jpg,2,Westpoint 1.7L Cordless Kettle WF-3117,,,,
westpoint-17l-cordless-kettle-wf-3118,Westpoint 1.7L Cordless Kettle WF-3118,"<p>Enjoy convenient everyday water boiling with the Westpoint WF-3118 Cordless Kettle. Its 1.7-liter capacity provides ample space for preparing multiple cups, while the lightweight plastic body, visible water-level markings and cordless serving design make it a practical companion for everyday teatime.</p>",Win Bachat,Home & Garden > Kitchen & Dining > Kitchen Appliances,Home Appliances,"Electronics, Westpoint, Win Bachat, Kettles",true,Title,Default Title,MRT-WB-WESTPOINT-071,1200,shopify,deny,manual,5074.00,6089.00,TRUE,TRUE,,https://raw.githubusercontent.com/mrfantastic05678/shopify-products/main/public_images/winbachat/MRT-WB-WESTPOINT-071_Westpoint_17L_Cordless_Kettle_WF_3118_1.jpg,1,Westpoint 1.7L Cordless Kettle WF-3118,FALSE,Westpoint 1.7L Cordless Kettle WF-3118,"Shop Westpoint WF-3118 1.7L Cordless Kettle with plastic body, water-level markings and convenient cordless design for tea, coffee and everyday hot beverages.",active
westpoint-17l-cordless-kettle-wf-3118,,,,,,,,,,,,,,,,,,,,https://raw.githubusercontent.com/mrfantastic05678/shopify-products/main/public_images/winbachat/MRT-WB-WESTPOINT-071_Westpoint_17L_Cordless_Kettle_WF_3118_2.jpg,2,Westpoint 1.7L Cordless Kettle WF-3118,,,,
westpoint-deluxe-17l-cordless-kettle-wf-3119,Westpoint Deluxe 1.7L Cordless Kettle WF-3119,"<p>Bring speed and convenience to your daily beverage routine with the Westpoint WF-3119 Deluxe Cordless Kettle. Designed with a 1.7-liter capacity, practical water-level indicator and comfortable handle, it offers an easy solution for boiling water for tea, coffee and other hot drinks.</p>",Win Bachat,Home & Garden > Kitchen & Dining > Kitchen Appliances,Home Appliances,"Electronics, Westpoint, Win Bachat, Kettles",true,Title,Default Title,MRT-WB-WESTPOINT-072,1200,shopify,deny,manual,5074.00,6089.00,TRUE,TRUE,,https://raw.githubusercontent.com/mrfantastic05678/shopify-products/main/public_images/winbachat/MRT-WB-WESTPOINT-072_Westpoint_Deluxe_17L_Cordless_Kettle_WF_3119_1.jpg,1,Westpoint Deluxe 1.7L Cordless Kettle WF-3119,FALSE,Westpoint Deluxe 1.7L Cordless Kettle WF-3119,"Buy Westpoint WF-3119 Deluxe 1.7L Cordless Kettle with convenient water-level indicator and easy-pour design for everyday tea, coffee and hot drink preparation.",active
westpoint-deluxe-17l-cordless-kettle-wf-3119,,,,,,,,,,,,,,,,,,,,https://raw.githubusercontent.com/mrfantastic05678/shopify-products/main/public_images/winbachat/MRT-WB-WESTPOINT-072_Westpoint_Deluxe_17L_Cordless_Kettle_WF_3119_2.jpg,2,Westpoint Deluxe 1.7L Cordless Kettle WF-3119,,,,
westpoint-deluxe-17l-cordless-kettle-wf-3119,,,,,,,,,,,,,,,,,,,,https://raw.githubusercontent.com/mrfantastic05678/shopify-products/main/public_images/winbachat/MRT-WB-WESTPOINT-072_Westpoint_Deluxe_17L_Cordless_Kettle_WF_3119_3.jpg,3,Westpoint Deluxe 1.7L Cordless Kettle WF-3119,,,,
westpoint-deluxe-17l-cordless-kettle-wf-8266,Westpoint Deluxe 1.7L Cordless Kettle WF-8266,"<p>Enjoy fast and convenient water boiling with the Westpoint WF-8266 Deluxe Cordless Kettle. Featuring a 1.7-liter plastic body, concealed heating element and easy-to-read water-level window, its practical cordless design makes preparing and serving tea, coffee and other hot beverages effortless.</p>",Win Bachat,Home & Garden > Kitchen & Dining > Kitchen Appliances,Home Appliances,"Electronics, Westpoint, Win Bachat, Kettles",true,Title,Default Title,MRT-WB-WESTPOINT-073,1200,shopify,deny,manual,8614.00,10337.00,TRUE,TRUE,,https://raw.githubusercontent.com/mrfantastic05678/shopify-products/main/public_images/winbachat/MRT-WB-WESTPOINT-073_Westpoint_Deluxe_17L_Cordless_Kettle_WF_8266_1.jpg,1,Westpoint Deluxe 1.7L Cordless Kettle WF-8266,FALSE,Westpoint 1.7L Cordless Kettle WF-8266,Shop Westpoint WF-8266 Deluxe 1.7L Cordless Kettle with concealed heating element and water-level window for convenient everyday hot beverage preparation.,active
westpoint-deluxe-17l-cordless-kettle-wf-8266,,,,,,,,,,,,,,,,,,,,https://raw.githubusercontent.com/mrfantastic05678/shopify-products/main/public_images/winbachat/MRT-WB-WESTPOINT-073_Westpoint_Deluxe_17L_Cordless_Kettle_WF_8266_2.jpg,2,Westpoint Deluxe 1.7L Cordless Kettle WF-8266,,,,
westpoint-deluxe-17l-cordless-kettle-wf-8266,,,,,,,,,,,,,,,,,,,,https://raw.githubusercontent.com/mrfantastic05678/shopify-products/main/public_images/winbachat/MRT-WB-WESTPOINT-073_Westpoint_Deluxe_17L_Cordless_Kettle_WF_8266_3.jpg,3,Westpoint Deluxe 1.7L Cordless Kettle WF-8266,,,,
westpoint-deluxe-17l-cordless-kettle-wf-8267,Westpoint Deluxe 1.7L Cordless Kettle WF-8267,"<p>Add modern convenience to your kitchen with the Westpoint WF-8267 Deluxe Cordless Kettle. Its 1.7-liter capacity, concealed heating element and sleek black body provide a practical combination for everyday use. Water-level markings and a cordless base make filling, boiling and serving easy.</p>",Win Bachat,Home & Garden > Kitchen & Dining > Kitchen Appliances,Home Appliances,"Electronics, Westpoint, Win Bachat, Kettles",true,Title,Default Title,MRT-WB-WESTPOINT-074,1200,shopify,deny,manual,8614.00,10337.00,TRUE,TRUE,,https://raw.githubusercontent.com/mrfantastic05678/shopify-products/main/public_images/winbachat/MRT-WB-WESTPOINT-074_Westpoint_Deluxe_17L_Cordless_Kettle_WF_8267_1.jpg,1,Westpoint Deluxe 1.7L Cordless Kettle WF-8267,FALSE,Westpoint Deluxe 1.7L Cordless Kettle WF-8267,"Buy Westpoint WF-8267 Deluxe 1.7L Cordless Kettle with concealed heating element, sleek black body and water-level markings for convenient everyday boiling.",active
westpoint-deluxe-17l-cordless-kettle-wf-8267,,,,,,,,,,,,,,,,,,,,https://raw.githubusercontent.com/mrfantastic05678/shopify-products/main/public_images/winbachat/MRT-WB-WESTPOINT-074_Westpoint_Deluxe_17L_Cordless_Kettle_WF_8267_2.jpg,2,Westpoint Deluxe 1.7L Cordless Kettle WF-8267,,,,
westpoint-deluxe-17l-cordless-kettle-wf-8269,Westpoint Deluxe 1.7L Cordless Kettle WF-8269,"<p>Prepare hot water quickly and conveniently with the Westpoint WF-8269 Deluxe Cordless Kettle. Designed with a 1.7-liter capacity, concealed heating element and visible water-level window, it combines a textured modern body with a comfortable handle for easy everyday boiling, pouring and serving.</p>",Win Bachat,Home & Garden > Kitchen & Dining > Kitchen Appliances,Home Appliances,"Electronics, Westpoint, Win Bachat, Kettles",true,Title,Default Title,MRT-WB-WESTPOINT-075,1200,shopify,deny,manual,8614.00,10337.00,TRUE,TRUE,,https://raw.githubusercontent.com/mrfantastic05678/shopify-products/main/public_images/winbachat/MRT-WB-WESTPOINT-075_Westpoint_Deluxe_17L_Cordless_Kettle_WF_8269_1.jpg,1,Westpoint Deluxe 1.7L Cordless Kettle WF-8269,FALSE,Westpoint Deluxe 1.7L Cordless Kettle WF-8269,"Shop Westpoint WF-8269 Deluxe 1.7L Cordless Kettle with concealed heating element and water-level window for easy tea, coffee and hot beverage preparation.",active
westpoint-deluxe-17l-cordless-kettle-wf-8269,,,,,,,,,,,,,,,,,,,,https://raw.githubusercontent.com/mrfantastic05678/shopify-products/main/public_images/winbachat/MRT-WB-WESTPOINT-075_Westpoint_Deluxe_17L_Cordless_Kettle_WF_8269_2.jpg,2,Westpoint Deluxe 1.7L Cordless Kettle WF-8269,,,,
westpoint-deluxe-17l-cordless-kettle-wf-8269,,,,,,,,,,,,,,,,,,,,https://raw.githubusercontent.com/mrfantastic05678/shopify-products/main/public_images/winbachat/MRT-WB-WESTPOINT-075_Westpoint_Deluxe_17L_Cordless_Kettle_WF_8269_3.jpg,3,Westpoint Deluxe 1.7L Cordless Kettle WF-8269,,,,
westpoint-professional-cordless-kettle-wf-8270,Westpoint Professional Cordless Kettle WF-8270,"<p>Enjoy fast and convenient water boiling with the Westpoint WF-8270 Professional Cordless Kettle. Featuring a 1.7-liter capacity, concealed heating element, water-level indicator and cordless design, it combines everyday functionality with an elegant finish for effortless tea and coffee preparation.</p>",Win Bachat,Home & Garden > Kitchen & Dining > Kitchen Appliances,Home Appliances,"Electronics, Westpoint, Win Bachat, Kettles",true,Title,Default Title,MRT-WB-WESTPOINT-076,1200,shopify,deny,manual,8614.00,10337.00,TRUE,TRUE,,https://raw.githubusercontent.com/mrfantastic05678/shopify-products/main/public_images/winbachat/MRT-WB-WESTPOINT-076_Westpoint_Professional_Cordless_Kettle_WF_8270_1.jpg,1,Westpoint Professional Cordless Kettle WF-8270,FALSE,Westpoint Professional Cordless Kettle WF-8270,"Buy Westpoint WF-8270 Professional Cordless Kettle with 1.7L capacity, concealed heating element and convenient cordless design for everyday hot beverages.",active
westpoint-professional-cordless-kettle-wf-8270,,,,,,,,,,,,,,,,,,,,https://raw.githubusercontent.com/mrfantastic05678/shopify-products/main/public_images/winbachat/MRT-WB-WESTPOINT-076_Westpoint_Professional_Cordless_Kettle_WF_8270_2.jpg,2,Westpoint Professional Cordless Kettle WF-8270,,,,
westpoint-professional-cordless-kettle-wf-8270,,,,,,,,,,,,,,,,,,,,https://raw.githubusercontent.com/mrfantastic05678/shopify-products/main/public_images/winbachat/MRT-WB-WESTPOINT-076_Westpoint_Professional_Cordless_Kettle_WF_8270_3.jpg,3,Westpoint Professional Cordless Kettle WF-8270,,,,
westpoint-professional-42l-stainless-steel-cordless-kettle-wf-6178,Westpoint Professional 4.2L Stainless Steel Cordless Kettle WF-6178,"<p>Designed for larger households and frequent use, the Westpoint WF-6178 Professional Cordless Kettle offers a generous 4.2-liter capacity. Its 304 stainless steel body and heating plate, concealed heating element, separate 360° rotating base and automatic power-off steam switch provide convenient and reliable everyday boiling.</p>",Win Bachat,Home & Garden > Kitchen & Dining > Kitchen Appliances,Home Appliances,"Electronics, Westpoint, Win Bachat, Kettles",true,Title,Default Title,MRT-WB-WESTPOINT-077,2000,shopify,deny,manual,13334.00,16001.00,TRUE,TRUE,,https://raw.githubusercontent.com/mrfantastic05678/shopify-products/main/public_images/winbachat/MRT-WB-WESTPOINT-077_Westpoint_Professional_42L_Stainless_Steel_Cordles_1.jpg,1,Westpoint Professional 4.2L Stainless Steel Cordless Kettle WF-6178,FALSE,Westpoint 4.2L Stainless Steel Kettle WF-6178,"Shop Westpoint WF-6178 Professional 4.2L Cordless Kettle with 304 stainless steel body, concealed heating element, 360° base and automatic power-off.",active
westpoint-professional-42l-stainless-steel-cordless-kettle-wf-6178,,,,,,,,,,,,,,,,,,,,https://raw.githubusercontent.com/mrfantastic05678/shopify-products/main/public_images/winbachat/MRT-WB-WESTPOINT-077_Westpoint_Professional_42L_Stainless_Steel_Cordles_2.jpg,2,Westpoint Professional 4.2L Stainless Steel Cordless Kettle WF-6178,,,,
westpoint-professional-42l-stainless-steel-cordless-kettle-wf-6178,,,,,,,,,,,,,,,,,,,,https://raw.githubusercontent.com/mrfantastic05678/shopify-products/main/public_images/winbachat/MRT-WB-WESTPOINT-077_Westpoint_Professional_42L_Stainless_Steel_Cordles_3.jpg,3,Westpoint Professional 4.2L Stainless Steel Cordless Kettle WF-6178,,,,
westpoint-17l-stainless-steel-cordless-kettle-wf-6171,Westpoint 1.7L Stainless Steel Cordless Kettle WF-6171,"<p>The Westpoint WF-6171 Cordless Kettle combines a sleek stainless steel body with convenient cordless operation. Its 1.7-liter capacity makes it suitable for everyday tea, coffee and hot water preparation, while the concealed heating design supports convenient use and easier cleaning.</p>",Win Bachat,Home & Garden > Kitchen & Dining > Kitchen Appliances,Home Appliances,"Electronics, Westpoint, Win Bachat, Kettles",true,Title,Default Title,MRT-WB-WESTPOINT-078,1200,shopify,deny,manual,9204.00,11045.00,TRUE,TRUE,,https://raw.githubusercontent.com/mrfantastic05678/shopify-products/main/public_images/winbachat/MRT-WB-WESTPOINT-078_Westpoint_17L_Stainless_Steel_Cordless_Kettle_WF_6_1.jpg,1,Westpoint 1.7L Stainless Steel Cordless Kettle WF-6171,FALSE,Westpoint 1.7L Steel Cordless Kettle WF-6171,"Buy Westpoint WF-6171 1.7L Stainless Steel Cordless Kettle with concealed heating design for fast and convenient preparation of tea, coffee and hot water.",active
westpoint-17l-stainless-steel-cordless-kettle-wf-6171,,,,,,,,,,,,,,,,,,,,https://raw.githubusercontent.com/mrfantastic05678/shopify-products/main/public_images/winbachat/MRT-WB-WESTPOINT-078_Westpoint_17L_Stainless_Steel_Cordless_Kettle_WF_6_2.jpg,2,Westpoint 1.7L Stainless Steel Cordless Kettle WF-6171,,,,
westpoint-deluxe-17l-stainless-steel-cordless-kettle-wf-6172,Westpoint Deluxe 1.7L Stainless Steel Cordless Kettle WF-6172,"<p>Bring practical style to your kitchen with the Westpoint WF-6172 Deluxe Cordless Kettle. Featuring a 1.7-liter stainless steel body, comfortable handle and concealed heating element, it is designed for fast and convenient water boiling while providing easy cordless pouring and serving.</p>",Win Bachat,Home & Garden > Kitchen & Dining > Kitchen Appliances,Home Appliances,"Electronics, Westpoint, Win Bachat, Kettles",true,Title,Default Title,MRT-WB-WESTPOINT-079,1200,shopify,deny,manual,9204.00,11045.00,TRUE,TRUE,,https://raw.githubusercontent.com/mrfantastic05678/shopify-products/main/public_images/winbachat/MRT-WB-WESTPOINT-079_Westpoint_Deluxe_17L_Stainless_Steel_Cordless_Kett_1.jpg,1,Westpoint Deluxe 1.7L Stainless Steel Cordless Kettle WF-6172,FALSE,Westpoint Deluxe 1.7L Cordless Kettle WF-6172,Shop Westpoint WF-6172 Deluxe 1.7L Stainless Steel Cordless Kettle with concealed heating element and convenient cordless operation for everyday hot drinks.,active
westpoint-deluxe-17l-stainless-steel-cordless-kettle-wf-6172,,,,,,,,,,,,,,,,,,,,https://raw.githubusercontent.com/mrfantastic05678/shopify-products/main/public_images/winbachat/MRT-WB-WESTPOINT-079_Westpoint_Deluxe_17L_Stainless_Steel_Cordless_Kett_2.jpg,2,Westpoint Deluxe 1.7L Stainless Steel Cordless Kettle WF-6172,,,,
westpoint-deluxe-17l-stainless-steel-cordless-kettle-wf-6172,,,,,,,,,,,,,,,,,,,,https://raw.githubusercontent.com/mrfantastic05678/shopify-products/main/public_images/winbachat/MRT-WB-WESTPOINT-079_Westpoint_Deluxe_17L_Stainless_Steel_Cordless_Kett_3.jpg,3,Westpoint Deluxe 1.7L Stainless Steel Cordless Kettle WF-6172,,,,
westpoint-deluxe-17l-stainless-steel-cordless-kettle-wf-6173,Westpoint Deluxe 1.7L Stainless Steel Cordless Kettle WF-6173,"<p>The Westpoint WF-6173 Deluxe Cordless Kettle offers a practical combination of modern styling and everyday convenience. Its 1.7-liter stainless steel body, concealed heating element and cordless serving design make boiling and pouring hot water simple for tea, coffee and other beverages.</p>",Win Bachat,Home & Garden > Kitchen & Dining > Kitchen Appliances,Home Appliances,"Electronics, Westpoint, Win Bachat, Kettles",true,Title,Default Title,MRT-WB-WESTPOINT-080,1200,shopify,deny,manual,9204.00,11045.00,TRUE,TRUE,,https://raw.githubusercontent.com/mrfantastic05678/shopify-products/main/public_images/winbachat/MRT-WB-WESTPOINT-080_Westpoint_Deluxe_17L_Stainless_Steel_Cordless_Kett_1.png,1,Westpoint Deluxe 1.7L Stainless Steel Cordless Kettle WF-6173,FALSE,Westpoint Deluxe Steel Cordless Kettle WF-6173,Buy Westpoint WF-6173 Deluxe 1.7L Stainless Steel Cordless Kettle with concealed heating element for convenient everyday water boiling and beverage preparation.,active
westpoint-deluxe-17l-stainless-steel-cordless-kettle-wf-6173,,,,,,,,,,,,,,,,,,,,https://raw.githubusercontent.com/mrfantastic05678/shopify-products/main/public_images/winbachat/MRT-WB-WESTPOINT-080_Westpoint_Deluxe_17L_Stainless_Steel_Cordless_Kett_2.jpg,2,Westpoint Deluxe 1.7L Stainless Steel Cordless Kettle WF-6173,,,,
westpoint-deluxe-17l-stainless-steel-cordless-kettle-wf-6173,,,,,,,,,,,,,,,,,,,,https://raw.githubusercontent.com/mrfantastic05678/shopify-products/main/public_images/winbachat/MRT-WB-WESTPOINT-080_Westpoint_Deluxe_17L_Stainless_Steel_Cordless_Kett_3.jpg,3,Westpoint Deluxe 1.7L Stainless Steel Cordless Kettle WF-6173,,,,
westpoint-deluxe-17l-stainless-steel-cordless-kettle-wf-6174,Westpoint Deluxe 1.7L Stainless Steel Cordless Kettle WF-6174,"<p>Add a vibrant touch to your kitchen with the Westpoint WF-6174 Deluxe Cordless Kettle. Featuring a stylish red stainless steel body, 1.7-liter capacity and concealed heating design, it provides fast and convenient water boiling with easy cordless pouring for everyday beverages.</p>",Win Bachat,Home & Garden > Kitchen & Dining > Kitchen Appliances,Home Appliances,"Electronics, Westpoint, Win Bachat, Kettles",true,Title,Default Title,MRT-WB-WESTPOINT-081,1200,shopify,deny,manual,10148.00,12178.00,TRUE,TRUE,,https://raw.githubusercontent.com/mrfantastic05678/shopify-products/main/public_images/winbachat/MRT-WB-WESTPOINT-081_Westpoint_Deluxe_17L_Stainless_Steel_Cordless_Kett_1.jpg,1,Westpoint Deluxe 1.7L Stainless Steel Cordless Kettle WF-6174,FALSE,Westpoint Deluxe Red Cordless Kettle WF-6174,"Shop Westpoint WF-6174 Deluxe 1.7L Red Stainless Steel Cordless Kettle with concealed heating design for convenient tea, coffee and hot water preparation.",active
westpoint-deluxe-17l-stainless-steel-cordless-kettle-wf-6174,,,,,,,,,,,,,,,,,,,,https://raw.githubusercontent.com/mrfantastic05678/shopify-products/main/public_images/winbachat/MRT-WB-WESTPOINT-081_Westpoint_Deluxe_17L_Stainless_Steel_Cordless_Kett_2.jpg,2,Westpoint Deluxe 1.7L Stainless Steel Cordless Kettle WF-6174,,,,
westpoint-deluxe-17l-cordless-kettle-wf-6184,Westpoint Deluxe 1.7L Cordless Kettle WF-6184,"<p>Enjoy convenient hot beverage preparation with the Westpoint WF-6184 Deluxe Cordless Kettle. Its distinctive blue body, 1.7-liter capacity, comfortable handle and cordless design make it an attractive and practical addition to kitchens, offices and everyday beverage stations.</p>",Win Bachat,Home & Garden > Kitchen & Dining > Kitchen Appliances,Home Appliances,"Electronics, Westpoint, Win Bachat, Kettles",true,Title,Default Title,MRT-WB-WESTPOINT-082,1200,shopify,deny,manual,10148.00,12178.00,TRUE,TRUE,,https://raw.githubusercontent.com/mrfantastic05678/shopify-products/main/public_images/winbachat/MRT-WB-WESTPOINT-082_Westpoint_Deluxe_17L_Cordless_Kettle_WF_6184_1.jpg,1,Westpoint Deluxe 1.7L Cordless Kettle WF-6184,FALSE,Westpoint Deluxe 1.7L Cordless Kettle WF-6184,"Buy Westpoint WF-6184 Deluxe 1.7L Cordless Kettle with stylish blue finish and convenient cordless operation for tea, coffee and everyday hot water needs.",active
westpoint-deluxe-17l-cordless-kettle-wf-6184,,,,,,,,,,,,,,,,,,,,https://raw.githubusercontent.com/mrfantastic05678/shopify-products/main/public_images/winbachat/MRT-WB-WESTPOINT-082_Westpoint_Deluxe_17L_Cordless_Kettle_WF_6184_2.jpg,2,Westpoint Deluxe 1.7L Cordless Kettle WF-6184,,,,
westpoint-deluxe-17l-cordless-kettle-wf-6184,,,,,,,,,,,,,,,,,,,,https://raw.githubusercontent.com/mrfantastic05678/shopify-products/main/public_images/winbachat/MRT-WB-WESTPOINT-082_Westpoint_Deluxe_17L_Cordless_Kettle_WF_6184_3.webp,3,Westpoint Deluxe 1.7L Cordless Kettle WF-6184,,,,
westpoint-deluxe-18l-multifunction-kettle-wf-6175,Westpoint Deluxe 1.8L Multifunction Kettle WF-6175,"<p>Expand your everyday kitchen possibilities with the Westpoint WF-6175 Deluxe Multifunction Kettle. Featuring a 1.8-liter steel body, adjustable control and convenient handle, this versatile appliance is designed for heating and preparing a variety of everyday foods and hot beverages.</p>",Win Bachat,Home & Garden > Kitchen & Dining > Kitchen Appliances,Home Appliances,"Electronics, Westpoint, Win Bachat, Kettles",true,Title,Default Title,MRT-WB-WESTPOINT-083,1200,shopify,deny,manual,9440.00,11328.00,TRUE,TRUE,,https://raw.githubusercontent.com/mrfantastic05678/shopify-products/main/public_images/winbachat/MRT-WB-WESTPOINT-083_Westpoint_Deluxe_18L_Multifunction_Kettle_WF_6175_1.jpg,1,Westpoint Deluxe 1.8L Multifunction Kettle WF-6175,FALSE,Westpoint 1.8L Multifunction Kettle WF-6175,"Shop Westpoint WF-6175 Deluxe 1.8L Multifunction Kettle with steel body and adjustable control for convenient heating, boiling and everyday food preparation.",active
westpoint-deluxe-18l-multifunction-kettle-wf-6175,,,,,,,,,,,,,,,,,,,,https://raw.githubusercontent.com/mrfantastic05678/shopify-products/main/public_images/winbachat/MRT-WB-WESTPOINT-083_Westpoint_Deluxe_18L_Multifunction_Kettle_WF_6175_2.jpg,2,Westpoint Deluxe 1.8L Multifunction Kettle WF-6175,,,,
westpoint-deluxe-18l-multifunction-kettle-wf-6175,,,,,,,,,,,,,,,,,,,,https://raw.githubusercontent.com/mrfantastic05678/shopify-products/main/public_images/winbachat/MRT-WB-WESTPOINT-083_Westpoint_Deluxe_18L_Multifunction_Kettle_WF_6175_3.jpg,3,Westpoint Deluxe 1.8L Multifunction Kettle WF-6175,,,,
westpoint-deluxe-18l-multifunction-kettle-wf-6275,Westpoint Deluxe 1.8L Multifunction Kettle WF-6275,"<p>The Westpoint WF-6275 Deluxe Multifunction Kettle offers versatile performance for modern kitchens. Its 1.8-liter steel body provides ample capacity, while the adjustable control and easy-grip handle make it convenient for heating water and preparing a range of simple hot foods and beverages.</p>",Win Bachat,Home & Garden > Kitchen & Dining > Kitchen Appliances,Home Appliances,"Electronics, Westpoint, Win Bachat, Kettles",true,Title,Default Title,MRT-WB-WESTPOINT-084,1200,shopify,deny,manual,9440.00,11328.00,TRUE,TRUE,,https://raw.githubusercontent.com/mrfantastic05678/shopify-products/main/public_images/winbachat/MRT-WB-WESTPOINT-084_Westpoint_Deluxe_18L_Multifunction_Kettle_WF_6275_1.jpeg,1,Westpoint Deluxe 1.8L Multifunction Kettle WF-6275,FALSE,Westpoint 1.8L Multifunction Kettle WF-6275,Buy Westpoint WF-6275 Deluxe 1.8L Multifunction Kettle with durable steel body and adjustable control for versatile everyday heating and food preparation.,active
westpoint-deluxe-18l-multifunction-kettle-wf-6275,,,,,,,,,,,,,,,,,,,,https://raw.githubusercontent.com/mrfantastic05678/shopify-products/main/public_images/winbachat/MRT-WB-WESTPOINT-084_Westpoint_Deluxe_18L_Multifunction_Kettle_WF_6275_2.jpg,2,Westpoint Deluxe 1.8L Multifunction Kettle WF-6275,,,,
westpoint-deluxe-18l-multifunction-kettle-wf-6275,,,,,,,,,,,,,,,,,,,,https://raw.githubusercontent.com/mrfantastic05678/shopify-products/main/public_images/winbachat/MRT-WB-WESTPOINT-084_Westpoint_Deluxe_18L_Multifunction_Kettle_WF_6275_3.jpg,3,Westpoint Deluxe 1.8L Multifunction Kettle WF-6275,,,,
westpoint-deluxe-digital-bath-scale-wf-7006,Westpoint Deluxe Digital Bath Scale WF-7006,"<p>Keep track of body weight conveniently with the Westpoint WF-7006 Deluxe Digital Bath Scale. Designed with a large LCD display, four precision sensors, auto-on functionality and weight indicators, it supports measurements up to 180 kg with 100 g graduation for easy everyday monitoring.</p>",Win Bachat,Home & Garden > Kitchen & Dining > Kitchen Appliances,Home Appliances,"Electronics, Westpoint, Win Bachat, Weight Scale",true,Title,Default Title,MRT-WB-WESTPOINT-085,1000,shopify,deny,manual,5664.00,6797.00,TRUE,TRUE,,https://raw.githubusercontent.com/mrfantastic05678/shopify-products/main/public_images/winbachat/MRT-WB-WESTPOINT-085_Westpoint_Deluxe_Digital_Bath_Scale_WF_7006_1.jpg,1,Westpoint Deluxe Digital Bath Scale WF-7006,FALSE,Westpoint Digital Bath Scale WF-7006,"Buy Westpoint WF-7006 Digital Bath Scale with 180kg capacity, LCD display, four sensors, auto-on function and 100g graduation for convenient weight monitoring.",active
westpoint-deluxe-digital-bath-scale-wf-7006,,,,,,,,,,,,,,,,,,,,https://raw.githubusercontent.com/mrfantastic05678/shopify-products/main/public_images/winbachat/MRT-WB-WESTPOINT-085_Westpoint_Deluxe_Digital_Bath_Scale_WF_7006_2.jpg,2,Westpoint Deluxe Digital Bath Scale WF-7006,,,,
westpoint-deluxe-digital-bath-scale-wf-7006,,,,,,,,,,,,,,,,,,,,https://raw.githubusercontent.com/mrfantastic05678/shopify-products/main/public_images/winbachat/MRT-WB-WESTPOINT-085_Westpoint_Deluxe_Digital_Bath_Scale_WF_7006_3.webp,3,Westpoint Deluxe Digital Bath Scale WF-7006,,,,
westpoint-deluxe-digital-bath-scale-wf-7007,Westpoint Deluxe Digital Bath Scale WF-7007,"<p>Monitor your weight easily with the Westpoint WF-7007 Deluxe Digital Bath Scale. Featuring a clear LCD screen, four-sensor technology, automatic activation and a maximum capacity of 180 kg, it provides a convenient solution for routine body weight measurement at home.</p>",Win Bachat,Home & Garden > Kitchen & Dining > Kitchen Appliances,Home Appliances,"Electronics, Westpoint, Win Bachat, Weight Scale",true,Title,Default Title,MRT-WB-WESTPOINT-086,1000,shopify,deny,manual,5664.00,6797.00,TRUE,TRUE,,https://raw.githubusercontent.com/mrfantastic05678/shopify-products/main/public_images/winbachat/MRT-WB-WESTPOINT-086_Westpoint_Deluxe_Digital_Bath_Scale_WF_7007_1.jpg,1,Westpoint Deluxe Digital Bath Scale WF-7007,FALSE,Westpoint Digital Weight Scale WF-7007,"Shop Westpoint WF-7007 Deluxe Digital Bath Scale with 180kg capacity, LCD display, four precision sensors and automatic activation for everyday home use.",active
westpoint-deluxe-digital-bath-scale-wf-7007,,,,,,,,,,,,,,,,,,,,https://raw.githubusercontent.com/mrfantastic05678/shopify-products/main/public_images/winbachat/MRT-WB-WESTPOINT-086_Westpoint_Deluxe_Digital_Bath_Scale_WF_7007_2.jpg,2,Westpoint Deluxe Digital Bath Scale WF-7007,,,,
westpoint-deluxe-digital-bath-scale-wf-7008,Westpoint Deluxe Digital Bath Scale WF-7008,"<p>The Westpoint WF-7008 Deluxe Digital Bath Scale combines a sleek platform with a clear LCD display for straightforward body weight measurement. Designed for everyday home use, it offers convenient digital readings and a stable surface for keeping track of your weight routine.</p>",Win Bachat,Home & Garden > Kitchen & Dining > Kitchen Appliances,Home Appliances,"Electronics, Westpoint, Win Bachat, Weight Scale",true,Title,Default Title,MRT-WB-WESTPOINT-087,1000,shopify,deny,manual,5664.00,6797.00,TRUE,TRUE,,https://raw.githubusercontent.com/mrfantastic05678/shopify-products/main/public_images/winbachat/MRT-WB-WESTPOINT-087_Westpoint_Deluxe_Digital_Bath_Scale_WF_7008_1.jpg,1,Westpoint Deluxe Digital Bath Scale WF-7008,FALSE,Westpoint Deluxe Digital Bath Scale WF-7008,Buy Westpoint WF-7008 Deluxe Digital Bath Scale with clear LCD display and convenient digital measurement for simple and reliable everyday weight tracking at home.,active
westpoint-deluxe-digital-bath-scale-wf-7008,,,,,,,,,,,,,,,,,,,,https://raw.githubusercontent.com/mrfantastic05678/shopify-products/main/public_images/winbachat/MRT-WB-WESTPOINT-087_Westpoint_Deluxe_Digital_Bath_Scale_WF_7008_2.jpg,2,Westpoint Deluxe Digital Bath Scale WF-7008,,,,
westpoint-deluxe-digital-bath-scale-wf-7008,,,,,,,,,,,,,,,,,,,,https://raw.githubusercontent.com/mrfantastic05678/shopify-products/main/public_images/winbachat/MRT-WB-WESTPOINT-087_Westpoint_Deluxe_Digital_Bath_Scale_WF_7008_3.jpg,3,Westpoint Deluxe Digital Bath Scale WF-7008,,,,
westpoint-deluxe-digital-bath-scale-wf-7008,,,,,,,,,,,,,,,,,,,,https://raw.githubusercontent.com/mrfantastic05678/shopify-products/main/public_images/winbachat/MRT-WB-WESTPOINT-087_Westpoint_Deluxe_Digital_Bath_Scale_WF_7008_4.jpg,4,Westpoint Deluxe Digital Bath Scale WF-7008,,,,
westpoint-deluxe-digital-bath-scale-wf-7009,Westpoint Deluxe Digital Bath Scale WF-7009,"<p>Make routine weight monitoring simple with the Westpoint WF-7009 Deluxe Digital Bath Scale. Its modern platform, easy-to-read LCD display and convenient digital operation provide a practical way to check body weight at home as part of your everyday wellness routine.</p>",Win Bachat,Home & Garden > Kitchen & Dining > Kitchen Appliances,Home Appliances,"Electronics, Westpoint, Win Bachat, Weight Scale",true,Title,Default Title,MRT-WB-WESTPOINT-088,1000,shopify,deny,manual,5664.00,6797.00,TRUE,TRUE,,https://raw.githubusercontent.com/mrfantastic05678/shopify-products/main/public_images/winbachat/MRT-WB-WESTPOINT-088_Westpoint_Deluxe_Digital_Bath_Scale_WF_7009_1.webp,1,Westpoint Deluxe Digital Bath Scale WF-7009,FALSE,Westpoint Deluxe Digital Weight Scale WF-7009,Shop Westpoint WF-7009 Deluxe Digital Bath Scale with easy-to-read LCD display and convenient digital operation for everyday body weight monitoring at home.,active
westpoint-deluxe-digital-bath-scale-wf-7009,,,,,,,,,,,,,,,,,,,,https://raw.githubusercontent.com/mrfantastic05678/shopify-products/main/public_images/winbachat/MRT-WB-WESTPOINT-088_Westpoint_Deluxe_Digital_Bath_Scale_WF_7009_2.webp,2,Westpoint Deluxe Digital Bath Scale WF-7009,,,,
westpoint-deluxe-digital-bath-scale-wf-7009,,,,,,,,,,,,,,,,,,,,https://raw.githubusercontent.com/mrfantastic05678/shopify-products/main/public_images/winbachat/MRT-WB-WESTPOINT-088_Westpoint_Deluxe_Digital_Bath_Scale_WF_7009_3.jpg,3,Westpoint Deluxe Digital Bath Scale WF-7009,,,,
westpoint-deluxe-digital-bath-scale-wf-7005,Westpoint Deluxe Digital Bath Scale WF-7005,"<p>The Westpoint WF-7005 Deluxe Digital Bath Scale is designed for convenient everyday body weight monitoring. Its large digital display offers easy reading, while the slim platform provides a practical and space-efficient addition to bedrooms, bathrooms and home wellness areas.</p>",Win Bachat,Home & Garden > Kitchen & Dining > Kitchen Appliances,Home Appliances,"Electronics, Westpoint, Win Bachat, Weight Scale",true,Title,Default Title,MRT-WB-WESTPOINT-089,1000,shopify,deny,manual,5664.00,6797.00,TRUE,TRUE,,https://raw.githubusercontent.com/mrfantastic05678/shopify-products/main/public_images/winbachat/MRT-WB-WESTPOINT-089_Westpoint_Deluxe_Digital_Bath_Scale_WF_7005_1.jpg,1,Westpoint Deluxe Digital Bath Scale WF-7005,FALSE,Westpoint Deluxe Digital Bath Scale WF-7005,Buy Westpoint WF-7005 Deluxe Digital Bath Scale with a clear digital display and practical slim design for convenient everyday body weight monitoring at home.,active
westpoint-deluxe-digital-bath-scale-wf-7005,,,,,,,,,,,,,,,,,,,,https://raw.githubusercontent.com/mrfantastic05678/shopify-products/main/public_images/winbachat/MRT-WB-WESTPOINT-089_Westpoint_Deluxe_Digital_Bath_Scale_WF_7005_2.jpg,2,Westpoint Deluxe Digital Bath Scale WF-7005,,,,
westpoint-deluxe-bath-scale-wf-8605,Westpoint Deluxe Bath Scale WF-8605,"<p>Keep an eye on your body weight with the Westpoint WF-8605 Deluxe Bath Scale. Designed for simple home use, its easy-to-read measurement display and stable platform make routine weighing straightforward and convenient as part of your daily wellness routine.</p>",Win Bachat,Home & Garden > Kitchen & Dining > Kitchen Appliances,Home Appliances,"Electronics, Westpoint, Win Bachat, Weight Scale",true,Title,Default Title,MRT-WB-WESTPOINT-090,1000,shopify,deny,manual,6313.00,7576.00,TRUE,TRUE,,https://raw.githubusercontent.com/mrfantastic05678/shopify-products/main/public_images/winbachat/MRT-WB-WESTPOINT-090_Westpoint_Deluxe_Bath_Scale_WF_8605_1.jpg,1,Westpoint Deluxe Bath Scale WF-8605,FALSE,Westpoint Deluxe Bath Scale WF-8605,"Shop Westpoint WF-8605 Deluxe Bath Scale with an easy-to-read display and stable platform for simple, convenient body weight measurement at home.",active
westpoint-deluxe-bath-scale-wf-8605,,,,,,,,,,,,,,,,,,,,https://raw.githubusercontent.com/mrfantastic05678/shopify-products/main/public_images/winbachat/MRT-WB-WESTPOINT-090_Westpoint_Deluxe_Bath_Scale_WF_8605_2.jpg,2,Westpoint Deluxe Bath Scale WF-8605,,,,
westpoint-deluxe-analog-bath-scale-wf-8607,Westpoint Deluxe Analog Bath Scale WF-8607,"<p>The Westpoint WF-8607 Deluxe Bath Scale offers simple mechanical weight measurement without the need for a digital display. Featuring a large analog dial, textured standing surface and maximum capacity of up to 180 kg, it provides straightforward everyday weighing at home.</p>",Win Bachat,Home & Garden > Kitchen & Dining > Kitchen Appliances,Home Appliances,"Electronics, Westpoint, Win Bachat, Weight Scale",true,Title,Default Title,MRT-WB-WESTPOINT-091,1000,shopify,deny,manual,6313.00,7576.00,TRUE,TRUE,,https://raw.githubusercontent.com/mrfantastic05678/shopify-products/main/public_images/winbachat/MRT-WB-WESTPOINT-091_Westpoint_Deluxe_Analog_Bath_Scale_WF_8607_1.webp,1,Westpoint Deluxe Analog Bath Scale WF-8607,FALSE,Westpoint Analog Bath Scale 180kg WF-8607,"Buy Westpoint WF-8607 Analog Bath Scale with large dial, textured platform and up to 180kg capacity for straightforward everyday body weight measurement.",active
westpoint-deluxe-analog-bath-scale-wf-8607,,,,,,,,,,,,,,,,,,,,https://raw.githubusercontent.com/mrfantastic05678/shopify-products/main/public_images/winbachat/MRT-WB-WESTPOINT-091_Westpoint_Deluxe_Analog_Bath_Scale_WF_8607_2.webp,2,Westpoint Deluxe Analog Bath Scale WF-8607,,,,
westpoint-professional-digital-kitchen-scale-wf-4360,Westpoint Professional Digital Kitchen Scale WF-4360,"<p>Measure ingredients conveniently with the Westpoint WF-4360 Professional Kitchen Scale. It features a detachable stainless steel bowl, large LCD display, two easy-access buttons, automatic power-off after two minutes and overload indication, making it practical for baking, cooking and portion preparation.</p>",Win Bachat,Home & Garden > Kitchen & Dining > Kitchen Appliances,Home Appliances,"Electronics, Westpoint, Win Bachat, Weight Scale",true,Title,Default Title,MRT-WB-WESTPOINT-092,600,shopify,deny,manual,5870.50,7045.00,TRUE,TRUE,,https://raw.githubusercontent.com/mrfantastic05678/shopify-products/main/public_images/winbachat/MRT-WB-WESTPOINT-092_Westpoint_Professional_Digital_Kitchen_Scale_WF_43_1.jpg,1,Westpoint Professional Digital Kitchen Scale WF-4360,FALSE,Westpoint Digital Kitchen Scale WF-4360,"Shop Westpoint WF-4360 Professional Kitchen Scale with detachable stainless steel bowl, large LCD display, auto power-off and overload indication.",active
westpoint-professional-digital-kitchen-scale-wf-4360,,,,,,,,,,,,,,,,,,,,https://raw.githubusercontent.com/mrfantastic05678/shopify-products/main/public_images/winbachat/MRT-WB-WESTPOINT-092_Westpoint_Professional_Digital_Kitchen_Scale_WF_43_2.jpg,2,Westpoint Professional Digital Kitchen Scale WF-4360,,,,
westpoint-professional-digital-kitchen-scale-wf-4360,,,,,,,,,,,,,,,,,,,,https://raw.githubusercontent.com/mrfantastic05678/shopify-products/main/public_images/winbachat/MRT-WB-WESTPOINT-092_Westpoint_Professional_Digital_Kitchen_Scale_WF_43_3.jpg,3,Westpoint Professional Digital Kitchen Scale WF-4360,,,,
westpoint-professional-digital-kitchen-scale-wf-4360,,,,,,,,,,,,,,,,,,,,https://raw.githubusercontent.com/mrfantastic05678/shopify-products/main/public_images/winbachat/MRT-WB-WESTPOINT-092_Westpoint_Professional_Digital_Kitchen_Scale_WF_43_4.jpg,4,Westpoint Professional Digital Kitchen Scale WF-4360,,,,
westpoint-digital-weight-scale-wf-7010,Westpoint Digital Weight Scale WF-7010,"<p>Make everyday body weight checks quick and convenient with the Westpoint WF-7010 Digital Weight Scale. Featuring a prominent LED-style digital display and a broad textured standing platform, it provides clear readings and a stable surface for routine weight monitoring at home.</p>",Win Bachat,Home & Garden > Kitchen & Dining > Kitchen Appliances,Home Appliances,"Electronics, Westpoint, Win Bachat, Weight Scale",true,Title,Default Title,MRT-WB-WESTPOINT-093,1000,shopify,deny,manual,5664.00,6797.00,TRUE,TRUE,,https://raw.githubusercontent.com/mrfantastic05678/shopify-products/main/public_images/winbachat/MRT-WB-WESTPOINT-093_Westpoint_Digital_Weight_Scale_WF_7010_1.webp,1,Westpoint Digital Weight Scale WF-7010,FALSE,Westpoint Digital Weight Scale WF-7010,"Buy Westpoint WF-7010 Digital Weight Scale with bright LED-style display and textured platform for clear, convenient everyday body weight monitoring at home.",active
westpoint-digital-weight-scale-wf-7010,,,,,,,,,,,,,,,,,,,,https://raw.githubusercontent.com/mrfantastic05678/shopify-products/main/public_images/winbachat/MRT-WB-WESTPOINT-093_Westpoint_Digital_Weight_Scale_WF_7010_2.webp,2,Westpoint Digital Weight Scale WF-7010,,,,
westpoint-heavy-weight-6-lb-dry-iron-wf-78b,Westpoint Heavy Weight 6 lb Dry Iron WF-78B,"<p>Tackle demanding ironing tasks with the Westpoint WF-78B Heavy Weight Dry Iron. Its approximately 6 lb heavyweight construction provides added pressing force to help smooth stubborn creases, while the traditional dry-ironing design makes it suitable for regular household garment care.</p>",Win Bachat,Home & Garden > Kitchen & Dining > Kitchen Appliances,Home Appliances,"Electronics, Westpoint, Win Bachat, Irons",true,Title,Default Title,MRT-WB-WESTPOINT-094,2720,shopify,deny,manual,7670.00,9204.00,TRUE,TRUE,,https://raw.githubusercontent.com/mrfantastic05678/shopify-products/main/public_images/winbachat/MRT-WB-WESTPOINT-094_Westpoint_Heavy_Weight_6_lb_Dry_Iron_WF_78B_1.jpg,1,Westpoint Heavy Weight 6 lb Dry Iron WF-78B,FALSE,Westpoint Heavy Weight 6 lb Dry Iron WF-78B,Buy Westpoint WF-78B Heavy Weight 6 lb Dry Iron with traditional heavyweight design for effective pressing and smoothing of stubborn garment creases.,active
westpoint-heavy-weight-6-lb-dry-iron-wf-78b,,,,,,,,,,,,,,,,,,,,https://raw.githubusercontent.com/mrfantastic05678/shopify-products/main/public_images/winbachat/MRT-WB-WESTPOINT-094_Westpoint_Heavy_Weight_6_lb_Dry_Iron_WF_78B_2.jpg,2,Westpoint Heavy Weight 6 lb Dry Iron WF-78B,,,,
westpoint-heavy-weight-6-lb-dry-iron-wf-78b,,,,,,,,,,,,,,,,,,,,https://raw.githubusercontent.com/mrfantastic05678/shopify-products/main/public_images/winbachat/MRT-WB-WESTPOINT-094_Westpoint_Heavy_Weight_6_lb_Dry_Iron_WF_78B_3.jpg,3,Westpoint Heavy Weight 6 lb Dry Iron WF-78B,,,,
westpoint-heavy-weight-6-lb-dry-iron-wf-80,Westpoint Heavy Weight 6 lb Dry Iron WF-80,"<p>Get dependable pressing performance with the Westpoint WF-80 Heavy Weight Dry Iron. Designed with an approximately 6 lb heavyweight body, it applies substantial pressing force to fabrics and offers straightforward dry ironing for shirts, trousers, uniforms and other everyday garments.</p>",Win Bachat,Home & Garden > Kitchen & Dining > Kitchen Appliances,Home Appliances,"Electronics, Westpoint, Win Bachat, Irons",true,Title,Default Title,MRT-WB-WESTPOINT-095,2720,shopify,deny,manual,7670.00,9204.00,TRUE,TRUE,,https://raw.githubusercontent.com/mrfantastic05678/shopify-products/main/public_images/winbachat/MRT-WB-WESTPOINT-095_Westpoint_Heavy_Weight_6_lb_Dry_Iron_WF_80_1.webp,1,Westpoint Heavy Weight 6 lb Dry Iron WF-80,FALSE,Westpoint Heavy Weight 6 lb Dry Iron WF-80,"Shop Westpoint WF-80 Heavy Weight 6 lb Dry Iron for dependable dry ironing, strong pressing performance and effective removal of stubborn garment creases.",active
westpoint-heavy-weight-6-lb-dry-iron-wf-80,,,,,,,,,,,,,,,,,,,,https://raw.githubusercontent.com/mrfantastic05678/shopify-products/main/public_images/winbachat/MRT-WB-WESTPOINT-095_Westpoint_Heavy_Weight_6_lb_Dry_Iron_WF_80_2.jpg,2,Westpoint Heavy Weight 6 lb Dry Iron WF-80,,,,
westpoint-deluxe-heavy-weight-6-lb-dry-iron-wf-81b,Westpoint Deluxe Heavy Weight 6 lb Dry Iron WF-81B,"<p>The Westpoint WF-81B Deluxe Heavy Weight Dry Iron is designed for powerful and effective garment pressing. Its approximately 6 lb heavyweight construction provides firm pressure to help remove stubborn wrinkles, while the adjustable temperature control makes it suitable for ironing a variety of everyday fabrics.</p>",Win Bachat,Home & Garden > Kitchen & Dining > Kitchen Appliances,Home Appliances,"Electronics, Westpoint, Win Bachat, Irons",true,Title,Default Title,MRT-WB-WESTPOINT-096,2720,shopify,deny,manual,7670.00,9204.00,TRUE,TRUE,,https://raw.githubusercontent.com/mrfantastic05678/shopify-products/main/public_images/winbachat/MRT-WB-WESTPOINT-096_Westpoint_Deluxe_Heavy_Weight_6_lb_Dry_Iron_WF_81B_1.webp,1,Westpoint Deluxe Heavy Weight 6 lb Dry Iron WF-81B,FALSE,Westpoint Heavy Weight 6 lb Dry Iron WF-81B,Buy Westpoint WF-81B Deluxe Heavy Weight 6 lb Dry Iron with adjustable temperature control and strong pressing performance for everyday garment care.,active
westpoint-deluxe-heavy-weight-6-lb-dry-iron-wf-81b,,,,,,,,,,,,,,,,,,,,https://raw.githubusercontent.com/mrfantastic05678/shopify-products/main/public_images/winbachat/MRT-WB-WESTPOINT-096_Westpoint_Deluxe_Heavy_Weight_6_lb_Dry_Iron_WF_81B_2.jpg,2,Westpoint Deluxe Heavy Weight 6 lb Dry Iron WF-81B,,,,
westpoint-heavy-weight-6-lb-dry-iron-wf-84,Westpoint Heavy Weight 6 lb Dry Iron WF-84,"<p>Make everyday ironing easier with the Westpoint WF-84 Heavy Weight Dry Iron. Built with an approximately 6 lb heavyweight body, it delivers consistent pressing pressure for smoothing creases in shirts, trousers, uniforms and other garments while offering straightforward temperature adjustment.</p>",Win Bachat,Home & Garden > Kitchen & Dining > Kitchen Appliances,Home Appliances,"Electronics, Westpoint, Win Bachat, Irons",true,Title,Default Title,MRT-WB-WESTPOINT-097,2720,shopify,deny,manual,7670.00,9204.00,TRUE,TRUE,,https://raw.githubusercontent.com/mrfantastic05678/shopify-products/main/public_images/winbachat/MRT-WB-WESTPOINT-097_Westpoint_Heavy_Weight_6_lb_Dry_Iron_WF_84_1.jpg,1,Westpoint Heavy Weight 6 lb Dry Iron WF-84,FALSE,Westpoint Heavy Weight Dry Iron WF-84,"Shop Westpoint WF-84 Heavy Weight 6 lb Dry Iron with adjustable heat control and dependable pressing performance for smooth, neatly finished garments.",active
westpoint-heavy-weight-6-lb-dry-iron-wf-84,,,,,,,,,,,,,,,,,,,,https://raw.githubusercontent.com/mrfantastic05678/shopify-products/main/public_images/winbachat/MRT-WB-WESTPOINT-097_Westpoint_Heavy_Weight_6_lb_Dry_Iron_WF_84_2.jpg,2,Westpoint Heavy Weight 6 lb Dry Iron WF-84,,,,
westpoint-heavy-weight-6-lb-dry-iron-wf-85,Westpoint Heavy Weight 6 lb Dry Iron WF-85,"<p>The Westpoint WF-85 Heavy Weight Dry Iron combines traditional heavyweight construction with practical temperature control for dependable garment care. Its approximately 6 lb body provides added pressing force, helping smooth difficult wrinkles and creases across a range of commonly ironed fabrics.</p>",Win Bachat,Home & Garden > Kitchen & Dining > Kitchen Appliances,Home Appliances,"Electronics, Westpoint, Win Bachat, Irons",true,Title,Default Title,MRT-WB-WESTPOINT-098,2720,shopify,deny,manual,7670.00,9204.00,TRUE,TRUE,,https://raw.githubusercontent.com/mrfantastic05678/shopify-products/main/public_images/winbachat/MRT-WB-WESTPOINT-098_Westpoint_Heavy_Weight_6_lb_Dry_Iron_WF_85_1.png,1,Westpoint Heavy Weight 6 lb Dry Iron WF-85,FALSE,Westpoint 6 lb Heavy Weight Dry Iron WF-85,Buy Westpoint WF-85 Heavy Weight 6 lb Dry Iron with adjustable temperature control for powerful pressing and effective removal of stubborn fabric creases.,active
westpoint-heavy-weight-6-lb-dry-iron-wf-85,,,,,,,,,,,,,,,,,,,,https://raw.githubusercontent.com/mrfantastic05678/shopify-products/main/public_images/winbachat/MRT-WB-WESTPOINT-098_Westpoint_Heavy_Weight_6_lb_Dry_Iron_WF_85_2.jpg,2,Westpoint Heavy Weight 6 lb Dry Iron WF-85,,,,
westpoint-deluxe-heavy-weight-6-lb-dry-iron-wf-86,Westpoint Deluxe Heavy Weight 6 lb Dry Iron WF-86,"<p>Designed for reliable household ironing, the Westpoint WF-86 Deluxe Heavy Weight Dry Iron uses its approximately 6 lb construction to provide firm and consistent pressing. The comfortable handle and adjustable temperature control help make routine ironing convenient across different garment types.</p>",Win Bachat,Home & Garden > Kitchen & Dining > Kitchen Appliances,Home Appliances,"Electronics, Westpoint, Win Bachat, Irons",true,Title,Default Title,MRT-WB-WESTPOINT-099,2720,shopify,deny,manual,7670.00,9204.00,TRUE,TRUE,,https://raw.githubusercontent.com/mrfantastic05678/shopify-products/main/public_images/winbachat/MRT-WB-WESTPOINT-099_Westpoint_Deluxe_Heavy_Weight_6_lb_Dry_Iron_WF_86_1.jpg,1,Westpoint Deluxe Heavy Weight 6 lb Dry Iron WF-86,FALSE,Westpoint Deluxe Heavy Weight Dry Iron WF-86,Shop Westpoint WF-86 Deluxe Heavy Weight 6 lb Dry Iron with adjustable temperature control and firm pressing performance for everyday garment ironing.,active
westpoint-deluxe-heavy-weight-6-lb-dry-iron-wf-86,,,,,,,,,,,,,,,,,,,,https://raw.githubusercontent.com/mrfantastic05678/shopify-products/main/public_images/winbachat/MRT-WB-WESTPOINT-099_Westpoint_Deluxe_Heavy_Weight_6_lb_Dry_Iron_WF_86_2.webp,2,Westpoint Deluxe Heavy Weight 6 lb Dry Iron WF-86,,,,
westpoint-deluxe-heavy-weight-black-dry-iron-wf-90b,Westpoint Deluxe Heavy Weight Black Dry Iron WF-90B,"<p>The Westpoint WF-90B Deluxe Dry Iron features a distinctive black heavyweight design for powerful everyday pressing. Its approximately 6 lb construction helps tackle stubborn creases, while adjustable temperature control provides convenient heat selection for different types of fabrics and garments.</p>",Win Bachat,Home & Garden > Kitchen & Dining > Kitchen Appliances,Home Appliances,"Electronics, Westpoint, Win Bachat, Irons",true,Title,Default Title,MRT-WB-WESTPOINT-100,2700,shopify,deny,manual,7670.00,9204.00,TRUE,TRUE,,https://raw.githubusercontent.com/mrfantastic05678/shopify-products/main/public_images/winbachat/MRT-WB-WESTPOINT-100_Westpoint_Deluxe_Heavy_Weight_Black_Dry_Iron_WF_90_1.png,1,Westpoint Deluxe Heavy Weight Black Dry Iron WF-90B,FALSE,Westpoint Heavy Weight Black Dry Iron WF-90B,Buy Westpoint WF-90B Heavy Weight 6 lb Black Dry Iron with adjustable temperature control and powerful pressing performance for smooth everyday ironing.,active
westpoint-deluxe-heavy-weight-black-dry-iron-wf-90b,,,,,,,,,,,,,,,,,,,,https://raw.githubusercontent.com/mrfantastic05678/shopify-products/main/public_images/winbachat/MRT-WB-WESTPOINT-100_Westpoint_Deluxe_Heavy_Weight_Black_Dry_Iron_WF_90_2.jpg,2,Westpoint Deluxe Heavy Weight Black Dry Iron WF-90B,,,,
westpoint-deluxe-heavy-weight-black-dry-iron-wf-98b,Westpoint Deluxe Heavy Weight Black Dry Iron WF-98B,"<p>Get dependable garment pressing with the Westpoint WF-98B Deluxe Heavy Weight Dry Iron. Featuring a black body and approximately 6 lb construction, it provides substantial pressing force for stubborn wrinkles while adjustable temperature control helps accommodate different fabrics.</p>",Win Bachat,Home & Garden > Kitchen & Dining > Kitchen Appliances,Home Appliances,"Electronics, Westpoint, Win Bachat, Irons",true,Title,Default Title,MRT-WB-WESTPOINT-101,2700,shopify,deny,manual,7670.00,9204.00,TRUE,TRUE,,https://raw.githubusercontent.com/mrfantastic05678/shopify-products/main/public_images/winbachat/MRT-WB-WESTPOINT-101_Westpoint_Deluxe_Heavy_Weight_Black_Dry_Iron_WF_98_1.jpg,1,Westpoint Deluxe Heavy Weight Black Dry Iron WF-98B,FALSE,Westpoint 6 lb Black Dry Iron WF-98B,Shop Westpoint WF-98B Deluxe Heavy Weight 6 lb Black Dry Iron with adjustable heat control for effective wrinkle removal and convenient everyday ironing.,active
westpoint-deluxe-heavy-weight-black-dry-iron-wf-98b,,,,,,,,,,,,,,,,,,,,https://raw.githubusercontent.com/mrfantastic05678/shopify-products/main/public_images/winbachat/MRT-WB-WESTPOINT-101_Westpoint_Deluxe_Heavy_Weight_Black_Dry_Iron_WF_98_2.jpg,2,Westpoint Deluxe Heavy Weight Black Dry Iron WF-98B,,,,
westpoint-deluxe-midi-weight-dry-iron-wf-672,Westpoint Deluxe Midi Weight Dry Iron WF-672,"<p>The Westpoint WF-672 Deluxe Dry Iron offers a practical balance of pressing performance and comfortable handling. Its midi-weight construction, black handle and adjustable temperature dial make it suitable for routine garment care, helping smooth wrinkles and creases across commonly used fabrics.</p>",Win Bachat,Home & Garden > Kitchen & Dining > Kitchen Appliances,Home Appliances,"Electronics, Westpoint, Win Bachat, Irons",true,Title,Default Title,MRT-WB-WESTPOINT-102,1600,shopify,deny,manual,6313.00,7576.00,TRUE,TRUE,,https://raw.githubusercontent.com/mrfantastic05678/shopify-products/main/public_images/winbachat/MRT-WB-WESTPOINT-102_Westpoint_Deluxe_Midi_Weight_Dry_Iron_WF_672_1.jpg,1,Westpoint Deluxe Midi Weight Dry Iron WF-672,FALSE,Westpoint Midi Weight Dry Iron WF-672,Buy Westpoint WF-672 Deluxe Midi Weight Dry Iron with black handle and adjustable temperature control for convenient and effective everyday garment pressing.,active
westpoint-deluxe-midi-weight-dry-iron-wf-672,,,,,,,,,,,,,,,,,,,,https://raw.githubusercontent.com/mrfantastic05678/shopify-products/main/public_images/winbachat/MRT-WB-WESTPOINT-102_Westpoint_Deluxe_Midi_Weight_Dry_Iron_WF_672_2.jpg,2,Westpoint Deluxe Midi Weight Dry Iron WF-672,,,,
westpoint-deluxe-midi-weight-dry-iron-wf-672,,,,,,,,,,,,,,,,,,,,https://raw.githubusercontent.com/mrfantastic05678/shopify-products/main/public_images/winbachat/MRT-WB-WESTPOINT-102_Westpoint_Deluxe_Midi_Weight_Dry_Iron_WF_672_3.jpg,3,Westpoint Deluxe Midi Weight Dry Iron WF-672,,,,
westpoint-deluxe-midi-weight-dry-iron-wf-772,Westpoint Deluxe Midi Weight Dry Iron WF-772,"<p>Handle routine garment care efficiently with the Westpoint WF-772 Deluxe Dry Iron. Featuring a comfortable black handle, temperature adjustment dial and practical midi-weight design, it provides controlled heat and steady pressing for shirts, trousers and other everyday clothing.</p>",Win Bachat,Home & Garden > Kitchen & Dining > Kitchen Appliances,Home Appliances,"Electronics, Westpoint, Win Bachat, Irons",true,Title,Default Title,MRT-WB-WESTPOINT-103,1600,shopify,deny,manual,6844.00,8213.00,TRUE,TRUE,,https://raw.githubusercontent.com/mrfantastic05678/shopify-products/main/public_images/winbachat/MRT-WB-WESTPOINT-103_Westpoint_Deluxe_Midi_Weight_Dry_Iron_WF_772_1.jpg,1,Westpoint Deluxe Midi Weight Dry Iron WF-772,FALSE,Westpoint Deluxe Dry Iron WF-772,Shop Westpoint WF-772 Deluxe Midi Weight Dry Iron with adjustable temperature control and comfortable handle for easy everyday ironing and wrinkle removal.,active
westpoint-deluxe-midi-weight-dry-iron-wf-772,,,,,,,,,,,,,,,,,,,,https://raw.githubusercontent.com/mrfantastic05678/shopify-products/main/public_images/winbachat/MRT-WB-WESTPOINT-103_Westpoint_Deluxe_Midi_Weight_Dry_Iron_WF_772_2.webp,2,Westpoint Deluxe Midi Weight Dry Iron WF-772,,,,
westpoint-deluxe-midi-weight-dry-iron-wf-773,Westpoint Deluxe Midi Weight Dry Iron WF-773,"<p>The Westpoint WF-773 Deluxe Dry Iron combines a sleek black design with convenient temperature adjustment for everyday ironing. Its midi-weight construction offers steady contact with fabrics, while the comfortable grip helps provide controlled movement when pressing different types of garments.</p>",Win Bachat,Home & Garden > Kitchen & Dining > Kitchen Appliances,Home Appliances,"Electronics, Westpoint, Win Bachat, Irons",true,Title,Default Title,MRT-WB-WESTPOINT-104,1600,shopify,deny,manual,6844.00,8213.00,TRUE,TRUE,,https://raw.githubusercontent.com/mrfantastic05678/shopify-products/main/public_images/winbachat/MRT-WB-WESTPOINT-104_Westpoint_Deluxe_Midi_Weight_Dry_Iron_WF_773_1.jpg,1,Westpoint Deluxe Midi Weight Dry Iron WF-773,FALSE,Westpoint Deluxe Midi Weight Dry Iron WF-773,Buy Westpoint WF-773 Deluxe Midi Weight Dry Iron with adjustable temperature dial and comfortable grip for convenient everyday garment pressing and care.,active
westpoint-deluxe-midi-weight-dry-iron-wf-773,,,,,,,,,,,,,,,,,,,,https://raw.githubusercontent.com/mrfantastic05678/shopify-products/main/public_images/winbachat/MRT-WB-WESTPOINT-104_Westpoint_Deluxe_Midi_Weight_Dry_Iron_WF_773_2.webp,2,Westpoint Deluxe Midi Weight Dry Iron WF-773,,,,
westpoint-deluxe-dry-iron-with-spray-wf-2386,Westpoint Deluxe Dry Iron with Spray WF-2386,"<p>The Westpoint WF-2386 Deluxe Dry Iron adds convenient spray functionality to everyday ironing. Designed to help tackle persistent wrinkles, it features an adjustable temperature control, comfortable handle and pointed soleplate for easier access around collars, seams and other detailed garment areas.</p>",Win Bachat,Home & Garden > Kitchen & Dining > Kitchen Appliances,Home Appliances,"Electronics, Westpoint, Win Bachat, Irons",true,Title,Default Title,MRT-WB-WESTPOINT-105,1200,shopify,deny,manual,6136.00,7363.00,TRUE,TRUE,,https://raw.githubusercontent.com/mrfantastic05678/shopify-products/main/public_images/winbachat/MRT-WB-WESTPOINT-105_Westpoint_Deluxe_Dry_Iron_with_Spray_WF_2386_1.jpg,1,Westpoint Deluxe Dry Iron with Spray WF-2386,FALSE,Westpoint Dry Iron with Spray WF-2386,"Shop Westpoint WF-2386 Deluxe Dry Iron with spray function, adjustable temperature control and pointed soleplate for convenient everyday garment ironing.",active
westpoint-deluxe-dry-iron-with-spray-wf-2386,,,,,,,,,,,,,,,,,,,,https://raw.githubusercontent.com/mrfantastic05678/shopify-products/main/public_images/winbachat/MRT-WB-WESTPOINT-105_Westpoint_Deluxe_Dry_Iron_with_Spray_WF_2386_2.jpg,2,Westpoint Deluxe Dry Iron with Spray WF-2386,,,,
westpoint-deluxe-dry-iron-with-spray-wf-2386,,,,,,,,,,,,,,,,,,,,https://raw.githubusercontent.com/mrfantastic05678/shopify-products/main/public_images/winbachat/MRT-WB-WESTPOINT-105_Westpoint_Deluxe_Dry_Iron_with_Spray_WF_2386_3.webp,3,Westpoint Deluxe Dry Iron with Spray WF-2386,,,,
westpoint-deluxe-1200w-dry-iron-wf-2432,Westpoint Deluxe 1200W Dry Iron WF-2432,"<p>The Westpoint WF-2432 Deluxe Dry Iron offers practical performance for everyday garment care. With 1200W power, an adjustable temperature dial, comfortable handle and pointed soleplate, it is designed to provide controlled ironing across a variety of common fabrics and clothing.</p>",Win Bachat,Home & Garden > Kitchen & Dining > Kitchen Appliances,Home Appliances,"Electronics, Westpoint, Win Bachat, Irons",true,Title,Default Title,MRT-WB-WESTPOINT-106,1200,shopify,deny,manual,6136.00,7363.00,TRUE,TRUE,,https://raw.githubusercontent.com/mrfantastic05678/shopify-products/main/public_images/winbachat/MRT-WB-WESTPOINT-106_Westpoint_Deluxe_1200W_Dry_Iron_WF_2432_1.jpg,1,Westpoint Deluxe 1200W Dry Iron WF-2432,FALSE,Westpoint 1200W Deluxe Dry Iron WF-2432,Buy Westpoint WF-2432 Deluxe 1200W Dry Iron with adjustable temperature control and pointed soleplate for smooth and convenient everyday garment ironing.,active
westpoint-deluxe-1200w-dry-iron-wf-2432,,,,,,,,,,,,,,,,,,,,https://raw.githubusercontent.com/mrfantastic05678/shopify-products/main/public_images/winbachat/MRT-WB-WESTPOINT-106_Westpoint_Deluxe_1200W_Dry_Iron_WF_2432_2.jpg,2,Westpoint Deluxe 1200W Dry Iron WF-2432,,,,
westpoint-deluxe-1200w-dry-iron-wf-2432,,,,,,,,,,,,,,,,,,,,https://raw.githubusercontent.com/mrfantastic05678/shopify-products/main/public_images/winbachat/MRT-WB-WESTPOINT-106_Westpoint_Deluxe_1200W_Dry_Iron_WF_2432_3.jpg,3,Westpoint Deluxe 1200W Dry Iron WF-2432,,,,
westpoint-deluxe-steam-iron-wf-2020,Westpoint Deluxe Steam Iron WF-2020,"<p>Make ironing more efficient with the Westpoint WF-2020 Deluxe Steam Iron. Its steam functionality helps relax fabric fibers and tackle difficult wrinkles, while the ergonomic handle, adjustable temperature control and smooth soleplate support convenient pressing across a variety of garments.</p>",Win Bachat,Home & Garden > Kitchen & Dining > Kitchen Appliances,Home Appliances,"Electronics, Westpoint, Win Bachat, Irons",true,Title,Default Title,MRT-WB-WESTPOINT-107,1400,shopify,deny,manual,9676.00,11611.00,TRUE,TRUE,,https://raw.githubusercontent.com/mrfantastic05678/shopify-products/main/public_images/winbachat/MRT-WB-WESTPOINT-107_Westpoint_Deluxe_Steam_Iron_WF_2020_1.jpg,1,Westpoint Deluxe Steam Iron WF-2020,FALSE,Westpoint Deluxe Steam Iron WF-2020,Shop Westpoint WF-2020 Deluxe Steam Iron with adjustable temperature control and efficient steam performance for convenient wrinkle removal and garment care.,active
westpoint-deluxe-steam-iron-wf-2020,,,,,,,,,,,,,,,,,,,,https://raw.githubusercontent.com/mrfantastic05678/shopify-products/main/public_images/winbachat/MRT-WB-WESTPOINT-107_Westpoint_Deluxe_Steam_Iron_WF_2020_2.jpg,2,Westpoint Deluxe Steam Iron WF-2020,,,,
westpoint-deluxe-steam-iron-wf-2020,,,,,,,,,,,,,,,,,,,,https://raw.githubusercontent.com/mrfantastic05678/shopify-products/main/public_images/winbachat/MRT-WB-WESTPOINT-107_Westpoint_Deluxe_Steam_Iron_WF_2020_3.jpg,3,Westpoint Deluxe Steam Iron WF-2020,,,,
westpoint-deluxe-dry-iron-wf-2430,Westpoint Deluxe Dry Iron WF-2430,"<p>The Westpoint WF-2430 Deluxe Dry Iron is designed for simple and dependable everyday garment care. Its adjustable temperature dial allows heat selection for different fabrics, while the comfortable handle and streamlined soleplate support smooth movement across shirts, trousers and other clothing.</p>",Win Bachat,Home & Garden > Kitchen & Dining > Kitchen Appliances,Home Appliances,"Electronics, Westpoint, Win Bachat, Irons",true,Title,Default Title,MRT-WB-WESTPOINT-108,1200,shopify,deny,manual,6313.00,7576.00,TRUE,TRUE,,https://raw.githubusercontent.com/mrfantastic05678/shopify-products/main/public_images/winbachat/MRT-WB-WESTPOINT-108_Westpoint_Deluxe_Dry_Iron_WF_2430_1.jpg,1,Westpoint Deluxe Dry Iron WF-2430,FALSE,Westpoint Deluxe Dry Iron WF-2430,Buy Westpoint WF-2430 Deluxe Dry Iron with adjustable temperature control and comfortable handling for dependable everyday garment pressing and wrinkle removal.,active
westpoint-deluxe-dry-iron-wf-2430,,,,,,,,,,,,,,,,,,,,https://raw.githubusercontent.com/mrfantastic05678/shopify-products/main/public_images/winbachat/MRT-WB-WESTPOINT-108_Westpoint_Deluxe_Dry_Iron_WF_2430_2.jpg,2,Westpoint Deluxe Dry Iron WF-2430,,,,
westpoint-deluxe-dry-iron-wf-2430,,,,,,,,,,,,,,,,,,,,https://raw.githubusercontent.com/mrfantastic05678/shopify-products/main/public_images/winbachat/MRT-WB-WESTPOINT-108_Westpoint_Deluxe_Dry_Iron_WF_2430_3.jpg,3,Westpoint Deluxe Dry Iron WF-2430,,,,
westpoint-deluxe-dry-iron-with-spray-wf-2431,Westpoint Deluxe Dry Iron with Spray WF-2431,"<p>The Westpoint WF-2431 Deluxe Dry Iron combines straightforward dry ironing with a convenient spray feature to help tackle persistent creases. Its adjustable temperature dial, ergonomic handle and pointed soleplate provide controlled performance for a range of everyday garments and fabrics.</p>",Win Bachat,Home & Garden > Kitchen & Dining > Kitchen Appliances,Home Appliances,"Electronics, Westpoint, Win Bachat, Irons",true,Title,Default Title,MRT-WB-WESTPOINT-109,1200,shopify,deny,manual,6313.00,7576.00,TRUE,TRUE,,https://raw.githubusercontent.com/mrfantastic05678/shopify-products/main/public_images/winbachat/MRT-WB-WESTPOINT-109_Westpoint_Deluxe_Dry_Iron_with_Spray_WF_2431_1.jpg,1,Westpoint Deluxe Dry Iron with Spray WF-2431,FALSE,Westpoint Dry Iron with Spray WF-2431,"Shop Westpoint WF-2431 Deluxe Dry Iron with spray function, adjustable heat control and pointed soleplate for effective everyday garment pressing.",active
westpoint-deluxe-dry-iron-with-spray-wf-2431,,,,,,,,,,,,,,,,,,,,https://raw.githubusercontent.com/mrfantastic05678/shopify-products/main/public_images/winbachat/MRT-WB-WESTPOINT-109_Westpoint_Deluxe_Dry_Iron_with_Spray_WF_2431_2.jpg,2,Westpoint Deluxe Dry Iron with Spray WF-2431,,,,
westpoint-deluxe-dry-iron-with-spray-wf-2431,,,,,,,,,,,,,,,,,,,,https://raw.githubusercontent.com/mrfantastic05678/shopify-products/main/public_images/winbachat/MRT-WB-WESTPOINT-109_Westpoint_Deluxe_Dry_Iron_with_Spray_WF_2431_3.webp,3,Westpoint Deluxe Dry Iron with Spray WF-2431,,,,
westpoint-deluxe-dry-iron-wf-2451,Westpoint Deluxe Dry Iron WF-2451,"<p>Enjoy straightforward garment care with the Westpoint WF-2451 Deluxe Dry Iron. Designed with an adjustable temperature control, comfortable handle and smooth soleplate, it provides controlled heat for ironing different fabrics and helps achieve a neat finish on everyday clothing.</p>",Win Bachat,Home & Garden > Kitchen & Dining > Kitchen Appliances,Home Appliances,"Electronics, Westpoint, Win Bachat, Irons",true,Title,Default Title,MRT-WB-WESTPOINT-110,1200,shopify,deny,manual,6136.00,7363.00,TRUE,TRUE,,https://raw.githubusercontent.com/mrfantastic05678/shopify-products/main/public_images/winbachat/MRT-WB-WESTPOINT-110_Westpoint_Deluxe_Dry_Iron_WF_2451_1.jpg,1,Westpoint Deluxe Dry Iron WF-2451,FALSE,Westpoint Deluxe Dry Iron WF-2451,"Buy Westpoint WF-2451 Deluxe Dry Iron with adjustable temperature control, comfortable grip and smooth soleplate for convenient everyday garment ironing.",active
westpoint-deluxe-dry-iron-wf-2451,,,,,,,,,,,,,,,,,,,,https://raw.githubusercontent.com/mrfantastic05678/shopify-products/main/public_images/winbachat/MRT-WB-WESTPOINT-110_Westpoint_Deluxe_Dry_Iron_WF_2451_2.jpg,2,Westpoint Deluxe Dry Iron WF-2451,,,,
westpoint-deluxe-dry-iron-wf-2451,,,,,,,,,,,,,,,,,,,,https://raw.githubusercontent.com/mrfantastic05678/shopify-products/main/public_images/winbachat/MRT-WB-WESTPOINT-110_Westpoint_Deluxe_Dry_Iron_WF_2451_3.jpg,3,Westpoint Deluxe Dry Iron WF-2451,,,,
westpoint-steam-iron-wf-2065,Westpoint Steam Iron WF-2065,"<p>The Westpoint WF-2065 Steam Iron is designed to make everyday wrinkle removal easier and more efficient. Its steam-assisted ironing helps relax fabric fibers, while the comfortable grip and traditional soleplate provide steady control for pressing shirts, trousers, uniforms and other garments.</p>",Win Bachat,Home & Garden > Kitchen & Dining > Kitchen Appliances,Home Appliances,"Electronics, Westpoint, Win Bachat, Irons",true,Title,Default Title,MRT-WB-WESTPOINT-111,1400,shopify,deny,manual,9676.00,11611.00,TRUE,TRUE,,https://raw.githubusercontent.com/mrfantastic05678/shopify-products/main/public_images/winbachat/MRT-WB-WESTPOINT-111_Westpoint_Steam_Iron_WF_2065_1.jpg,1,Westpoint Steam Iron WF-2065,FALSE,Westpoint Steam Iron WF-2065,"Shop Westpoint WF-2065 Steam Iron for efficient steam-assisted wrinkle removal, comfortable handling and convenient everyday garment pressing.",active
westpoint-steam-iron-wf-2065,,,,,,,,,,,,,,,,,,,,https://raw.githubusercontent.com/mrfantastic05678/shopify-products/main/public_images/winbachat/MRT-WB-WESTPOINT-111_Westpoint_Steam_Iron_WF_2065_2.jpg,2,Westpoint Steam Iron WF-2065,,,,
westpoint-steam-iron-wf-2065,,,,,,,,,,,,,,,,,,,,https://raw.githubusercontent.com/mrfantastic05678/shopify-products/main/public_images/winbachat/MRT-WB-WESTPOINT-111_Westpoint_Steam_Iron_WF_2065_3.jpg,3,Westpoint Steam Iron WF-2065,,,,
westpoint-deluxe-steam-iron-wf-2064,Westpoint Deluxe Steam Iron WF-2064,"<p>Get efficient garment care with the Westpoint WF-2064 Deluxe Steam Iron. Combining steam-assisted pressing with a comfortable ergonomic handle, it helps tackle stubborn wrinkles and creases while offering convenient control for ironing a variety of everyday clothing and household fabrics.</p>",Win Bachat,Home & Garden > Kitchen & Dining > Kitchen Appliances,Home Appliances,"Electronics, Westpoint, Win Bachat, Irons",true,Title,Default Title,MRT-WB-WESTPOINT-112,1400,shopify,deny,manual,9676.00,11611.00,TRUE,TRUE,,https://raw.githubusercontent.com/mrfantastic05678/shopify-products/main/public_images/winbachat/MRT-WB-WESTPOINT-112_Westpoint_Deluxe_Steam_Iron_WF_2064_1.jpg,1,Westpoint Deluxe Steam Iron WF-2064,FALSE,Westpoint Deluxe Steam Iron WF-2064,"Buy Westpoint WF-2064 Deluxe Steam Iron with efficient steam-assisted performance and comfortable handling for smooth, convenient everyday garment care.",active
westpoint-deluxe-steam-iron-wf-2064,,,,,,,,,,,,,,,,,,,,https://raw.githubusercontent.com/mrfantastic05678/shopify-products/main/public_images/winbachat/MRT-WB-WESTPOINT-112_Westpoint_Deluxe_Steam_Iron_WF_2064_2.jpg,2,Westpoint Deluxe Steam Iron WF-2064,,,,
westpoint-deluxe-steam-iron-wf-2064,,,,,,,,,,,,,,,,,,,,https://raw.githubusercontent.com/mrfantastic05678/shopify-products/main/public_images/winbachat/MRT-WB-WESTPOINT-112_Westpoint_Deluxe_Steam_Iron_WF_2064_3.jpg,3,Westpoint Deluxe Steam Iron WF-2064,,,,
westpoint-deluxe-steam-iron-wf-2064,,,,,,,,,,,,,,,,,,,,https://raw.githubusercontent.com/mrfantastic05678/shopify-products/main/public_images/winbachat/MRT-WB-WESTPOINT-112_Westpoint_Deluxe_Steam_Iron_WF_2064_4.jpg,4,Westpoint Deluxe Steam Iron WF-2064,,,,
westpoint-deluxe-steam-iron-wf-2063,Westpoint Deluxe Steam Iron WF-2063,"<p>The Westpoint WF-2063 Deluxe Steam Iron combines a stylish red and black finish with practical steam, spray and dry-ironing functionality. Its adjustable temperature control and smooth soleplate help provide efficient wrinkle removal across a variety of common garment fabrics.</p>",Win Bachat,Home & Garden > Kitchen & Dining > Kitchen Appliances,Home Appliances,"Electronics, Westpoint, Win Bachat, Irons",true,Title,Default Title,MRT-WB-WESTPOINT-113,1400,shopify,deny,manual,9676.00,11611.00,TRUE,TRUE,,https://raw.githubusercontent.com/mrfantastic05678/shopify-products/main/public_images/winbachat/MRT-WB-WESTPOINT-113_Westpoint_Deluxe_Steam_Iron_WF_2063_1.jpg,1,Westpoint Deluxe Steam Iron WF-2063,FALSE,Westpoint Deluxe Steam Iron WF-2063,"Shop Westpoint WF-2063 Deluxe Steam Iron with steam, spray and dry-ironing functions for efficient wrinkle removal and convenient everyday garment care.",active
westpoint-deluxe-steam-iron-wf-2063,,,,,,,,,,,,,,,,,,,,https://raw.githubusercontent.com/mrfantastic05678/shopify-products/main/public_images/winbachat/MRT-WB-WESTPOINT-113_Westpoint_Deluxe_Steam_Iron_WF_2063_2.webp,2,Westpoint Deluxe Steam Iron WF-2063,,,,
westpoint-deluxe-steam-iron-wf-2063,,,,,,,,,,,,,,,,,,,,https://raw.githubusercontent.com/mrfantastic05678/shopify-products/main/public_images/winbachat/MRT-WB-WESTPOINT-113_Westpoint_Deluxe_Steam_Iron_WF_2063_3.webp,3,Westpoint Deluxe Steam Iron WF-2063,,,,
westpoint-deluxe-blender-grinder-2-in-1-wf-7181,Westpoint Deluxe Blender & Grinder 2 in 1 WF-7181,"<p>Prepare smoothies, sauces, spices and more with the Westpoint WF-7181 Deluxe Blender & Grinder 2 in 1. Featuring a blender jar, separate dry grinding mill, multiple operating controls and a 100% copper motor, it offers versatile everyday food preparation in one convenient appliance.</p>",Win Bachat,Home & Garden > Kitchen & Dining > Kitchen Appliances,Home Appliances,"Electronics, Westpoint, Win Bachat, Blenders",true,Title,Default Title,MRT-WB-WESTPOINT-114,2500,shopify,deny,manual,7463.50,8956.00,TRUE,TRUE,,https://raw.githubusercontent.com/mrfantastic05678/shopify-products/main/public_images/winbachat/MRT-WB-WESTPOINT-114_Westpoint_Deluxe_Blender_Grinder_2_in_1_WF_7181_1.jpg,1,Westpoint Deluxe Blender & Grinder 2 in 1 WF-7181,FALSE,Westpoint 2 in 1 Blender & Grinder WF-7181,"Buy Westpoint WF-7181 Deluxe 2 in 1 Blender & Grinder with blender jar, dry mill and 100% copper motor for versatile everyday kitchen preparation.",active
westpoint-deluxe-blender-grinder-2-in-1-wf-7181,,,,,,,,,,,,,,,,,,,,https://raw.githubusercontent.com/mrfantastic05678/shopify-products/main/public_images/winbachat/MRT-WB-WESTPOINT-114_Westpoint_Deluxe_Blender_Grinder_2_in_1_WF_7181_2.jpg,2,Westpoint Deluxe Blender & Grinder 2 in 1 WF-7181,,,,
westpoint-deluxe-blender-grinder-2-in-1-wf-7181,,,,,,,,,,,,,,,,,,,,https://raw.githubusercontent.com/mrfantastic05678/shopify-products/main/public_images/winbachat/MRT-WB-WESTPOINT-114_Westpoint_Deluxe_Blender_Grinder_2_in_1_WF_7181_3.jpg,3,Westpoint Deluxe Blender & Grinder 2 in 1 WF-7181,,,,
westpoint-deluxe-blender-dry-mill-2-in-1-wf-7381,Westpoint Deluxe Blender & Dry Mill 2 in 1 WF-7381,"<p>The Westpoint WF-7381 Deluxe Blender & Dry Mill 2 in 1 provides a convenient solution for blending drinks and grinding dry ingredients. Featuring an off-white finish, separate grinding mill and 100% copper motor, it is designed for versatile everyday kitchen preparation.</p>",Win Bachat,Home & Garden > Kitchen & Dining > Kitchen Appliances,Home Appliances,"Electronics, Westpoint, Win Bachat, Blenders",true,Title,Default Title,MRT-WB-WESTPOINT-115,2500,shopify,deny,manual,8083.00,9700.00,TRUE,TRUE,,https://raw.githubusercontent.com/mrfantastic05678/shopify-products/main/public_images/winbachat/MRT-WB-WESTPOINT-115_Westpoint_Deluxe_Blender_Dry_Mill_2_in_1_WF_7381_1.jpg,1,Westpoint Deluxe Blender & Dry Mill 2 in 1 WF-7381,FALSE,Westpoint 2 in 1 Blender & Dry Mill WF-7381,"Shop Westpoint WF-7381 Deluxe 2 in 1 Blender & Dry Mill with 100% copper motor for convenient blending, dry grinding and everyday food preparation.",active
westpoint-deluxe-blender-grinder-2-in-1-wf-9291,Westpoint Deluxe Blender & Grinder 2 in 1 WF-9291,"<p>The Westpoint WF-9291 Deluxe Blender & Grinder 2 in 1 is a versatile kitchen appliance designed for blending, grinding and everyday food preparation. It features a full-size blending jar, separate dry grinding mill, multiple speed controls and a 100% pure copper motor for dependable performance.</p>",Win Bachat,Home & Garden > Kitchen & Dining > Kitchen Appliances,Home Appliances,"Electronics, Westpoint, Win Bachat, Blenders",true,Title,Default Title,MRT-WB-WESTPOINT-116,2500,shopify,deny,manual,7463.50,8956.00,TRUE,TRUE,,https://raw.githubusercontent.com/mrfantastic05678/shopify-products/main/public_images/winbachat/MRT-WB-WESTPOINT-116_Westpoint_Deluxe_Blender_Grinder_2_in_1_WF_9291_1.jpg,1,Westpoint Deluxe Blender & Grinder 2 in 1 WF-9291,FALSE,Westpoint Blender & Grinder 2 in 1 WF-9291,"Buy Westpoint WF-9291 Deluxe Blender & Grinder 2 in 1 with 100% pure copper motor, multiple speed controls and dry grinding mill for everyday use.",active
westpoint-deluxe-blender-grinder-2-in-1-wf-9291,,,,,,,,,,,,,,,,,,,,https://raw.githubusercontent.com/mrfantastic05678/shopify-products/main/public_images/winbachat/MRT-WB-WESTPOINT-116_Westpoint_Deluxe_Blender_Grinder_2_in_1_WF_9291_2.webp,2,Westpoint Deluxe Blender & Grinder 2 in 1 WF-9291,,,,
westpoint-deluxe-blender-grinder-2-in-1-wf-9291,,,,,,,,,,,,,,,,,,,,https://raw.githubusercontent.com/mrfantastic05678/shopify-products/main/public_images/winbachat/MRT-WB-WESTPOINT-116_Westpoint_Deluxe_Blender_Grinder_2_in_1_WF_9291_3.jpg,3,Westpoint Deluxe Blender & Grinder 2 in 1 WF-9291,,,,
westpoint-deluxe-blender-grinder-chopper-3-in-1-wf-9491,"Westpoint Deluxe Blender, Grinder & Chopper 3 in 1 WF-9491","<p>Handle multiple kitchen tasks with the Westpoint WF-9491 Deluxe Blender, Grinder & Chopper 3 in 1. Supplied with a blending jar, grinding mill and chopping attachment, this multifunctional appliance is designed for preparing drinks, spices, ingredients and everyday recipes conveniently.</p>",Win Bachat,Home & Garden > Kitchen & Dining > Kitchen Appliances,Home Appliances,"Electronics, Westpoint, Win Bachat, Blenders",true,Title,Default Title,MRT-WB-WESTPOINT-117,2500,shopify,deny,manual,8083.00,9700.00,TRUE,TRUE,,https://raw.githubusercontent.com/mrfantastic05678/shopify-products/main/public_images/winbachat/MRT-WB-WESTPOINT-117_Westpoint_Deluxe_Blender_Grinder_Chopper_3_in_1_WF_1.webp,1,"Westpoint Deluxe Blender, Grinder & Chopper 3 in 1 WF-9491",FALSE,Westpoint Blender Grinder & Chopper WF-9491,"Shop Westpoint WF-9491 3 in 1 Blender, Grinder & Chopper for convenient blending, dry grinding and chopping in one multifunctional kitchen appliance.",active
westpoint-deluxe-blender-grinder-chopper-3-in-1-wf-9491,,,,,,,,,,,,,,,,,,,,https://raw.githubusercontent.com/mrfantastic05678/shopify-products/main/public_images/winbachat/MRT-WB-WESTPOINT-117_Westpoint_Deluxe_Blender_Grinder_Chopper_3_in_1_WF_2.webp,2,"Westpoint Deluxe Blender, Grinder & Chopper 3 in 1 WF-9491",,,,
westpoint-deluxe-blender-grinder-chopper-3-in-1-wf-9491,,,,,,,,,,,,,,,,,,,,https://raw.githubusercontent.com/mrfantastic05678/shopify-products/main/public_images/winbachat/MRT-WB-WESTPOINT-117_Westpoint_Deluxe_Blender_Grinder_Chopper_3_in_1_WF_3.jpg,3,"Westpoint Deluxe Blender, Grinder & Chopper 3 in 1 WF-9491",,,,
westpoint-deluxe-blender-grinder-2-in-1-wf-332,Westpoint Deluxe Blender & Grinder 2 in 1 WF-332,"<p>The Westpoint WF-332 Deluxe Blender & Grinder provides a practical 2 in 1 solution for everyday food preparation. Use the main jar for smoothies, shakes and sauces and the separate grinder for spices, nuts and other dry ingredients. Simple controls make routine kitchen tasks convenient.</p>",Win Bachat,Home & Garden > Kitchen & Dining > Kitchen Appliances,Home Appliances,"Electronics, Westpoint, Win Bachat, Blenders",true,Title,Default Title,MRT-WB-WESTPOINT-118,2500,shopify,deny,manual,8024.00,9629.00,TRUE,TRUE,,https://raw.githubusercontent.com/mrfantastic05678/shopify-products/main/public_images/winbachat/MRT-WB-WESTPOINT-118_Westpoint_Deluxe_Blender_Grinder_2_in_1_WF_332_1.jpg,1,Westpoint Deluxe Blender & Grinder 2 in 1 WF-332,FALSE,Westpoint Blender & Grinder 2 in 1 WF-332,"Buy Westpoint WF-332 Deluxe Blender & Grinder 2 in 1 for smoothies, shakes, sauces, spices and convenient everyday food preparation.",active
westpoint-deluxe-blender-grinder-2-in-1-wf-332,,,,,,,,,,,,,,,,,,,,https://raw.githubusercontent.com/mrfantastic05678/shopify-products/main/public_images/winbachat/MRT-WB-WESTPOINT-118_Westpoint_Deluxe_Blender_Grinder_2_in_1_WF_332_2.jpg,2,Westpoint Deluxe Blender & Grinder 2 in 1 WF-332,,,,
westpoint-deluxe-blender-grinder-2-in-1-wf-332,,,,,,,,,,,,,,,,,,,,https://raw.githubusercontent.com/mrfantastic05678/shopify-products/main/public_images/winbachat/MRT-WB-WESTPOINT-118_Westpoint_Deluxe_Blender_Grinder_2_in_1_WF_332_3.webp,3,Westpoint Deluxe Blender & Grinder 2 in 1 WF-332,,,,
westpoint-deluxe-blender-grinder-2-in-1-wf-3321,Westpoint Deluxe Blender & Grinder 2 in 1 WF-3321,"<p>The Westpoint WF-3321 Deluxe Blender & Grinder combines everyday blending and grinding functions in one convenient appliance. Designed for preparing smoothies, drinks, sauces and ground ingredients, it offers straightforward operation and useful accessories for versatile home kitchen preparation.</p>",Win Bachat,Home & Garden > Kitchen & Dining > Kitchen Appliances,Home Appliances,"Electronics, Westpoint, Win Bachat, Blenders",true,Title,Default Title,MRT-WB-WESTPOINT-119,2500,shopify,deny,manual,8024.00,9629.00,TRUE,TRUE,,https://raw.githubusercontent.com/mrfantastic05678/shopify-products/main/public_images/winbachat/MRT-WB-WESTPOINT-119_Westpoint_Deluxe_Blender_Grinder_2_in_1_WF_3321_1.jpg,1,Westpoint Deluxe Blender & Grinder 2 in 1 WF-3321,FALSE,Westpoint Blender & Grinder 2 in 1 WF-3321,"Shop Westpoint WF-3321 Deluxe Blender & Grinder 2 in 1 for convenient preparation of smoothies, drinks, sauces, spices and everyday recipes.",active
westpoint-deluxe-blender-grinder-2-in-1-wf-3321,,,,,,,,,,,,,,,,,,,,https://raw.githubusercontent.com/mrfantastic05678/shopify-products/main/public_images/winbachat/MRT-WB-WESTPOINT-119_Westpoint_Deluxe_Blender_Grinder_2_in_1_WF_3321_2.jpg,2,Westpoint Deluxe Blender & Grinder 2 in 1 WF-3321,,,,
westpoint-deluxe-blender-grinder-2-in-1-wf-3321,,,,,,,,,,,,,,,,,,,,https://raw.githubusercontent.com/mrfantastic05678/shopify-products/main/public_images/winbachat/MRT-WB-WESTPOINT-119_Westpoint_Deluxe_Blender_Grinder_2_in_1_WF_3321_3.webp,3,Westpoint Deluxe Blender & Grinder 2 in 1 WF-3321,,,,
westpoint-deluxe-blender-grinder-3-in-1-wf-3331,Westpoint Deluxe Blender & Grinder 3 in 1 WF-3331,"<p>The Westpoint WF-3331 Deluxe Blender & Grinder is a multifunctional kitchen appliance supplied with a full-size blender jar and additional processing attachments. Its 3 in 1 design supports blending, grinding and chopping tasks, making it suitable for drinks, spices, nuts and everyday food preparation.</p>",Win Bachat,Home & Garden > Kitchen & Dining > Kitchen Appliances,Home Appliances,"Electronics, Westpoint, Win Bachat, Blenders",true,Title,Default Title,MRT-WB-WESTPOINT-120,2500,shopify,deny,manual,8496.00,10195.00,TRUE,TRUE,,https://raw.githubusercontent.com/mrfantastic05678/shopify-products/main/public_images/winbachat/MRT-WB-WESTPOINT-120_Westpoint_Deluxe_Blender_Grinder_3_in_1_WF_3331_1.jpg,1,Westpoint Deluxe Blender & Grinder 3 in 1 WF-3331,FALSE,Westpoint Blender & Grinder 3 in 1 WF-3331,"Buy Westpoint WF-3331 Deluxe 3 in 1 Blender & Grinder with multiple attachments for blending, grinding and chopping everyday kitchen ingredients.",active
westpoint-deluxe-blender-grinder-3-in-1-wf-3331,,,,,,,,,,,,,,,,,,,,https://raw.githubusercontent.com/mrfantastic05678/shopify-products/main/public_images/winbachat/MRT-WB-WESTPOINT-120_Westpoint_Deluxe_Blender_Grinder_3_in_1_WF_3331_2.webp,2,Westpoint Deluxe Blender & Grinder 3 in 1 WF-3331,,,,
westpoint-deluxe-blender-grinder-3-in-1-wf-333,Westpoint Deluxe Blender & Grinder 3 in 1 WF-333,"<p>Prepare a wide variety of ingredients with the Westpoint WF-333 Deluxe Blender & Grinder 3 in 1. Featuring an unbreakable plastic blending jar plus separate processing attachments, it is designed for convenient blending, grinding and chopping of everyday kitchen ingredients.</p>",Win Bachat,Home & Garden > Kitchen & Dining > Kitchen Appliances,Home Appliances,"Electronics, Westpoint, Win Bachat, Blenders",true,Title,Default Title,MRT-WB-WESTPOINT-121,2500,shopify,deny,manual,8496.00,10195.00,TRUE,TRUE,,https://raw.githubusercontent.com/mrfantastic05678/shopify-products/main/public_images/winbachat/MRT-WB-WESTPOINT-121_Westpoint_Deluxe_Blender_Grinder_3_in_1_WF_333_1.png,1,Westpoint Deluxe Blender & Grinder 3 in 1 WF-333,FALSE,Westpoint 3 in 1 Blender & Grinder WF-333,Shop Westpoint WF-333 Deluxe 3 in 1 Blender & Grinder with unbreakable plastic jar and multiple attachments for versatile everyday food preparation.,active
westpoint-deluxe-blender-grinder-3-in-1-wf-333,,,,,,,,,,,,,,,,,,,,https://raw.githubusercontent.com/mrfantastic05678/shopify-products/main/public_images/winbachat/MRT-WB-WESTPOINT-121_Westpoint_Deluxe_Blender_Grinder_3_in_1_WF_333_2.jpg,2,Westpoint Deluxe Blender & Grinder 3 in 1 WF-333,,,,
westpoint-deluxe-blender-grinder-3-in-1-wf-333,,,,,,,,,,,,,,,,,,,,https://raw.githubusercontent.com/mrfantastic05678/shopify-products/main/public_images/winbachat/MRT-WB-WESTPOINT-121_Westpoint_Deluxe_Blender_Grinder_3_in_1_WF_333_3.webp,3,Westpoint Deluxe Blender & Grinder 3 in 1 WF-333,,,,
westpoint-professional-blender-grinder-2-in-1-wf-372,Westpoint Professional Blender & Grinder 2 in 1 WF-372,"<p>The Westpoint WF-372 Professional Blender & Grinder combines an 800W pure copper motor with a glass blending jar and separate dry mill. Designed to process ingredients from soft to hard, it is suitable for smoothies, sauces, spices and other everyday blending and grinding tasks.</p>",Win Bachat,Home & Garden > Kitchen & Dining > Kitchen Appliances,Home Appliances,"Electronics, Westpoint, Win Bachat, Blenders",true,Title,Default Title,MRT-WB-WESTPOINT-122,2500,shopify,deny,manual,12390.00,14868.00,TRUE,TRUE,,https://raw.githubusercontent.com/mrfantastic05678/shopify-products/main/public_images/winbachat/MRT-WB-WESTPOINT-122_Westpoint_Professional_Blender_Grinder_2_in_1_WF_3_1.jpg,1,Westpoint Professional Blender & Grinder 2 in 1 WF-372,FALSE,Westpoint 800W Blender & Grinder WF-372,"Buy Westpoint WF-372 Professional 800W Blender & Grinder with pure copper motor, glass blending jar and dry mill for versatile kitchen preparation.",active
westpoint-professional-blender-grinder-2-in-1-wf-372,,,,,,,,,,,,,,,,,,,,https://raw.githubusercontent.com/mrfantastic05678/shopify-products/main/public_images/winbachat/MRT-WB-WESTPOINT-122_Westpoint_Professional_Blender_Grinder_2_in_1_WF_3_2.jpg,2,Westpoint Professional Blender & Grinder 2 in 1 WF-372,,,,
westpoint-professional-blender-grinder-2-in-1-wf-372,,,,,,,,,,,,,,,,,,,,https://raw.githubusercontent.com/mrfantastic05678/shopify-products/main/public_images/winbachat/MRT-WB-WESTPOINT-122_Westpoint_Professional_Blender_Grinder_2_in_1_WF_3_3.webp,3,Westpoint Professional Blender & Grinder 2 in 1 WF-372,,,,
westpoint-professional-blender-grinder-3-in-1-wf-373,Westpoint Professional Blender & Grinder 3 in 1 WF-373,"<p>The Westpoint WF-373 Professional Blender & Grinder 3 in 1 offers versatile food preparation with a full-size blending jar and additional processing attachments. Powered by an 800W pure copper motor, it is designed to handle blending, grinding and processing tasks across soft and hard ingredients.</p>",Win Bachat,Home & Garden > Kitchen & Dining > Kitchen Appliances,Home Appliances,"Electronics, Westpoint, Win Bachat, Blenders",true,Title,Default Title,MRT-WB-WESTPOINT-123,2500,shopify,deny,manual,13806.00,16567.00,TRUE,TRUE,,https://raw.githubusercontent.com/mrfantastic05678/shopify-products/main/public_images/winbachat/MRT-WB-WESTPOINT-123_Westpoint_Professional_Blender_Grinder_3_in_1_WF_3_1.jpg,1,Westpoint Professional Blender & Grinder 3 in 1 WF-373,FALSE,Westpoint 800W Blender & Grinder 3 in 1 WF-373,Shop Westpoint WF-373 Professional 3 in 1 Blender & Grinder with 800W pure copper motor and multiple attachments for versatile kitchen preparation.,active
westpoint-professional-blender-grinder-3-in-1-wf-373,,,,,,,,,,,,,,,,,,,,https://raw.githubusercontent.com/mrfantastic05678/shopify-products/main/public_images/winbachat/MRT-WB-WESTPOINT-123_Westpoint_Professional_Blender_Grinder_3_in_1_WF_3_2.webp,2,Westpoint Professional Blender & Grinder 3 in 1 WF-373,,,,
westpoint-commercial-1500w-power-blender-wf-448,Westpoint Commercial 1500W Power Blender WF-448,"<p>The Westpoint WF-448 Commercial Power Blender delivers high-powered performance with a 1500W pure copper motor. Featuring a large-capacity polycarbonate jar, variable speed control, pulse function, grinding attachment and blending bar, it is designed for demanding blending and food preparation tasks.</p>",Win Bachat,Home & Garden > Kitchen & Dining > Kitchen Appliances,Home Appliances,"Electronics, Westpoint, Win Bachat, Blenders",true,Title,Default Title,MRT-WB-WESTPOINT-124,4000,shopify,deny,manual,25370.00,30444.00,TRUE,TRUE,,https://raw.githubusercontent.com/mrfantastic05678/shopify-products/main/public_images/winbachat/MRT-WB-WESTPOINT-124_Westpoint_Commercial_1500W_Power_Blender_WF_448_1.jpg,1,Westpoint Commercial 1500W Power Blender WF-448,FALSE,Westpoint 1500W Commercial Power Blender WF-448,"Buy Westpoint WF-448 Commercial Power Blender with 1500W pure copper motor, large jar, speed control, pulse function and grinding attachment.",active
westpoint-commercial-1500w-power-blender-wf-448,,,,,,,,,,,,,,,,,,,,https://raw.githubusercontent.com/mrfantastic05678/shopify-products/main/public_images/winbachat/MRT-WB-WESTPOINT-124_Westpoint_Commercial_1500W_Power_Blender_WF_448_2.jpg,2,Westpoint Commercial 1500W Power Blender WF-448,,,,
westpoint-commercial-1500w-power-blender-wf-448,,,,,,,,,,,,,,,,,,,,https://raw.githubusercontent.com/mrfantastic05678/shopify-products/main/public_images/winbachat/MRT-WB-WESTPOINT-124_Westpoint_Commercial_1500W_Power_Blender_WF_448_3.jpg,3,Westpoint Commercial 1500W Power Blender WF-448,,,,
westpoint-deluxe-1500w-nutri-blast-blender-wf-449,Westpoint Deluxe 1500W Nutri Blast Blender WF-449,"<p>The Westpoint WF-449 Deluxe Nutri Blast is an all-in-one personal blending solution powered by a 1500W pure copper motor. Designed for smoothies, shakes and nutritious drinks, it includes blending and grinding accessories along with a convenient drinking cup for everyday use.</p>",Win Bachat,Home & Garden > Kitchen & Dining > Kitchen Appliances,Home Appliances,"Electronics, Westpoint, Win Bachat, Blenders",true,Title,Default Title,MRT-WB-WESTPOINT-125,4000,shopify,deny,manual,22420.00,26904.00,TRUE,TRUE,,https://raw.githubusercontent.com/mrfantastic05678/shopify-products/main/public_images/winbachat/MRT-WB-WESTPOINT-125_Westpoint_Deluxe_1500W_Nutri_Blast_Blender_WF_449_1.jpg,1,Westpoint Deluxe 1500W Nutri Blast Blender WF-449,FALSE,Westpoint 1500W Nutri Blast Blender WF-449,"Shop Westpoint WF-449 Deluxe Nutri Blast with 1500W pure copper motor, blending and grinding accessories for smoothies, shakes and everyday drinks.",active
westpoint-deluxe-1500w-nutri-blast-blender-wf-449,,,,,,,,,,,,,,,,,,,,https://raw.githubusercontent.com/mrfantastic05678/shopify-products/main/public_images/winbachat/MRT-WB-WESTPOINT-125_Westpoint_Deluxe_1500W_Nutri_Blast_Blender_WF_449_2.jpg,2,Westpoint Deluxe 1500W Nutri Blast Blender WF-449,,,,
westpoint-deluxe-1500w-nutri-blast-blender-wf-449,,,,,,,,,,,,,,,,,,,,https://raw.githubusercontent.com/mrfantastic05678/shopify-products/main/public_images/winbachat/MRT-WB-WESTPOINT-125_Westpoint_Deluxe_1500W_Nutri_Blast_Blender_WF_449_3.jpg,3,Westpoint Deluxe 1500W Nutri Blast Blender WF-449,,,,
westpoint-deluxe-blender-grinder-3-in-1-wf-342,Westpoint Deluxe Blender & Grinder 3 in 1 WF-342,"<p>The Westpoint WF-342 Deluxe Blender & Grinder offers multifunctional performance for everyday kitchen preparation. Featuring an unbreakable plastic blending jar and two additional grinding attachments, it is suitable for preparing smoothies, sauces, spices, nuts and other ingredients.</p>",Win Bachat,Home & Garden > Kitchen & Dining > Kitchen Appliances,Home Appliances,"Electronics, Westpoint, Win Bachat, Blenders",true,Title,Default Title,MRT-WB-WESTPOINT-126,2500,shopify,deny,manual,10620.00,12744.00,TRUE,TRUE,,https://raw.githubusercontent.com/mrfantastic05678/shopify-products/main/public_images/winbachat/MRT-WB-WESTPOINT-126_Westpoint_Deluxe_Blender_Grinder_3_in_1_WF_342_1.jpg,1,Westpoint Deluxe Blender & Grinder 3 in 1 WF-342,FALSE,Westpoint Blender & Grinder 3 in 1 WF-342,Buy Westpoint WF-342 Deluxe 3 in 1 Blender & Grinder with unbreakable plastic jar and grinding attachments for versatile everyday kitchen use.,active
westpoint-deluxe-blender-grinder-3-in-1-wf-342,,,,,,,,,,,,,,,,,,,,https://raw.githubusercontent.com/mrfantastic05678/shopify-products/main/public_images/winbachat/MRT-WB-WESTPOINT-126_Westpoint_Deluxe_Blender_Grinder_3_in_1_WF_342_2.jpg,2,Westpoint Deluxe Blender & Grinder 3 in 1 WF-342,,,,
westpoint-deluxe-blender-grinder-3-in-1-wf-342,,,,,,,,,,,,,,,,,,,,https://raw.githubusercontent.com/mrfantastic05678/shopify-products/main/public_images/winbachat/MRT-WB-WESTPOINT-126_Westpoint_Deluxe_Blender_Grinder_3_in_1_WF_342_3.webp,3,Westpoint Deluxe Blender & Grinder 3 in 1 WF-342,,,,
westpoint-deluxe-blender-grinder-3-in-1-wf-343,Westpoint Deluxe Blender & Grinder 3 in 1 WF-343,"<p>Make everyday food preparation convenient with the Westpoint WF-343 Deluxe Blender & Grinder. Its 3 in 1 configuration provides versatile blending and grinding functionality for smoothies, beverages, sauces, spices, nuts and other common kitchen ingredients.</p>",Win Bachat,Home & Garden > Kitchen & Dining > Kitchen Appliances,Home Appliances,"Electronics, Westpoint, Win Bachat, Blenders",true,Title,Default Title,MRT-WB-WESTPOINT-127,2500,shopify,deny,manual,10620.00,12744.00,TRUE,TRUE,,https://raw.githubusercontent.com/mrfantastic05678/shopify-products/main/public_images/winbachat/MRT-WB-WESTPOINT-127_Westpoint_Deluxe_Blender_Grinder_3_in_1_WF_343_1.jpg,1,Westpoint Deluxe Blender & Grinder 3 in 1 WF-343,FALSE,Westpoint Blender & Grinder 3 in 1 WF-343,"Shop Westpoint WF-343 Deluxe 3 in 1 Blender & Grinder for convenient blending and grinding of drinks, sauces, spices, nuts and everyday ingredients.",active
westpoint-deluxe-blender-grinder-3-in-1-wf-343,,,,,,,,,,,,,,,,,,,,https://raw.githubusercontent.com/mrfantastic05678/shopify-products/main/public_images/winbachat/MRT-WB-WESTPOINT-127_Westpoint_Deluxe_Blender_Grinder_3_in_1_WF_343_2.jpg,2,Westpoint Deluxe Blender & Grinder 3 in 1 WF-343,,,,
westpoint-deluxe-blender-grinder-3-in-1-wf-343,,,,,,,,,,,,,,,,,,,,https://raw.githubusercontent.com/mrfantastic05678/shopify-products/main/public_images/winbachat/MRT-WB-WESTPOINT-127_Westpoint_Deluxe_Blender_Grinder_3_in_1_WF_343_3.jpg,3,Westpoint Deluxe Blender & Grinder 3 in 1 WF-343,,,,
westpoint-deluxe-steel-body-blender-grinder-wf-364,Westpoint Deluxe Steel Body Blender & Grinder WF-364,"<p>The Westpoint WF-364 Deluxe Blender & Grinder combines durable steel-finished jars with practical multifunctional performance. Designed to process ingredients ranging from soft fruits to harder spices, it provides a convenient solution for preparing smoothies, sauces, pastes and ground ingredients.</p>",Win Bachat,Home & Garden > Kitchen & Dining > Kitchen Appliances,Home Appliances,"Electronics, Westpoint, Win Bachat, Blenders",true,Title,Default Title,MRT-WB-WESTPOINT-128,2500,shopify,deny,manual,17110.00,20532.00,TRUE,TRUE,,https://raw.githubusercontent.com/mrfantastic05678/shopify-products/main/public_images/winbachat/MRT-WB-WESTPOINT-128_Westpoint_Deluxe_Steel_Body_Blender_Grinder_WF_364_1.jpg,1,Westpoint Deluxe Steel Body Blender & Grinder WF-364,FALSE,Westpoint Steel Body Blender & Grinder WF-364,"Buy Westpoint WF-364 Deluxe Steel Body Blender & Grinder for smoothies, sauces, spices, pastes and versatile everyday kitchen food preparation.",active
westpoint-deluxe-steel-body-blender-grinder-wf-364,,,,,,,,,,,,,,,,,,,,https://raw.githubusercontent.com/mrfantastic05678/shopify-products/main/public_images/winbachat/MRT-WB-WESTPOINT-128_Westpoint_Deluxe_Steel_Body_Blender_Grinder_WF_364_2.jpg,2,Westpoint Deluxe Steel Body Blender & Grinder WF-364,,,,
westpoint-deluxe-steel-body-blender-grinder-wf-364,,,,,,,,,,,,,,,,,,,,https://raw.githubusercontent.com/mrfantastic05678/shopify-products/main/public_images/winbachat/MRT-WB-WESTPOINT-128_Westpoint_Deluxe_Steel_Body_Blender_Grinder_WF_364_3.jpg,3,Westpoint Deluxe Steel Body Blender & Grinder WF-364,,,,
westpoint-blender-chopper-grinder-3-in-1-wf-367,"Westpoint Blender, Chopper & Grinder 3 in 1 WF-367","<p>The Westpoint WF-367 Blender, Chopper & Grinder 3 in 1 combines multiple food preparation functions in a practical steel-body design. Separate attachments make it convenient to blend beverages, chop ingredients and grind spices, nuts and other foods for everyday recipes.</p>",Win Bachat,Home & Garden > Kitchen & Dining > Kitchen Appliances,Home Appliances,"Electronics, Westpoint, Win Bachat, Blenders",true,Title,Default Title,MRT-WB-WESTPOINT-129,2500,shopify,deny,manual,20650.00,24780.00,TRUE,TRUE,,https://raw.githubusercontent.com/mrfantastic05678/shopify-products/main/public_images/winbachat/MRT-WB-WESTPOINT-129_Westpoint_Blender_Chopper_Grinder_3_in_1_WF_367_1.jpg,1,"Westpoint Blender, Chopper & Grinder 3 in 1 WF-367",FALSE,Westpoint Blender Chopper & Grinder WF-367,"Shop Westpoint WF-367 3 in 1 Blender, Chopper & Grinder with steel-body design and multiple attachments for versatile everyday food preparation.",active
westpoint-blender-chopper-grinder-3-in-1-wf-367,,,,,,,,,,,,,,,,,,,,https://raw.githubusercontent.com/mrfantastic05678/shopify-products/main/public_images/winbachat/MRT-WB-WESTPOINT-129_Westpoint_Blender_Chopper_Grinder_3_in_1_WF_367_2.jpg,2,"Westpoint Blender, Chopper & Grinder 3 in 1 WF-367",,,,
westpoint-blender-chopper-grinder-3-in-1-wf-367,,,,,,,,,,,,,,,,,,,,https://raw.githubusercontent.com/mrfantastic05678/shopify-products/main/public_images/winbachat/MRT-WB-WESTPOINT-129_Westpoint_Blender_Chopper_Grinder_3_in_1_WF_367_3.jpg,3,"Westpoint Blender, Chopper & Grinder 3 in 1 WF-367",,,,
westpoint-professional-wet-dry-spice-grinder-wf-9225,Westpoint Professional Wet & Dry Spice Grinder WF-9225,"<p>The Westpoint WF-9225 Professional Wet & Dry Spice Grinder provides convenient 2 in 1 processing for both dry spices and wet ingredients. Its compact design makes it suitable for preparing freshly ground spices, seasonings, herbs and pastes for everyday cooking.</p>",Win Bachat,Home & Garden > Kitchen & Dining > Kitchen Appliances,Home Appliances,"Electronics, Westpoint, Win Bachat, Coffee Grinder And Maker, Cofee Makers",true,Title,Default Title,MRT-WB-WESTPOINT-130,1900,shopify,deny,manual,11121.50,13346.00,TRUE,TRUE,,https://raw.githubusercontent.com/mrfantastic05678/shopify-products/main/public_images/winbachat/MRT-WB-WESTPOINT-130_Westpoint_Professional_Wet_Dry_Spice_Grinder_WF_92_1.png,1,Westpoint Professional Wet & Dry Spice Grinder WF-9225,FALSE,Westpoint Wet & Dry Spice Grinder WF-9225,"Buy Westpoint WF-9225 Professional Wet & Dry Spice Grinder for convenient preparation of fresh spices, herbs, seasonings and cooking pastes.",active
westpoint-professional-wet-dry-spice-grinder-wf-9225,,,,,,,,,,,,,,,,,,,,https://raw.githubusercontent.com/mrfantastic05678/shopify-products/main/public_images/winbachat/MRT-WB-WESTPOINT-130_Westpoint_Professional_Wet_Dry_Spice_Grinder_WF_92_2.jpg,2,Westpoint Professional Wet & Dry Spice Grinder WF-9225,,,,
westpoint-professional-wet-dry-spice-grinder-wf-9225,,,,,,,,,,,,,,,,,,,,https://raw.githubusercontent.com/mrfantastic05678/shopify-products/main/public_images/winbachat/MRT-WB-WESTPOINT-130_Westpoint_Professional_Wet_Dry_Spice_Grinder_WF_92_3.webp,3,Westpoint Professional Wet & Dry Spice Grinder WF-9225,,,,
westpoint-deluxe-coffee-spice-grinder-wf-9224,Westpoint Deluxe Coffee & Spice Grinder WF-9224,"<p>Enjoy freshly ground ingredients with the Westpoint WF-9224 Deluxe Coffee & Spice Grinder. Its compact design is ideal for grinding coffee beans, whole spices, seeds and other dry ingredients, making it a practical addition to kitchens where freshly prepared flavors are preferred.</p>",Win Bachat,Home & Garden > Kitchen & Dining > Kitchen Appliances,Home Appliances,"Electronics, Westpoint, Win Bachat, Coffee Grinder And Maker, Cofee Makers",true,Title,Default Title,MRT-WB-WESTPOINT-131,1900,shopify,deny,manual,9558.00,11470.00,TRUE,TRUE,,https://raw.githubusercontent.com/mrfantastic05678/shopify-products/main/public_images/winbachat/MRT-WB-WESTPOINT-131_Westpoint_Deluxe_Coffee_Spice_Grinder_WF_9224_1.webp,1,Westpoint Deluxe Coffee & Spice Grinder WF-9224,FALSE,Westpoint Coffee & Spice Grinder WF-9224,"Shop Westpoint WF-9224 Deluxe Coffee & Spice Grinder for freshly grinding coffee beans, whole spices, seeds and other dry kitchen ingredients.",active
westpoint-deluxe-coffee-spice-grinder-wf-9224,,,,,,,,,,,,,,,,,,,,https://raw.githubusercontent.com/mrfantastic05678/shopify-products/main/public_images/winbachat/MRT-WB-WESTPOINT-131_Westpoint_Deluxe_Coffee_Spice_Grinder_WF_9224_2.jpg,2,Westpoint Deluxe Coffee & Spice Grinder WF-9224,,,,
westpoint-deluxe-coffee-spice-grinder-wf-9224,,,,,,,,,,,,,,,,,,,,https://raw.githubusercontent.com/mrfantastic05678/shopify-products/main/public_images/winbachat/MRT-WB-WESTPOINT-131_Westpoint_Deluxe_Coffee_Spice_Grinder_WF_9224_3.jpg,3,Westpoint Deluxe Coffee & Spice Grinder WF-9224,,,,
westpoint-spice-grinder-wf-9223,Westpoint Spice Grinder WF-9223,"<p>The Westpoint WF-9223 Spice Grinder offers a compact and practical way to prepare freshly ground spices and dry ingredients at home. Designed for straightforward operation, it helps process whole spices, seeds and seasonings for curries, marinades and everyday recipes.</p>",Win Bachat,Home & Garden > Kitchen & Dining > Kitchen Appliances,Home Appliances,"Electronics, Westpoint, Win Bachat, Coffee Grinder And Maker, Cofee Makers",true,Title,Default Title,MRT-WB-WESTPOINT-132,1900,shopify,deny,manual,8260.00,9912.00,TRUE,TRUE,,https://raw.githubusercontent.com/mrfantastic05678/shopify-products/main/public_images/winbachat/MRT-WB-WESTPOINT-132_Westpoint_Spice_Grinder_WF_9223_1.jpg,1,Westpoint Spice Grinder WF-9223,FALSE,Westpoint Spice Grinder WF-9223,"Buy Westpoint WF-9223 Spice Grinder for convenient grinding of whole spices, seeds and seasonings to add freshly prepared flavor to everyday recipes.",active
westpoint-spice-grinder-wf-9223,,,,,,,,,,,,,,,,,,,,https://raw.githubusercontent.com/mrfantastic05678/shopify-products/main/public_images/winbachat/MRT-WB-WESTPOINT-132_Westpoint_Spice_Grinder_WF_9223_2.jpg,2,Westpoint Spice Grinder WF-9223,,,,
westpoint-wet-dry-spice-grinder-wf-9226,Westpoint Wet & Dry Spice Grinder WF-9226,"<p>From whole spices to smooth pastes, the Westpoint WF-9226 Wet & Dry Spice Grinder provides versatile processing for everyday cooking. Its dedicated grinding containers support both dry and wet ingredients, making it useful for spices, herbs, seasonings and homemade pastes.</p>",Win Bachat,Home & Garden > Kitchen & Dining > Kitchen Appliances,Home Appliances,"Electronics, Westpoint, Win Bachat, Coffee Grinder And Maker, Cofee Makers",true,Title,Default Title,MRT-WB-WESTPOINT-133,1900,shopify,deny,manual,9440.00,11328.00,TRUE,TRUE,,https://raw.githubusercontent.com/mrfantastic05678/shopify-products/main/public_images/winbachat/MRT-WB-WESTPOINT-133_Westpoint_Wet_Dry_Spice_Grinder_WF_9226_1.jpg,1,Westpoint Wet & Dry Spice Grinder WF-9226,FALSE,Westpoint Wet & Dry Spice Grinder WF-9226,"Shop Westpoint WF-9226 Wet & Dry Spice Grinder for whole spices, herbs, seasonings and smooth pastes with convenient wet and dry grinding functionality.",active
westpoint-wet-dry-spice-grinder-wf-9226,,,,,,,,,,,,,,,,,,,,https://raw.githubusercontent.com/mrfantastic05678/shopify-products/main/public_images/winbachat/MRT-WB-WESTPOINT-133_Westpoint_Wet_Dry_Spice_Grinder_WF_9226_2.jpg,2,Westpoint Wet & Dry Spice Grinder WF-9226,,,,
westpoint-deluxe-coffee-maker-wf-2023,Westpoint Deluxe Coffee Maker WF-2023,"<p>Start your day with freshly brewed coffee using the Westpoint WF-2023 Deluxe Coffee Maker. Featuring a transparent water reservoir, reusable brewing system, glass coffee pot and simple controls, it provides a convenient solution for preparing fresh coffee at home or in the office.</p>",Win Bachat,Home & Garden > Kitchen & Dining > Kitchen Appliances,Home Appliances,"Electronics, Westpoint, Win Bachat, Coffee Grinder And Maker, Cofee Makers",true,Title,Default Title,MRT-WB-WESTPOINT-134,2500,shopify,deny,manual,11918.00,14302.00,TRUE,TRUE,,https://raw.githubusercontent.com/mrfantastic05678/shopify-products/main/public_images/winbachat/MRT-WB-WESTPOINT-134_Westpoint_Deluxe_Coffee_Maker_WF_2023_1.jpg,1,Westpoint Deluxe Coffee Maker WF-2023,FALSE,Westpoint Deluxe Coffee Maker WF-2023,Buy Westpoint WF-2023 Deluxe Coffee Maker with transparent water reservoir and glass coffee pot for convenient fresh coffee brewing at home or office.,active
westpoint-deluxe-coffee-maker-wf-2023,,,,,,,,,,,,,,,,,,,,https://raw.githubusercontent.com/mrfantastic05678/shopify-products/main/public_images/winbachat/MRT-WB-WESTPOINT-134_Westpoint_Deluxe_Coffee_Maker_WF_2023_2.jpg,2,Westpoint Deluxe Coffee Maker WF-2023,,,,
westpoint-professional-programmable-coffee-maker-wf-2024,Westpoint Professional Programmable Coffee Maker WF-2024,"<p>The Westpoint WF-2024 Professional Coffee Maker is designed for convenient everyday brewing with programmable controls and a digital display. Its large glass carafe, visible water-level indicator and strength control make it easy to prepare multiple cups of fresh coffee according to your preferred schedule and taste.</p>",Win Bachat,Home & Garden > Kitchen & Dining > Kitchen Appliances,Home Appliances,"Electronics, Westpoint, Win Bachat, Coffee Grinder And Maker, Cofee Makers",true,Title,Default Title,MRT-WB-WESTPOINT-135,2500,shopify,deny,manual,24308.00,29170.00,TRUE,TRUE,,https://raw.githubusercontent.com/mrfantastic05678/shopify-products/main/public_images/winbachat/MRT-WB-WESTPOINT-135_Westpoint_Professional_Programmable_Coffee_Maker_W_1.webp,1,Westpoint Professional Programmable Coffee Maker WF-2024,FALSE,Westpoint Programmable Coffee Maker WF-2024,"Shop Westpoint WF-2024 Professional Programmable Coffee Maker with digital display, glass carafe and strength control for convenient fresh coffee brewing.",active
westpoint-professional-programmable-coffee-maker-wf-2024,,,,,,,,,,,,,,,,,,,,https://raw.githubusercontent.com/mrfantastic05678/shopify-products/main/public_images/winbachat/MRT-WB-WESTPOINT-135_Westpoint_Professional_Programmable_Coffee_Maker_W_2.png,2,Westpoint Professional Programmable Coffee Maker WF-2024,,,,
westpoint-professional-programmable-coffee-maker-wf-2024,,,,,,,,,,,,,,,,,,,,https://raw.githubusercontent.com/mrfantastic05678/shopify-products/main/public_images/winbachat/MRT-WB-WESTPOINT-135_Westpoint_Professional_Programmable_Coffee_Maker_W_3.jpg,3,Westpoint Professional Programmable Coffee Maker WF-2024,,,,
westpoint-deluxe-dry-wet-grinder-wf-9228,Westpoint Deluxe Dry & Wet Grinder WF-9228,"<p>The Westpoint WF-9228 Deluxe Dry & Wet Grinder is designed for convenient preparation of spices, herbs, seasonings and wet ingredients. Its versatile grinding system handles both dry and wet recipes, while the unbreakable polycarbonate containers and simple controls make everyday food preparation easy and practical.</p>",Win Bachat,Home & Garden > Kitchen & Dining > Kitchen Appliances,Home Appliances,"Electronics, Westpoint, Win Bachat, Coffee Grinder And Maker, Cofee Makers",true,Title,Default Title,MRT-WB-WESTPOINT-136,2000,shopify,deny,manual,10089.00,12107.00,TRUE,TRUE,,https://raw.githubusercontent.com/mrfantastic05678/shopify-products/main/public_images/winbachat/MRT-WB-WESTPOINT-136_Westpoint_Deluxe_Dry_Wet_Grinder_WF_9228_1.jpg,1,Westpoint Deluxe Dry & Wet Grinder WF-9228,FALSE,Westpoint Dry & Wet Grinder WF-9228,"Buy Westpoint WF-9228 Deluxe Dry & Wet Grinder with unbreakable polycarbonate containers for grinding spices, herbs, seasonings and wet ingredients.",active
westpoint-deluxe-dry-wet-grinder-wf-9228,,,,,,,,,,,,,,,,,,,,https://raw.githubusercontent.com/mrfantastic05678/shopify-products/main/public_images/winbachat/MRT-WB-WESTPOINT-136_Westpoint_Deluxe_Dry_Wet_Grinder_WF_9228_2.jpg,2,Westpoint Deluxe Dry & Wet Grinder WF-9228,,,,
westpoint-deluxe-dry-wet-grinder-wf-9228,,,,,,,,,,,,,,,,,,,,https://raw.githubusercontent.com/mrfantastic05678/shopify-products/main/public_images/winbachat/MRT-WB-WESTPOINT-136_Westpoint_Deluxe_Dry_Wet_Grinder_WF_9228_3.jpg,3,Westpoint Deluxe Dry & Wet Grinder WF-9228,,,,
westpoint-professional-coffee-maker-wf-2025,Westpoint Professional Coffee Maker WF-2025,"<p>Enjoy café-style beverages at home with the Westpoint WF-2025 Professional Coffee Maker. Designed for espresso, cappuccino, latte, Americano and mocha, it features convenient beverage controls and an integrated milk system for preparing a variety of hot coffee drinks with ease.</p>",Win Bachat,Home & Garden > Kitchen & Dining > Kitchen Appliances,Home Appliances,"Electronics, Westpoint, Win Bachat, Coffee Grinder And Maker, Cofee Makers",true,Title,Default Title,MRT-WB-WESTPOINT-137,2500,shopify,deny,manual,51920.00,62304.00,TRUE,TRUE,,https://raw.githubusercontent.com/mrfantastic05678/shopify-products/main/public_images/winbachat/MRT-WB-WESTPOINT-137_Westpoint_Professional_Coffee_Maker_WF_2025_1.jpg,1,Westpoint Professional Coffee Maker WF-2025,FALSE,Westpoint Professional Coffee Maker WF-2025,"Shop Westpoint WF-2025 Professional Coffee Maker for espresso, cappuccino, latte, Americano and mocha with convenient controls and integrated milk system.",active
westpoint-professional-coffee-maker-wf-2025,,,,,,,,,,,,,,,,,,,,https://raw.githubusercontent.com/mrfantastic05678/shopify-products/main/public_images/winbachat/MRT-WB-WESTPOINT-137_Westpoint_Professional_Coffee_Maker_WF_2025_2.jpg,2,Westpoint Professional Coffee Maker WF-2025,,,,
westpoint-professional-coffee-maker-wf-2025,,,,,,,,,,,,,,,,,,,,https://raw.githubusercontent.com/mrfantastic05678/shopify-products/main/public_images/winbachat/MRT-WB-WESTPOINT-137_Westpoint_Professional_Coffee_Maker_WF_2025_3.jpg,3,Westpoint Professional Coffee Maker WF-2025,,,,
westpoint-professional-robomax-5-in-1-juice-extractor-wf-8818,Westpoint Professional RoboMax 5 in 1 Juice Extractor WF-8818,"<p>The Westpoint WF-8818 Professional RoboMax is a multifunctional kitchen system that combines juicing, blending, grinding, chopping and food processing in one appliance. Its versatile attachments help prepare fresh juices, smoothies, chopped vegetables, ground ingredients and a wide range of everyday recipes.</p>",Win Bachat,Home & Garden > Kitchen & Dining > Kitchen Appliances,Home Appliances,"Electronics, Westpoint, Win Bachat, Food Factories, Juicers",true,Title,Default Title,MRT-WB-WESTPOINT-138,4500,shopify,deny,manual,42834.00,51401.00,TRUE,TRUE,,https://raw.githubusercontent.com/mrfantastic05678/shopify-products/main/public_images/winbachat/MRT-WB-WESTPOINT-138_Westpoint_Professional_RoboMax_5_in_1_Juice_Extrac_1.jpg,1,Westpoint Professional RoboMax 5 in 1 Juice Extractor WF-8818,FALSE,Westpoint RoboMax 5 in 1 Juicer WF-8818,"Buy Westpoint WF-8818 Professional RoboMax 5 in 1 for juicing, blending, grinding, chopping and food processing with versatile kitchen attachments.",active
westpoint-professional-robomax-5-in-1-juice-extractor-wf-8818,,,,,,,,,,,,,,,,,,,,https://raw.githubusercontent.com/mrfantastic05678/shopify-products/main/public_images/winbachat/MRT-WB-WESTPOINT-138_Westpoint_Professional_RoboMax_5_in_1_Juice_Extrac_2.jpg,2,Westpoint Professional RoboMax 5 in 1 Juice Extractor WF-8818,,,,
westpoint-professional-robomax-5-in-1-juice-extractor-wf-8818,,,,,,,,,,,,,,,,,,,,https://raw.githubusercontent.com/mrfantastic05678/shopify-products/main/public_images/winbachat/MRT-WB-WESTPOINT-138_Westpoint_Professional_RoboMax_5_in_1_Juice_Extrac_3.jpg,3,Westpoint Professional RoboMax 5 in 1 Juice Extractor WF-8818,,,,
westpoint-professional-robomax-5-in-1-juice-extractor-wf-8818,,,,,,,,,,,,,,,,,,,,https://raw.githubusercontent.com/mrfantastic05678/shopify-products/main/public_images/winbachat/MRT-WB-WESTPOINT-138_Westpoint_Professional_RoboMax_5_in_1_Juice_Extrac_4.jpg,4,Westpoint Professional RoboMax 5 in 1 Juice Extractor WF-8818,,,,
westpoint-deluxe-kitchen-chef-food-processor-wf-2803,Westpoint Deluxe Kitchen Chef Food Processor WF-2803,"<p>The Westpoint WF-2803 Deluxe Kitchen Chef is a multifunctional food processor designed to simplify everyday meal preparation. Its collection of attachments supports juicing, blending, chopping, grinding and food processing, helping you prepare drinks, vegetables, spices and other ingredients efficiently.</p>",Win Bachat,Home & Garden > Kitchen & Dining > Kitchen Appliances,Home Appliances,"Electronics, Westpoint, Win Bachat, Food Factories",true,Title,Default Title,MRT-WB-WESTPOINT-139,4500,shopify,deny,manual,20768.00,24922.00,TRUE,TRUE,,https://raw.githubusercontent.com/mrfantastic05678/shopify-products/main/public_images/winbachat/MRT-WB-WESTPOINT-139_Westpoint_Deluxe_Kitchen_Chef_Food_Processor_WF_28_1.jpg,1,Westpoint Deluxe Kitchen Chef Food Processor WF-2803,FALSE,Westpoint Kitchen Chef Food Processor WF-2803,"Shop Westpoint WF-2803 Deluxe Kitchen Chef multifunctional food processor for juicing, blending, chopping, grinding and everyday meal preparation.",active
westpoint-deluxe-kitchen-chef-food-processor-wf-2803,,,,,,,,,,,,,,,,,,,,https://raw.githubusercontent.com/mrfantastic05678/shopify-products/main/public_images/winbachat/MRT-WB-WESTPOINT-139_Westpoint_Deluxe_Kitchen_Chef_Food_Processor_WF_28_2.jpg,2,Westpoint Deluxe Kitchen Chef Food Processor WF-2803,,,,
westpoint-deluxe-kitchen-chef-food-processor-wf-2803,,,,,,,,,,,,,,,,,,,,https://raw.githubusercontent.com/mrfantastic05678/shopify-products/main/public_images/winbachat/MRT-WB-WESTPOINT-139_Westpoint_Deluxe_Kitchen_Chef_Food_Processor_WF_28_3.jpg,3,Westpoint Deluxe Kitchen Chef Food Processor WF-2803,,,,
westpoint-deluxe-kitchen-chef-food-processor-wf-2804,Westpoint Deluxe Kitchen Chef Food Processor WF-2804,"<p>The Westpoint WF-2804 Deluxe Kitchen Chef provides a versatile solution for everyday food preparation. With multiple processing accessories, a blender, grinding attachments and juicing functions, it helps handle chopping, blending, grinding and ingredient preparation from one convenient kitchen system.</p>",Win Bachat,Home & Garden > Kitchen & Dining > Kitchen Appliances,Home Appliances,"Electronics, Westpoint, Win Bachat, Food Factories",true,Title,Default Title,MRT-WB-WESTPOINT-140,4500,shopify,deny,manual,20768.00,24922.00,TRUE,TRUE,,https://raw.githubusercontent.com/mrfantastic05678/shopify-products/main/public_images/winbachat/MRT-WB-WESTPOINT-140_Westpoint_Deluxe_Kitchen_Chef_Food_Processor_WF_28_1.jpg,1,Westpoint Deluxe Kitchen Chef Food Processor WF-2804,FALSE,Westpoint Kitchen Chef Food Processor WF-2804,"Buy Westpoint WF-2804 Deluxe Kitchen Chef Food Processor with multiple attachments for blending, chopping, grinding, juicing and everyday food preparation.",active
westpoint-deluxe-kitchen-chef-food-processor-wf-2804,,,,,,,,,,,,,,,,,,,,https://raw.githubusercontent.com/mrfantastic05678/shopify-products/main/public_images/winbachat/MRT-WB-WESTPOINT-140_Westpoint_Deluxe_Kitchen_Chef_Food_Processor_WF_28_2.jpg,2,Westpoint Deluxe Kitchen Chef Food Processor WF-2804,,,,
westpoint-deluxe-kitchen-chef-food-processor-wf-2804,,,,,,,,,,,,,,,,,,,,https://raw.githubusercontent.com/mrfantastic05678/shopify-products/main/public_images/winbachat/MRT-WB-WESTPOINT-140_Westpoint_Deluxe_Kitchen_Chef_Food_Processor_WF_28_3.jpg,3,Westpoint Deluxe Kitchen Chef Food Processor WF-2804,,,,
westpoint-deluxe-kitchen-chef-food-processor-wf-2805,Westpoint Deluxe Kitchen Chef Food Processor WF-2805,"<p>The Westpoint WF-2805 Deluxe Kitchen Chef is a multifunctional food preparation system equipped with accessories for processing, blending, grinding and juicing. Its versatile configuration helps reduce the need for separate appliances while making everyday cooking and drink preparation more convenient.</p>",Win Bachat,Home & Garden > Kitchen & Dining > Kitchen Appliances,Home Appliances,"Electronics, Westpoint, Win Bachat, Food Factories",true,Title,Default Title,MRT-WB-WESTPOINT-141,4400,shopify,deny,manual,20768.00,24922.00,TRUE,TRUE,,https://raw.githubusercontent.com/mrfantastic05678/shopify-products/main/public_images/winbachat/MRT-WB-WESTPOINT-141_Westpoint_Deluxe_Kitchen_Chef_Food_Processor_WF_28_1.jpg,1,Westpoint Deluxe Kitchen Chef Food Processor WF-2805,FALSE,Westpoint Kitchen Chef Food Processor WF-2805,"Shop Westpoint WF-2805 Deluxe Kitchen Chef multifunctional food processor with attachments for blending, grinding, juicing and everyday ingredient preparation.",active
westpoint-deluxe-kitchen-chef-food-processor-wf-2805,,,,,,,,,,,,,,,,,,,,https://raw.githubusercontent.com/mrfantastic05678/shopify-products/main/public_images/winbachat/MRT-WB-WESTPOINT-141_Westpoint_Deluxe_Kitchen_Chef_Food_Processor_WF_28_2.jpg,2,Westpoint Deluxe Kitchen Chef Food Processor WF-2805,,,,
westpoint-deluxe-kitchen-chef-food-processor-wf-3804,Westpoint Deluxe Kitchen Chef Food Processor WF-3804,"<p>The Westpoint WF-3804 Deluxe Kitchen Chef combines multiple food preparation functions in one versatile appliance. Designed for everyday kitchen tasks, it includes attachments for food processing, blending and grinding, helping prepare smoothies, chopped ingredients, spices, sauces and more.</p>",Win Bachat,Home & Garden > Kitchen & Dining > Kitchen Appliances,Home Appliances,"Electronics, Westpoint, Win Bachat, Food Factories",true,Title,Default Title,MRT-WB-WESTPOINT-142,4500,shopify,deny,manual,20768.00,24922.00,TRUE,TRUE,,https://raw.githubusercontent.com/mrfantastic05678/shopify-products/main/public_images/winbachat/MRT-WB-WESTPOINT-142_Westpoint_Deluxe_Kitchen_Chef_Food_Processor_WF_38_1.jpg,1,Westpoint Deluxe Kitchen Chef Food Processor WF-3804,FALSE,Westpoint Kitchen Chef Food Processor WF-3804,"Buy Westpoint WF-3804 Deluxe Kitchen Chef Food Processor with versatile attachments for blending, grinding, chopping and everyday meal preparation.",active
westpoint-deluxe-kitchen-chef-food-processor-wf-3804,,,,,,,,,,,,,,,,,,,,https://raw.githubusercontent.com/mrfantastic05678/shopify-products/main/public_images/winbachat/MRT-WB-WESTPOINT-142_Westpoint_Deluxe_Kitchen_Chef_Food_Processor_WF_38_2.jpg,2,Westpoint Deluxe Kitchen Chef Food Processor WF-3804,,,,
westpoint-deluxe-kitchen-chef-food-processor-wf-3804,,,,,,,,,,,,,,,,,,,,https://raw.githubusercontent.com/mrfantastic05678/shopify-products/main/public_images/winbachat/MRT-WB-WESTPOINT-142_Westpoint_Deluxe_Kitchen_Chef_Food_Processor_WF_38_3.jpg,3,Westpoint Deluxe Kitchen Chef Food Processor WF-3804,,,,
westpoint-professional-kitchen-chef-3-in-1-wf-1844,Westpoint Professional Kitchen Chef 3 in 1 WF-1844,"<p>The Westpoint WF-1844 Professional Kitchen Chef combines a juice extractor, blender and grinder in one practical appliance. Powered by a 600W pure copper motor, it is designed for extracting fresh juice, preparing smoothies and beverages, and grinding nuts, spices and other ingredients.</p>",Win Bachat,Home & Garden > Kitchen & Dining > Kitchen Appliances,Home Appliances,"Electronics, Westpoint, Win Bachat, Food Factories",true,Title,Default Title,MRT-WB-WESTPOINT-143,4500,shopify,deny,manual,22302.00,26762.00,TRUE,TRUE,,https://raw.githubusercontent.com/mrfantastic05678/shopify-products/main/public_images/winbachat/MRT-WB-WESTPOINT-143_Westpoint_Professional_Kitchen_Chef_3_in_1_WF_1844_1.jpg,1,Westpoint Professional Kitchen Chef 3 in 1 WF-1844,FALSE,Westpoint 3 in 1 Kitchen Chef WF-1844,"Shop Westpoint WF-1844 Professional 3 in 1 Kitchen Chef with 600W pure copper motor for juicing, blending and grinding everyday ingredients.",active
westpoint-professional-kitchen-chef-3-in-1-wf-1844,,,,,,,,,,,,,,,,,,,,https://raw.githubusercontent.com/mrfantastic05678/shopify-products/main/public_images/winbachat/MRT-WB-WESTPOINT-143_Westpoint_Professional_Kitchen_Chef_3_in_1_WF_1844_2.jpg,2,Westpoint Professional Kitchen Chef 3 in 1 WF-1844,,,,
westpoint-professional-kitchen-chef-wf-1847,Westpoint Professional Kitchen Chef WF-1847,"<p>The Westpoint WF-1847 Professional Kitchen Chef is an all-in-one kitchen appliance designed for versatile food and drink preparation. Its juicing, blending and grinding attachments help prepare fresh juices, smoothies, sauces, spices and other ingredients from one convenient system.</p>",Win Bachat,Home & Garden > Kitchen & Dining > Kitchen Appliances,Home Appliances,"Electronics, Westpoint, Win Bachat, Food Factories",true,Title,Default Title,MRT-WB-WESTPOINT-144,4500,shopify,deny,manual,30444.00,36533.00,TRUE,TRUE,,https://raw.githubusercontent.com/mrfantastic05678/shopify-products/main/public_images/winbachat/MRT-WB-WESTPOINT-144_Westpoint_Professional_Kitchen_Chef_WF_1847_1.jpg,1,Westpoint Professional Kitchen Chef WF-1847,FALSE,Westpoint Professional Kitchen Chef WF-1847,"Buy Westpoint WF-1847 Professional Kitchen Chef with versatile juicing, blending and grinding attachments for convenient everyday food preparation.",active
westpoint-professional-kitchen-chef-wf-1847,,,,,,,,,,,,,,,,,,,,https://raw.githubusercontent.com/mrfantastic05678/shopify-products/main/public_images/winbachat/MRT-WB-WESTPOINT-144_Westpoint_Professional_Kitchen_Chef_WF_1847_2.jpg,2,Westpoint Professional Kitchen Chef WF-1847,,,,
westpoint-professional-kitchen-chef-wf-1847,,,,,,,,,,,,,,,,,,,,https://raw.githubusercontent.com/mrfantastic05678/shopify-products/main/public_images/winbachat/MRT-WB-WESTPOINT-144_Westpoint_Professional_Kitchen_Chef_WF_1847_3.jpg,3,Westpoint Professional Kitchen Chef WF-1847,,,,
westpoint-professional-kitchen-chef-wf-1860,Westpoint Professional Kitchen Chef WF-1860,"<p>The Westpoint WF-1860 Professional Kitchen Chef offers multifunctional performance for busy kitchens. Powered by a 900W pure copper motor, it combines juicing, blending, food processing and grinding capabilities with multiple attachments for preparing drinks, fruits, vegetables, spices and everyday recipes.</p>",Win Bachat,Home & Garden > Kitchen & Dining > Kitchen Appliances,Home Appliances,"Electronics, Westpoint, Win Bachat, Food Factories",true,Title,Default Title,MRT-WB-WESTPOINT-145,4500,shopify,deny,manual,25842.00,31010.00,TRUE,TRUE,,https://raw.githubusercontent.com/mrfantastic05678/shopify-products/main/public_images/winbachat/MRT-WB-WESTPOINT-145_Westpoint_Professional_Kitchen_Chef_WF_1860_1.webp,1,Westpoint Professional Kitchen Chef WF-1860,FALSE,Westpoint 900W Kitchen Chef WF-1860,"Shop Westpoint WF-1860 Professional Kitchen Chef with 900W pure copper motor and multiple attachments for juicing, blending, processing and grinding.",active
westpoint-professional-kitchen-chef-wf-1860,,,,,,,,,,,,,,,,,,,,https://raw.githubusercontent.com/mrfantastic05678/shopify-products/main/public_images/winbachat/MRT-WB-WESTPOINT-145_Westpoint_Professional_Kitchen_Chef_WF_1860_2.jpg,2,Westpoint Professional Kitchen Chef WF-1860,,,,
westpoint-professional-kitchen-chef-wf-1860,,,,,,,,,,,,,,,,,,,,https://raw.githubusercontent.com/mrfantastic05678/shopify-products/main/public_images/winbachat/MRT-WB-WESTPOINT-145_Westpoint_Professional_Kitchen_Chef_WF_1860_3.jpg,3,Westpoint Professional Kitchen Chef WF-1860,,,,
westpoint-deluxe-kitchen-chef-wf-4805,Westpoint Deluxe Kitchen Chef WF-4805,"<p>The Westpoint WF-4805 Deluxe Kitchen Chef is a multifunctional kitchen assistant designed to handle a broad range of food preparation tasks. It combines juicing, blending, chopping, grinding and processing functions with multiple attachments and durable polycarbonate components for convenient everyday use.</p>",Win Bachat,Home & Garden > Kitchen & Dining > Kitchen Appliances,Home Appliances,"Electronics, Westpoint, Win Bachat, Food Factories",true,Title,Default Title,MRT-WB-WESTPOINT-146,4500,shopify,deny,manual,22656.00,27187.00,TRUE,TRUE,,https://raw.githubusercontent.com/mrfantastic05678/shopify-products/main/public_images/winbachat/MRT-WB-WESTPOINT-146_Westpoint_Deluxe_Kitchen_Chef_WF_4805_1.jpg,1,Westpoint Deluxe Kitchen Chef WF-4805,FALSE,Westpoint Deluxe Kitchen Chef WF-4805,"Buy Westpoint WF-4805 Deluxe Kitchen Chef with multifunctional attachments for juicing, blending, chopping, grinding and everyday food processing.",active
westpoint-deluxe-kitchen-chef-wf-4805,,,,,,,,,,,,,,,,,,,,https://raw.githubusercontent.com/mrfantastic05678/shopify-products/main/public_images/winbachat/MRT-WB-WESTPOINT-146_Westpoint_Deluxe_Kitchen_Chef_WF_4805_2.jpg,2,Westpoint Deluxe Kitchen Chef WF-4805,,,,
westpoint-deluxe-kitchen-chef-5-in-1-wf-4806,Westpoint Deluxe Kitchen Chef 5 in 1 WF-4806,"<p>The Westpoint WF-4806 Deluxe Kitchen Chef combines five useful food preparation functions in one versatile appliance. Designed for blending, juicing, grinding, chopping and processing, its multiple attachments help prepare smoothies, fresh juice, vegetables, spices, sauces and other everyday recipes.</p>",Win Bachat,Home & Garden > Kitchen & Dining > Kitchen Appliances,Home Appliances,"Electronics, Westpoint, Win Bachat, Food Factories",true,Title,Default Title,MRT-WB-WESTPOINT-147,4500,shopify,deny,manual,22656.00,27187.00,TRUE,TRUE,,https://raw.githubusercontent.com/mrfantastic05678/shopify-products/main/public_images/winbachat/MRT-WB-WESTPOINT-147_Westpoint_Deluxe_Kitchen_Chef_5_in_1_WF_4806_1.jpg,1,Westpoint Deluxe Kitchen Chef 5 in 1 WF-4806,FALSE,Westpoint 5 in 1 Kitchen Chef WF-4806,"Shop Westpoint WF-4806 Deluxe 5 in 1 Kitchen Chef for blending, juicing, grinding, chopping and food processing with versatile kitchen accessories.",active
westpoint-deluxe-kitchen-chef-5-in-1-wf-4806,,,,,,,,,,,,,,,,,,,,https://raw.githubusercontent.com/mrfantastic05678/shopify-products/main/public_images/winbachat/MRT-WB-WESTPOINT-147_Westpoint_Deluxe_Kitchen_Chef_5_in_1_WF_4806_2.jpg,2,Westpoint Deluxe Kitchen Chef 5 in 1 WF-4806,,,,
westpoint-deluxe-kitchen-chef-5-in-1-wf-4806,,,,,,,,,,,,,,,,,,,,https://raw.githubusercontent.com/mrfantastic05678/shopify-products/main/public_images/winbachat/MRT-WB-WESTPOINT-147_Westpoint_Deluxe_Kitchen_Chef_5_in_1_WF_4806_3.webp,3,Westpoint Deluxe Kitchen Chef 5 in 1 WF-4806,,,,
westpoint-deluxe-kitchen-chef-wf-5805,Westpoint Deluxe Kitchen Chef WF-5805,"<p>The Westpoint WF-5805 Deluxe Kitchen Chef is a versatile multifunctional appliance equipped with juicing, blending, grinding, chopping and food processing accessories. Its unbreakable polycarbonate components and multiple attachments provide a convenient solution for preparing drinks, vegetables, spices and everyday meals.</p>",Win Bachat,Home & Garden > Kitchen & Dining > Kitchen Appliances,Home Appliances,"Electronics, Westpoint, Win Bachat, Food Factories",true,Title,Default Title,MRT-WB-WESTPOINT-148,4500,shopify,deny,manual,22656.00,27187.00,TRUE,TRUE,,https://raw.githubusercontent.com/mrfantastic05678/shopify-products/main/public_images/winbachat/MRT-WB-WESTPOINT-148_Westpoint_Deluxe_Kitchen_Chef_WF_5805_1.png,1,Westpoint Deluxe Kitchen Chef WF-5805,FALSE,Westpoint Deluxe Kitchen Chef WF-5805,"Buy Westpoint WF-5805 Deluxe Kitchen Chef with unbreakable components and versatile attachments for juicing, blending, chopping, grinding and processing.",active
westpoint-deluxe-kitchen-chef-wf-5805,,,,,,,,,,,,,,,,,,,,https://raw.githubusercontent.com/mrfantastic05678/shopify-products/main/public_images/winbachat/MRT-WB-WESTPOINT-148_Westpoint_Deluxe_Kitchen_Chef_WF_5805_2.jpg,2,Westpoint Deluxe Kitchen Chef WF-5805,,,,
westpoint-professional-kitchen-chef-wf-5806,Westpoint Professional Kitchen Chef WF-5806,"<p>The Westpoint WF-5806 Professional Kitchen Chef brings several food preparation functions together in one convenient system. With dedicated accessories for juicing, blending, grinding, chopping and processing, it helps simplify preparation of fresh drinks, fruits, vegetables, spices and everyday recipes.</p>",Win Bachat,Home & Garden > Kitchen & Dining > Kitchen Appliances,Home Appliances,"Electronics, Westpoint, Win Bachat, Food Factories",true,Title,Default Title,MRT-WB-WESTPOINT-149,4500,shopify,deny,manual,22656.00,27187.00,TRUE,TRUE,,https://raw.githubusercontent.com/mrfantastic05678/shopify-products/main/public_images/winbachat/MRT-WB-WESTPOINT-149_Westpoint_Professional_Kitchen_Chef_WF_5806_1.jpg,1,Westpoint Professional Kitchen Chef WF-5806,FALSE,Westpoint Professional Kitchen Chef WF-5806,"Shop Westpoint WF-5806 Professional Kitchen Chef with multiple accessories for juicing, blending, grinding, chopping and versatile food preparation.",active
westpoint-professional-kitchen-chef-wf-5806,,,,,,,,,,,,,,,,,,,,https://raw.githubusercontent.com/mrfantastic05678/shopify-products/main/public_images/winbachat/MRT-WB-WESTPOINT-149_Westpoint_Professional_Kitchen_Chef_WF_5806_2.jpg,2,Westpoint Professional Kitchen Chef WF-5806,,,,
westpoint-professional-kitchen-chef-wf-7805,Westpoint Professional Kitchen Chef WF-7805,"<p>The Westpoint WF-7805 Professional Kitchen Chef is a multifunctional food preparation system designed for everyday kitchen versatility. Featuring gold-plated blades and an unbreakable polycarbonate jar, its attachments support juicing, blending, grinding, chopping and processing a variety of ingredients.</p>",Win Bachat,Home & Garden > Kitchen & Dining > Kitchen Appliances,Home Appliances,"Electronics, Westpoint, Win Bachat, Food Factories",true,Title,Default Title,MRT-WB-WESTPOINT-150,4500,shopify,deny,manual,22656.00,27187.00,TRUE,TRUE,,https://raw.githubusercontent.com/mrfantastic05678/shopify-products/main/public_images/winbachat/MRT-WB-WESTPOINT-150_Westpoint_Professional_Kitchen_Chef_WF_7805_1.jpg,1,Westpoint Professional Kitchen Chef WF-7805,FALSE,Westpoint Professional Kitchen Chef WF-7805,"Buy Westpoint WF-7805 Professional Kitchen Chef with gold-plated blades, unbreakable jar and attachments for juicing, blending, grinding and processing.",active
westpoint-professional-kitchen-chef-wf-7805,,,,,,,,,,,,,,,,,,,,https://raw.githubusercontent.com/mrfantastic05678/shopify-products/main/public_images/winbachat/MRT-WB-WESTPOINT-150_Westpoint_Professional_Kitchen_Chef_WF_7805_2.webp,2,Westpoint Professional Kitchen Chef WF-7805,,,,
westpoint-professional-kitchen-chef-wf-7806,Westpoint Professional Kitchen Chef WF-7806,"<p>The Westpoint WF-7806 Professional Kitchen Chef combines multiple preparation functions into one practical appliance. Its versatile accessories support juicing, blending, grinding, chopping and food processing, making it suitable for preparing fresh drinks, vegetables, spices, sauces and everyday meals.</p>",Win Bachat,Home & Garden > Kitchen & Dining > Kitchen Appliances,Home Appliances,"Electronics, Westpoint, Win Bachat, Food Factories",true,Title,Default Title,MRT-WB-WESTPOINT-151,4500,shopify,deny,manual,22656.00,27187.00,TRUE,TRUE,,https://raw.githubusercontent.com/mrfantastic05678/shopify-products/main/public_images/winbachat/MRT-WB-WESTPOINT-151_Westpoint_Professional_Kitchen_Chef_WF_7806_1.jpg,1,Westpoint Professional Kitchen Chef WF-7806,FALSE,Westpoint Professional Kitchen Chef WF-7806,"Shop Westpoint WF-7806 Professional Kitchen Chef with multifunctional attachments for juicing, blending, chopping, grinding and everyday food processing.",active
westpoint-professional-kitchen-chef-wf-7806,,,,,,,,,,,,,,,,,,,,https://raw.githubusercontent.com/mrfantastic05678/shopify-products/main/public_images/winbachat/MRT-WB-WESTPOINT-151_Westpoint_Professional_Kitchen_Chef_WF_7806_2.jpg,2,Westpoint Professional Kitchen Chef WF-7806,,,,
westpoint-professional-kitchen-robot-wf-8815,Westpoint Professional Kitchen Robot WF-8815,"<p>The Westpoint WF-8815 Professional Kitchen Robot is a multifunctional food processor designed to slice, shred, chop and handle a variety of everyday preparation tasks. It includes a large processing bowl, blender, grinder, citrus juicer and interchangeable accessories for convenient all-in-one kitchen use.</p>",Win Bachat,Home & Garden > Kitchen & Dining > Kitchen Appliances,Home Appliances,"Electronics, Westpoint, Win Bachat, Food Factories",true,Title,Default Title,MRT-WB-WESTPOINT-152,6000,shopify,deny,manual,21948.00,26338.00,TRUE,TRUE,,https://raw.githubusercontent.com/mrfantastic05678/shopify-products/main/public_images/winbachat/MRT-WB-WESTPOINT-152_Westpoint_Professional_Kitchen_Robot_WF_8815_1.jpg,1,Westpoint Professional Kitchen Robot WF-8815,FALSE,Westpoint Professional Kitchen Robot WF-8815,"Buy Westpoint WF-8815 Professional Kitchen Robot with food processor, blender, grinder and citrus juicer for slicing, shredding, chopping and more.",active
westpoint-professional-kitchen-robot-wf-8815,,,,,,,,,,,,,,,,,,,,https://raw.githubusercontent.com/mrfantastic05678/shopify-products/main/public_images/winbachat/MRT-WB-WESTPOINT-152_Westpoint_Professional_Kitchen_Robot_WF_8815_2.jpg,2,Westpoint Professional Kitchen Robot WF-8815,,,,
westpoint-professional-kitchen-robot-wf-8815,,,,,,,,,,,,,,,,,,,,https://raw.githubusercontent.com/mrfantastic05678/shopify-products/main/public_images/winbachat/MRT-WB-WESTPOINT-152_Westpoint_Professional_Kitchen_Robot_WF_8815_3.jpg,3,Westpoint Professional Kitchen Robot WF-8815,,,,
westpoint-professional-robomax-food-processor-wf-8817,Westpoint Professional RoboMax Food Processor WF-8817,"<p>The Westpoint WF-8817 Professional RoboMax provides multiple kitchen solutions from one convenient appliance. Designed for chopping, shredding, slicing, dough kneading, citrus juicing and emulsifying, it also includes blending and grinding accessories for versatile everyday food preparation.</p>",Win Bachat,Home & Garden > Kitchen & Dining > Kitchen Appliances,Home Appliances,"Electronics, Westpoint, Win Bachat, Food Factories",true,Title,Default Title,MRT-WB-WESTPOINT-153,4500,shopify,deny,manual,35400.00,42480.00,TRUE,TRUE,,https://raw.githubusercontent.com/mrfantastic05678/shopify-products/main/public_images/winbachat/MRT-WB-WESTPOINT-153_Westpoint_Professional_RoboMax_Food_Processor_WF_8_1.jpg,1,Westpoint Professional RoboMax Food Processor WF-8817,FALSE,Westpoint RoboMax Food Processor WF-8817,"Shop Westpoint WF-8817 Professional RoboMax for chopping, slicing, shredding, kneading, juicing, blending and grinding with versatile accessories.",active
westpoint-professional-robomax-food-processor-wf-8817,,,,,,,,,,,,,,,,,,,,https://raw.githubusercontent.com/mrfantastic05678/shopify-products/main/public_images/winbachat/MRT-WB-WESTPOINT-153_Westpoint_Professional_RoboMax_Food_Processor_WF_8_2.jpg,2,Westpoint Professional RoboMax Food Processor WF-8817,,,,
westpoint-professional-robomax-food-processor-wf-8817,,,,,,,,,,,,,,,,,,,,https://raw.githubusercontent.com/mrfantastic05678/shopify-products/main/public_images/winbachat/MRT-WB-WESTPOINT-153_Westpoint_Professional_RoboMax_Food_Processor_WF_8_3.webp,3,Westpoint Professional RoboMax Food Processor WF-8817,,,,
westpoint-professional-robomax-multifunction-food-processor-wf-8819,Westpoint Professional RoboMax Multifunction Food Processor WF-8819,"<p>The Westpoint WF-8819 Professional RoboMax is an all-in-one multifunctional kitchen assistant for preparing drinks, vegetables, spices, dough and more. Its extensive range of attachments supports blending, grinding, chopping, slicing, shredding, juicing and other common food preparation tasks.</p>",Win Bachat,Home & Garden > Kitchen & Dining > Kitchen Appliances,Home Appliances,"Electronics, Westpoint, Win Bachat, Food Factories",true,Title,Default Title,MRT-WB-WESTPOINT-154,4500,shopify,deny,manual,42834.00,51401.00,TRUE,TRUE,,https://raw.githubusercontent.com/mrfantastic05678/shopify-products/main/public_images/winbachat/MRT-WB-WESTPOINT-154_Westpoint_Professional_RoboMax_Multifunction_Food__1.jpg,1,Westpoint Professional RoboMax Multifunction Food Processor WF-8819,FALSE,Westpoint Multifunction Food Processor WF-8819,"Buy Westpoint WF-8819 Professional RoboMax multifunction food processor for blending, grinding, chopping, slicing, shredding, juicing and food preparation.",active
westpoint-professional-robomax-multifunction-food-processor-wf-8819,,,,,,,,,,,,,,,,,,,,https://raw.githubusercontent.com/mrfantastic05678/shopify-products/main/public_images/winbachat/MRT-WB-WESTPOINT-154_Westpoint_Professional_RoboMax_Multifunction_Food__2.jpg,2,Westpoint Professional RoboMax Multifunction Food Processor WF-8819,,,,
westpoint-professional-robomax-multifunction-food-processor-wf-8819,,,,,,,,,,,,,,,,,,,,https://raw.githubusercontent.com/mrfantastic05678/shopify-products/main/public_images/winbachat/MRT-WB-WESTPOINT-154_Westpoint_Professional_RoboMax_Multifunction_Food__3.jpg,3,Westpoint Professional RoboMax Multifunction Food Processor WF-8819,,,,
westpoint-deluxe-hand-mixer-wf-9301,Westpoint Deluxe Hand Mixer WF-9301,"<p>The Westpoint WF-9301 Deluxe Hand Mixer makes mixing and whipping ingredients convenient for home baking and cooking. Featuring five speed settings with a turbo function, it comes with beaters and dough hooks for preparing cake mixtures, cream, sauces, batters, dough and other recipes.</p>",Win Bachat,Home & Garden > Kitchen & Dining > Kitchen Appliances,Home Appliances,"Electronics, Westpoint, Win Bachat, Hand Mixer",true,Title,Default Title,MRT-WB-WESTPOINT-155,1100,shopify,deny,manual,7788.00,9346.00,TRUE,TRUE,,https://raw.githubusercontent.com/mrfantastic05678/shopify-products/main/public_images/winbachat/MRT-WB-WESTPOINT-155_Westpoint_Deluxe_Hand_Mixer_WF_9301_1.jpg,1,Westpoint Deluxe Hand Mixer WF-9301,FALSE,Westpoint Deluxe Hand Mixer WF-9301,"Shop Westpoint WF-9301 Deluxe Hand Mixer with 5 speeds, turbo function, beaters and dough hooks for whipping, mixing, baking and dough preparation.",active
westpoint-deluxe-hand-mixer-wf-9301,,,,,,,,,,,,,,,,,,,,https://raw.githubusercontent.com/mrfantastic05678/shopify-products/main/public_images/winbachat/MRT-WB-WESTPOINT-155_Westpoint_Deluxe_Hand_Mixer_WF_9301_2.jpg,2,Westpoint Deluxe Hand Mixer WF-9301,,,,
westpoint-deluxe-hand-mixer-wf-9301,,,,,,,,,,,,,,,,,,,,https://raw.githubusercontent.com/mrfantastic05678/shopify-products/main/public_images/winbachat/MRT-WB-WESTPOINT-155_Westpoint_Deluxe_Hand_Mixer_WF_9301_3.jpg,3,Westpoint Deluxe Hand Mixer WF-9301,,,,
westpoint-deluxe-hand-mixer-wf-9401,Westpoint Deluxe Hand Mixer WF-9401,"<p>The Westpoint WF-9401 Deluxe Hand Mixer is a practical kitchen companion for effortless mixing, beating and whipping. Its lightweight handheld design and twin beaters make it suitable for preparing eggs, cream, cake mixtures, batters and other everyday baking recipes.</p>",Win Bachat,Home & Garden > Kitchen & Dining > Kitchen Appliances,Home Appliances,"Electronics, Westpoint, Win Bachat, Hand Mixer",true,Title,Default Title,MRT-WB-WESTPOINT-156,1100,shopify,deny,manual,7788.00,9346.00,TRUE,TRUE,,https://raw.githubusercontent.com/mrfantastic05678/shopify-products/main/public_images/winbachat/MRT-WB-WESTPOINT-156_Westpoint_Deluxe_Hand_Mixer_WF_9401_1.jpg,1,Westpoint Deluxe Hand Mixer WF-9401,FALSE,Westpoint Deluxe Hand Mixer WF-9401,"Buy Westpoint WF-9401 Deluxe Hand Mixer for convenient mixing, beating and whipping of eggs, cream, cake mixtures, batters and everyday baking recipes.",active
westpoint-deluxe-hand-mixer-wf-9401,,,,,,,,,,,,,,,,,,,,https://raw.githubusercontent.com/mrfantastic05678/shopify-products/main/public_images/winbachat/MRT-WB-WESTPOINT-156_Westpoint_Deluxe_Hand_Mixer_WF_9401_2.jpg,2,Westpoint Deluxe Hand Mixer WF-9401,,,,
westpoint-deluxe-hand-mixer-wf-9401,,,,,,,,,,,,,,,,,,,,https://raw.githubusercontent.com/mrfantastic05678/shopify-products/main/public_images/winbachat/MRT-WB-WESTPOINT-156_Westpoint_Deluxe_Hand_Mixer_WF_9401_3.jpg,3,Westpoint Deluxe Hand Mixer WF-9401,,,,
westpoint-deluxe-hand-mixer-wf-9501,Westpoint Deluxe Hand Mixer WF-9501,"<p>The Westpoint WF-9501 Deluxe Hand Mixer makes everyday baking and food preparation easier with convenient handheld operation. Supplied with beaters and dough hooks, it is suitable for whipping cream, beating eggs, mixing batters and preparing light dough mixtures.</p>",Win Bachat,Home & Garden > Kitchen & Dining > Kitchen Appliances,Home Appliances,"Electronics, Westpoint, Win Bachat, Hand Mixer",true,Title,Default Title,MRT-WB-WESTPOINT-157,1100,shopify,deny,manual,7788.00,9346.00,TRUE,TRUE,,https://raw.githubusercontent.com/mrfantastic05678/shopify-products/main/public_images/winbachat/MRT-WB-WESTPOINT-157_Westpoint_Deluxe_Hand_Mixer_WF_9501_1.jpg,1,Westpoint Deluxe Hand Mixer WF-9501,FALSE,Westpoint Deluxe Hand Mixer WF-9501,"Shop Westpoint WF-9501 Deluxe Hand Mixer with beaters and dough hooks for whipping, beating, mixing batter and convenient everyday baking preparation.",active
westpoint-deluxe-hand-mixer-wf-9501,,,,,,,,,,,,,,,,,,,,https://raw.githubusercontent.com/mrfantastic05678/shopify-products/main/public_images/winbachat/MRT-WB-WESTPOINT-157_Westpoint_Deluxe_Hand_Mixer_WF_9501_2.jpg,2,Westpoint Deluxe Hand Mixer WF-9501,,,,
westpoint-deluxe-hand-mixer-wf-9501,,,,,,,,,,,,,,,,,,,,https://raw.githubusercontent.com/mrfantastic05678/shopify-products/main/public_images/winbachat/MRT-WB-WESTPOINT-157_Westpoint_Deluxe_Hand_Mixer_WF_9501_3.jpg,3,Westpoint Deluxe Hand Mixer WF-9501,,,,
westpoint-deluxe-hand-mixer-wf-9601,Westpoint Deluxe Hand Mixer WF-9601,"<p>The Westpoint WF-9601 Deluxe Hand Mixer provides convenient mixing performance for home baking and cooking. Its handheld design allows easy control while the mixing attachments help with whipping cream, beating eggs and preparing batters, cake mixtures and other recipes.</p>",Win Bachat,Home & Garden > Kitchen & Dining > Kitchen Appliances,Home Appliances,"Electronics, Westpoint, Win Bachat, Hand Mixer",true,Title,Default Title,MRT-WB-WESTPOINT-158,1100,shopify,deny,manual,7788.00,9346.00,TRUE,TRUE,,https://raw.githubusercontent.com/mrfantastic05678/shopify-products/main/public_images/winbachat/MRT-WB-WESTPOINT-158_Westpoint_Deluxe_Hand_Mixer_WF_9601_1.jpg,1,Westpoint Deluxe Hand Mixer WF-9601,FALSE,Westpoint Deluxe Hand Mixer WF-9601,"Buy Westpoint WF-9601 Deluxe Hand Mixer for effortless whipping, beating and mixing of cream, eggs, cake mixtures, batters and everyday baking ingredients.",active
westpoint-deluxe-hand-mixer-wf-9601,,,,,,,,,,,,,,,,,,,,https://raw.githubusercontent.com/mrfantastic05678/shopify-products/main/public_images/winbachat/MRT-WB-WESTPOINT-158_Westpoint_Deluxe_Hand_Mixer_WF_9601_2.jpg,2,Westpoint Deluxe Hand Mixer WF-9601,,,,
westpoint-deluxe-hand-mixer-wf-9701,Westpoint Deluxe Hand Mixer WF-9701,"<p>The Westpoint WF-9701 Deluxe Hand Mixer features multiple speed settings with a turbo function for versatile mixing performance. Complete with beaters and dough hooks, it helps prepare whipped cream, eggs, cake batter, sauces and light dough with greater convenience.</p>",Win Bachat,Home & Garden > Kitchen & Dining > Kitchen Appliances,Home Appliances,"Electronics, Westpoint, Win Bachat, Hand Mixer",true,Title,Default Title,MRT-WB-WESTPOINT-159,1100,shopify,deny,manual,7788.00,9346.00,TRUE,TRUE,,https://raw.githubusercontent.com/mrfantastic05678/shopify-products/main/public_images/winbachat/MRT-WB-WESTPOINT-159_Westpoint_Deluxe_Hand_Mixer_WF_9701_1.jpg,1,Westpoint Deluxe Hand Mixer WF-9701,FALSE,Westpoint Hand Mixer with Turbo WF-9701,"Shop Westpoint WF-9701 Deluxe Hand Mixer with multiple speeds, turbo function, beaters and dough hooks for convenient baking and food preparation.",active
westpoint-deluxe-hand-mixer-wf-9701,,,,,,,,,,,,,,,,,,,,https://raw.githubusercontent.com/mrfantastic05678/shopify-products/main/public_images/winbachat/MRT-WB-WESTPOINT-159_Westpoint_Deluxe_Hand_Mixer_WF_9701_2.jpg,2,Westpoint Deluxe Hand Mixer WF-9701,,,,
westpoint-deluxe-hand-mixer-wf-9701,,,,,,,,,,,,,,,,,,,,https://raw.githubusercontent.com/mrfantastic05678/shopify-products/main/public_images/winbachat/MRT-WB-WESTPOINT-159_Westpoint_Deluxe_Hand_Mixer_WF_9701_3.jpg,3,Westpoint Deluxe Hand Mixer WF-9701,,,,
westpoint-deluxe-hand-blender-wf-4201,Westpoint Deluxe Hand Blender WF-4201,"<p>The Westpoint WF-4201 Deluxe Hand Blender is a multifunctional kitchen appliance designed for blending, chopping and whisking. Its hand blender attachment handles soups, sauces and smoothies, while the chopper and whisk accessories expand its usefulness for everyday food preparation.</p>",Win Bachat,Home & Garden > Kitchen & Dining > Kitchen Appliances,Home Appliances,"Electronics, Westpoint, Win Bachat, Hand Mixer",true,Title,Default Title,MRT-WB-WESTPOINT-160,2500,shopify,deny,manual,12744.00,15293.00,TRUE,TRUE,,https://raw.githubusercontent.com/mrfantastic05678/shopify-products/main/public_images/winbachat/MRT-WB-WESTPOINT-160_Westpoint_Deluxe_Hand_Blender_WF_4201_1.jpg,1,Westpoint Deluxe Hand Blender WF-4201,FALSE,Westpoint Hand Blender 3 in 1 WF-4201,"Buy Westpoint WF-4201 Deluxe 3 in 1 Hand Blender with blending, chopping and whisking accessories for smoothies, sauces and everyday food preparation.",active
westpoint-deluxe-hand-blender-wf-4201,,,,,,,,,,,,,,,,,,,,https://raw.githubusercontent.com/mrfantastic05678/shopify-products/main/public_images/winbachat/MRT-WB-WESTPOINT-160_Westpoint_Deluxe_Hand_Blender_WF_4201_2.jpg,2,Westpoint Deluxe Hand Blender WF-4201,,,,
westpoint-deluxe-hand-blender-wf-4201,,,,,,,,,,,,,,,,,,,,https://raw.githubusercontent.com/mrfantastic05678/shopify-products/main/public_images/winbachat/MRT-WB-WESTPOINT-160_Westpoint_Deluxe_Hand_Blender_WF_4201_3.jpg,3,Westpoint Deluxe Hand Blender WF-4201,,,,
westpoint-deluxe-hand-mixer-hand-blender-wf-9802,Westpoint Deluxe Hand Mixer Hand Blender WF-9802,"<p>The Westpoint WF-9802 combines the convenience of a hand mixer with a hand blender for versatile food preparation. With mixing beaters, dough hooks and a blending attachment, it can help whip, mix, knead and blend a variety of everyday ingredients.</p>",Win Bachat,Home & Garden > Kitchen & Dining > Kitchen Appliances,Home Appliances,"Electronics, Westpoint, Win Bachat, Hand Mixer",true,Title,Default Title,MRT-WB-WESTPOINT-161,2500,shopify,deny,manual,9322.00,11186.00,TRUE,TRUE,,https://raw.githubusercontent.com/mrfantastic05678/shopify-products/main/public_images/winbachat/MRT-WB-WESTPOINT-161_Westpoint_Deluxe_Hand_Mixer_Hand_Blender_WF_9802_1.jpg,1,Westpoint Deluxe Hand Mixer Hand Blender WF-9802,FALSE,Westpoint Hand Mixer & Hand Blender WF-9802,"Shop Westpoint WF-9802 Hand Mixer and Hand Blender with beaters, dough hooks and blending attachment for versatile mixing, whipping and blending.",active
westpoint-deluxe-hand-mixer-hand-blender-wf-9802,,,,,,,,,,,,,,,,,,,,https://raw.githubusercontent.com/mrfantastic05678/shopify-products/main/public_images/winbachat/MRT-WB-WESTPOINT-161_Westpoint_Deluxe_Hand_Mixer_Hand_Blender_WF_9802_2.jpg,2,Westpoint Deluxe Hand Mixer Hand Blender WF-9802,,,,
westpoint-deluxe-hand-mixer-hand-blender-wf-9802,,,,,,,,,,,,,,,,,,,,https://raw.githubusercontent.com/mrfantastic05678/shopify-products/main/public_images/winbachat/MRT-WB-WESTPOINT-161_Westpoint_Deluxe_Hand_Mixer_Hand_Blender_WF_9802_3.jpg,3,Westpoint Deluxe Hand Mixer Hand Blender WF-9802,,,,
westpoint-deluxe-hand-mixer-wf-9806,Westpoint Deluxe Hand Mixer WF-9806,"<p>The Westpoint WF-9806 Deluxe Hand Mixer is designed for smooth and convenient mixing, beating and whipping. Its ergonomic handheld construction and mixing attachments make it useful for preparing eggs, cream, cake mixtures, pancake batter and other home-baking recipes.</p>",Win Bachat,Home & Garden > Kitchen & Dining > Kitchen Appliances,Home Appliances,"Electronics, Westpoint, Win Bachat, Hand Mixer",true,Title,Default Title,MRT-WB-WESTPOINT-162,1100,shopify,deny,manual,8496.00,10195.00,TRUE,TRUE,,https://raw.githubusercontent.com/mrfantastic05678/shopify-products/main/public_images/winbachat/MRT-WB-WESTPOINT-162_Westpoint_Deluxe_Hand_Mixer_WF_9806_1.jpg,1,Westpoint Deluxe Hand Mixer WF-9806,FALSE,Westpoint Deluxe Hand Mixer WF-9806,"Buy Westpoint WF-9806 Deluxe Hand Mixer for mixing, beating and whipping eggs, cream, cake mixtures, pancake batter and other everyday baking recipes.",active
westpoint-deluxe-hand-mixer-wf-9806,,,,,,,,,,,,,,,,,,,,https://raw.githubusercontent.com/mrfantastic05678/shopify-products/main/public_images/winbachat/MRT-WB-WESTPOINT-162_Westpoint_Deluxe_Hand_Mixer_WF_9806_2.webp,2,Westpoint Deluxe Hand Mixer WF-9806,,,,
westpoint-deluxe-hand-mixer-wf-9807,Westpoint Deluxe Hand Mixer WF-9807,"<p>The Westpoint WF-9807 Deluxe Hand Mixer provides convenient handheld mixing for baking and everyday kitchen preparation. Equipped with twin beaters, it helps mix cake batter, beat eggs, whip cream and prepare a variety of soft mixtures with less manual effort.</p>",Win Bachat,Home & Garden > Kitchen & Dining > Kitchen Appliances,Home Appliances,"Electronics, Westpoint, Win Bachat, Hand Mixer",true,Title,Default Title,MRT-WB-WESTPOINT-163,1100,shopify,deny,manual,8496.00,10195.00,TRUE,TRUE,,https://raw.githubusercontent.com/mrfantastic05678/shopify-products/main/public_images/winbachat/MRT-WB-WESTPOINT-163_Westpoint_Deluxe_Hand_Mixer_WF_9807_1.jpg,1,Westpoint Deluxe Hand Mixer WF-9807,FALSE,Westpoint Deluxe Hand Mixer WF-9807,"Shop Westpoint WF-9807 Deluxe Hand Mixer with twin beaters for convenient whipping, beating and mixing of eggs, cream, batters and baking ingredients.",active
westpoint-deluxe-hand-mixer-wf-9807,,,,,,,,,,,,,,,,,,,,https://raw.githubusercontent.com/mrfantastic05678/shopify-products/main/public_images/winbachat/MRT-WB-WESTPOINT-163_Westpoint_Deluxe_Hand_Mixer_WF_9807_2.jpg,2,Westpoint Deluxe Hand Mixer WF-9807,,,,
westpoint-deluxe-hand-mixer-wf-9807,,,,,,,,,,,,,,,,,,,,https://raw.githubusercontent.com/mrfantastic05678/shopify-products/main/public_images/winbachat/MRT-WB-WESTPOINT-163_Westpoint_Deluxe_Hand_Mixer_WF_9807_3.jpg,3,Westpoint Deluxe Hand Mixer WF-9807,,,,
westpoint-deluxe-hand-mixer-wf-9807,,,,,,,,,,,,,,,,,,,,https://raw.githubusercontent.com/mrfantastic05678/shopify-products/main/public_images/winbachat/MRT-WB-WESTPOINT-163_Westpoint_Deluxe_Hand_Mixer_WF_9807_4.jpg,4,Westpoint Deluxe Hand Mixer WF-9807,,,,
westpoint-deluxe-hand-mixer-wf-9901,Westpoint Deluxe Hand Mixer WF-9901,"<p>The Westpoint WF-9901 Deluxe Hand Mixer offers convenient mixing and whipping for everyday baking. Supplied with beaters and dough hooks, it can be used for whipping cream, beating eggs, preparing cake mixtures and working with a variety of light dough and batter recipes.</p>",Win Bachat,Home & Garden > Kitchen & Dining > Kitchen Appliances,Home Appliances,"Electronics, Westpoint, Win Bachat, Hand Mixer",true,Title,Default Title,MRT-WB-WESTPOINT-164,1100,shopify,deny,manual,7788.00,9346.00,TRUE,TRUE,,https://raw.githubusercontent.com/mrfantastic05678/shopify-products/main/public_images/winbachat/MRT-WB-WESTPOINT-164_Westpoint_Deluxe_Hand_Mixer_WF_9901_1.jpg,1,Westpoint Deluxe Hand Mixer WF-9901,FALSE,Westpoint Deluxe Hand Mixer WF-9901,"Buy Westpoint WF-9901 Deluxe Hand Mixer with beaters and dough hooks for whipping cream, beating eggs and preparing cake mixtures, batters and light dough.",active
westpoint-deluxe-hand-mixer-wf-9901,,,,,,,,,,,,,,,,,,,,https://raw.githubusercontent.com/mrfantastic05678/shopify-products/main/public_images/winbachat/MRT-WB-WESTPOINT-164_Westpoint_Deluxe_Hand_Mixer_WF_9901_2.jpg,2,Westpoint Deluxe Hand Mixer WF-9901,,,,
westpoint-deluxe-hand-mixer-wf-9901,,,,,,,,,,,,,,,,,,,,https://raw.githubusercontent.com/mrfantastic05678/shopify-products/main/public_images/winbachat/MRT-WB-WESTPOINT-164_Westpoint_Deluxe_Hand_Mixer_WF_9901_3.jpg,3,Westpoint Deluxe Hand Mixer WF-9901,,,,
westpoint-deluxe-hand-blender-wf-9914,Westpoint Deluxe Hand Blender WF-9914,"<p>The Westpoint WF-9914 Deluxe Hand Blender offers a simple and convenient way to blend ingredients directly in a suitable container. Its immersion blending shaft is ideal for preparing smoothies, soups, sauces, purees and other soft mixtures with less preparation and cleanup.</p>",Win Bachat,Home & Garden > Kitchen & Dining > Kitchen Appliances,Home Appliances,"Electronics, Westpoint, Win Bachat, Hand Mixer",true,Title,Default Title,MRT-WB-WESTPOINT-165,2500,shopify,deny,manual,9322.00,11186.00,TRUE,TRUE,,https://raw.githubusercontent.com/mrfantastic05678/shopify-products/main/public_images/winbachat/MRT-WB-WESTPOINT-165_Westpoint_Deluxe_Hand_Blender_WF_9914_1.jpg,1,Westpoint Deluxe Hand Blender WF-9914,FALSE,Westpoint Deluxe Hand Blender WF-9914,"Shop Westpoint WF-9914 Deluxe Hand Blender for quick preparation of smoothies, soups, sauces, purees and other blended recipes at home.",active
westpoint-deluxe-hand-blender-wf-9914,,,,,,,,,,,,,,,,,,,,https://raw.githubusercontent.com/mrfantastic05678/shopify-products/main/public_images/winbachat/MRT-WB-WESTPOINT-165_Westpoint_Deluxe_Hand_Blender_WF_9914_2.jpg,2,Westpoint Deluxe Hand Blender WF-9914,,,,
westpoint-deluxe-hand-blender-wf-9914,,,,,,,,,,,,,,,,,,,,https://raw.githubusercontent.com/mrfantastic05678/shopify-products/main/public_images/winbachat/MRT-WB-WESTPOINT-165_Westpoint_Deluxe_Hand_Blender_WF_9914_3.jpg,3,Westpoint Deluxe Hand Blender WF-9914,,,,
westpoint-deluxe-hand-blender-wf-9915,Westpoint Deluxe Hand Blender WF-9915,"<p>The Westpoint WF-9915 Deluxe Hand Blender combines powerful immersion blending with additional mixing capability for versatile everyday use. Featuring an 800W pure copper motor and useful attachments, it is suitable for smoothies, soups, sauces, purees and whipped mixtures.</p>",Win Bachat,Home & Garden > Kitchen & Dining > Kitchen Appliances,Home Appliances,"Electronics, Westpoint, Win Bachat, Hand Mixer",true,Title,Default Title,MRT-WB-WESTPOINT-166,2500,shopify,deny,manual,10856.00,13027.00,TRUE,TRUE,,https://raw.githubusercontent.com/mrfantastic05678/shopify-products/main/public_images/winbachat/MRT-WB-WESTPOINT-166_Westpoint_Deluxe_Hand_Blender_WF_9915_1.jpg,1,Westpoint Deluxe Hand Blender WF-9915,FALSE,Westpoint 800W Hand Blender WF-9915,"Buy Westpoint WF-9915 Deluxe Hand Blender with 800W pure copper motor and versatile attachments for smoothies, soups, sauces, purees and mixing.",active
westpoint-deluxe-hand-blender-wf-9915,,,,,,,,,,,,,,,,,,,,https://raw.githubusercontent.com/mrfantastic05678/shopify-products/main/public_images/winbachat/MRT-WB-WESTPOINT-166_Westpoint_Deluxe_Hand_Blender_WF_9915_2.jpg,2,Westpoint Deluxe Hand Blender WF-9915,,,,
westpoint-deluxe-hand-blender-wf-9915,,,,,,,,,,,,,,,,,,,,https://raw.githubusercontent.com/mrfantastic05678/shopify-products/main/public_images/winbachat/MRT-WB-WESTPOINT-166_Westpoint_Deluxe_Hand_Blender_WF_9915_3.jpg,3,Westpoint Deluxe Hand Blender WF-9915,,,,
westpoint-deluxe-hand-blender-3-in-1-wf-9916,Westpoint Deluxe Hand Blender 3 in 1 WF-9916,"<p>The Westpoint WF-9916 Deluxe 3 in 1 Hand Blender is an all-in-one kitchen assistant for blending, chopping and whisking. Its immersion blender, chopper bowl and whisk attachment provide a convenient solution for smoothies, sauces, chopped ingredients, cream and everyday recipes.</p>",Win Bachat,Home & Garden > Kitchen & Dining > Kitchen Appliances,Home Appliances,"Electronics, Westpoint, Win Bachat, Hand Mixer",true,Title,Default Title,MRT-WB-WESTPOINT-167,2500,shopify,deny,manual,14986.00,17983.00,TRUE,TRUE,,https://raw.githubusercontent.com/mrfantastic05678/shopify-products/main/public_images/winbachat/MRT-WB-WESTPOINT-167_Westpoint_Deluxe_Hand_Blender_3_in_1_WF_9916_1.jpg,1,Westpoint Deluxe Hand Blender 3 in 1 WF-9916,FALSE,Westpoint 3 in 1 Hand Blender WF-9916,"Shop Westpoint WF-9916 Deluxe 3 in 1 Hand Blender with blender, chopper and whisk attachments for versatile everyday food preparation.",active
westpoint-deluxe-hand-blender-3-in-1-wf-9916,,,,,,,,,,,,,,,,,,,,https://raw.githubusercontent.com/mrfantastic05678/shopify-products/main/public_images/winbachat/MRT-WB-WESTPOINT-167_Westpoint_Deluxe_Hand_Blender_3_in_1_WF_9916_2.jpg,2,Westpoint Deluxe Hand Blender 3 in 1 WF-9916,,,,
westpoint-deluxe-hand-blender-3-in-1-wf-9916,,,,,,,,,,,,,,,,,,,,https://raw.githubusercontent.com/mrfantastic05678/shopify-products/main/public_images/winbachat/MRT-WB-WESTPOINT-167_Westpoint_Deluxe_Hand_Blender_3_in_1_WF_9916_3.jpg,3,Westpoint Deluxe Hand Blender 3 in 1 WF-9916,,,,
westpoint-deluxe-steel-body-hand-mixer-wf-9801,Westpoint Deluxe Steel Body Hand Mixer WF-9801,"<p>The Westpoint WF-9801 Deluxe Hand Mixer combines a stylish steel-finish body with practical mixing performance. Supplied with beaters and dough hooks, it helps with whipping, beating and mixing tasks for cakes, cream, eggs, batters and light dough recipes.</p>",Win Bachat,Home & Garden > Kitchen & Dining > Kitchen Appliances,Home Appliances,"Electronics, Westpoint, Win Bachat, Hand Mixer",true,Title,Default Title,MRT-WB-WESTPOINT-168,1100,shopify,deny,manual,8260.00,9912.00,TRUE,TRUE,,https://raw.githubusercontent.com/mrfantastic05678/shopify-products/main/public_images/winbachat/MRT-WB-WESTPOINT-168_Westpoint_Deluxe_Steel_Body_Hand_Mixer_WF_9801_1.jpg,1,Westpoint Deluxe Steel Body Hand Mixer WF-9801,FALSE,Westpoint Steel Body Hand Mixer WF-9801,"Buy Westpoint WF-9801 Deluxe Steel Body Hand Mixer with beaters and dough hooks for whipping, beating, mixing batter and everyday baking preparation.",active
westpoint-deluxe-steel-body-hand-mixer-wf-9801,,,,,,,,,,,,,,,,,,,,https://raw.githubusercontent.com/mrfantastic05678/shopify-products/main/public_images/winbachat/MRT-WB-WESTPOINT-168_Westpoint_Deluxe_Steel_Body_Hand_Mixer_WF_9801_2.jpg,2,Westpoint Deluxe Steel Body Hand Mixer WF-9801,,,,
westpoint-deluxe-steel-body-hand-mixer-wf-9801,,,,,,,,,,,,,,,,,,,,https://raw.githubusercontent.com/mrfantastic05678/shopify-products/main/public_images/winbachat/MRT-WB-WESTPOINT-168_Westpoint_Deluxe_Steel_Body_Hand_Mixer_WF_9801_3.jpg,3,Westpoint Deluxe Steel Body Hand Mixer WF-9801,,,,
westpoint-deluxe-steel-body-hand-mixer-wf-9805,Westpoint Deluxe Steel Body Hand Mixer WF-9805,"<p>The Westpoint WF-9805 Deluxe Hand Mixer features a modern steel-finish body and convenient controls for everyday baking. Its mixing attachments help beat eggs, whip cream and prepare pancake batter, cake mixtures and other recipes efficiently and comfortably.</p>",Win Bachat,Home & Garden > Kitchen & Dining > Kitchen Appliances,Home Appliances,"Electronics, Westpoint, Win Bachat, Hand Mixer",true,Title,Default Title,MRT-WB-WESTPOINT-169,1100,shopify,deny,manual,8260.00,9912.00,TRUE,TRUE,,https://raw.githubusercontent.com/mrfantastic05678/shopify-products/main/public_images/winbachat/MRT-WB-WESTPOINT-169_Westpoint_Deluxe_Steel_Body_Hand_Mixer_WF_9805_1.webp,1,Westpoint Deluxe Steel Body Hand Mixer WF-9805,FALSE,Westpoint Steel Body Hand Mixer WF-9805,"Shop Westpoint WF-9805 Deluxe Steel Body Hand Mixer for convenient beating, whipping and mixing of eggs, cream, batters and everyday baking ingredients.",active
westpoint-deluxe-steel-body-hand-mixer-wf-9805,,,,,,,,,,,,,,,,,,,,https://raw.githubusercontent.com/mrfantastic05678/shopify-products/main/public_images/winbachat/MRT-WB-WESTPOINT-169_Westpoint_Deluxe_Steel_Body_Hand_Mixer_WF_9805_2.jpg,2,Westpoint Deluxe Steel Body Hand Mixer WF-9805,,,,
westpoint-deluxe-steel-body-hand-mixer-wf-9805,,,,,,,,,,,,,,,,,,,,https://raw.githubusercontent.com/mrfantastic05678/shopify-products/main/public_images/winbachat/MRT-WB-WESTPOINT-169_Westpoint_Deluxe_Steel_Body_Hand_Mixer_WF_9805_3.jpg,3,Westpoint Deluxe Steel Body Hand Mixer WF-9805,,,,
westpoint-deluxe-hand-blender-wf-9814,Westpoint Deluxe Hand Blender WF-9814,"<p>The Westpoint WF-9814 Deluxe Hand Blender is designed for fast and convenient immersion blending. Its compact handheld form makes it useful for preparing smoothies, shakes, sauces, soups and purees directly in a suitable blending container with minimal setup.</p>",Win Bachat,Home & Garden > Kitchen & Dining > Kitchen Appliances,Home Appliances,"Electronics, Westpoint, Win Bachat, Hand Mixer",true,Title,Default Title,MRT-WB-WESTPOINT-170,2500,shopify,deny,manual,8732.00,10478.00,TRUE,TRUE,,https://raw.githubusercontent.com/mrfantastic05678/shopify-products/main/public_images/winbachat/MRT-WB-WESTPOINT-170_Westpoint_Deluxe_Hand_Blender_WF_9814_1.jpg,1,Westpoint Deluxe Hand Blender WF-9814,FALSE,Westpoint Deluxe Hand Blender WF-9814,"Buy Westpoint WF-9814 Deluxe Hand Blender for convenient preparation of smoothies, shakes, soups, sauces, purees and other blended recipes.",active
westpoint-deluxe-hand-blender-wf-9814,,,,,,,,,,,,,,,,,,,,https://raw.githubusercontent.com/mrfantastic05678/shopify-products/main/public_images/winbachat/MRT-WB-WESTPOINT-170_Westpoint_Deluxe_Hand_Blender_WF_9814_2.jpg,2,Westpoint Deluxe Hand Blender WF-9814,,,,
westpoint-deluxe-hand-blender-wf-9814,,,,,,,,,,,,,,,,,,,,https://raw.githubusercontent.com/mrfantastic05678/shopify-products/main/public_images/winbachat/MRT-WB-WESTPOINT-170_Westpoint_Deluxe_Hand_Blender_WF_9814_3.jpg,3,Westpoint Deluxe Hand Blender WF-9814,,,,
westpoint-deluxe-hand-blender-wf-9815,Westpoint Deluxe Hand Blender WF-9815,"<p>The Westpoint WF-9815 Deluxe Hand Blender combines an immersion blending shaft with an additional whisk attachment for greater versatility. Designed for everyday kitchen use, it can help blend smoothies, soups and sauces while also handling light whisking and whipping tasks.</p>",Win Bachat,Home & Garden > Kitchen & Dining > Kitchen Appliances,Home Appliances,"Electronics, Westpoint, Win Bachat, Hand Mixer",true,Title,Default Title,MRT-WB-WESTPOINT-171,2500,shopify,deny,manual,9381.00,11257.00,TRUE,TRUE,,https://raw.githubusercontent.com/mrfantastic05678/shopify-products/main/public_images/winbachat/MRT-WB-WESTPOINT-171_Westpoint_Deluxe_Hand_Blender_WF_9815_1.jpg,1,Westpoint Deluxe Hand Blender WF-9815,FALSE,Westpoint Hand Blender WF-9815,"Shop Westpoint WF-9815 Deluxe Hand Blender with blending and whisking attachments for smoothies, soups, sauces, whipping and everyday food preparation.",active
westpoint-deluxe-hand-blender-wf-9815,,,,,,,,,,,,,,,,,,,,https://raw.githubusercontent.com/mrfantastic05678/shopify-products/main/public_images/winbachat/MRT-WB-WESTPOINT-171_Westpoint_Deluxe_Hand_Blender_WF_9815_2.webp,2,Westpoint Deluxe Hand Blender WF-9815,,,,
westpoint-deluxe-hand-blender-3-in-1-wf-9816,Westpoint Deluxe Hand Blender 3 in 1 WF-9816,"<p>The Westpoint WF-9816 Deluxe 3 in 1 Hand Blender provides multiple preparation functions in one compact system. With immersion blending, whisking and chopping accessories, it helps prepare smoothies, soups, sauces, chopped vegetables, whipped ingredients and more.</p>",Win Bachat,Home & Garden > Kitchen & Dining > Kitchen Appliances,Home Appliances,"Electronics, Westpoint, Win Bachat, Hand Mixer",true,Title,Default Title,MRT-WB-WESTPOINT-172,2500,shopify,deny,manual,12744.00,15293.00,TRUE,TRUE,,https://raw.githubusercontent.com/mrfantastic05678/shopify-products/main/public_images/winbachat/MRT-WB-WESTPOINT-172_Westpoint_Deluxe_Hand_Blender_3_in_1_WF_9816_1.jpg,1,Westpoint Deluxe Hand Blender 3 in 1 WF-9816,FALSE,Westpoint 3 in 1 Hand Blender WF-9816,"Buy Westpoint WF-9816 Deluxe 3 in 1 Hand Blender with blending, whisking and chopping accessories for convenient everyday food preparation.",active
westpoint-deluxe-hand-blender-3-in-1-wf-9816,,,,,,,,,,,,,,,,,,,,https://raw.githubusercontent.com/mrfantastic05678/shopify-products/main/public_images/winbachat/MRT-WB-WESTPOINT-172_Westpoint_Deluxe_Hand_Blender_3_in_1_WF_9816_2.jpg,2,Westpoint Deluxe Hand Blender 3 in 1 WF-9816,,,,
westpoint-deluxe-hand-blender-3-in-1-wf-9816,,,,,,,,,,,,,,,,,,,,https://raw.githubusercontent.com/mrfantastic05678/shopify-products/main/public_images/winbachat/MRT-WB-WESTPOINT-172_Westpoint_Deluxe_Hand_Blender_3_in_1_WF_9816_3.jpg,3,Westpoint Deluxe Hand Blender 3 in 1 WF-9816,,,,
westpoint-deluxe-stand-mixer-wf-9826,Westpoint Deluxe Stand Mixer WF-9826,"<p>The Westpoint WF-9826 Deluxe Stand Mixer combines a handheld mixer with a convenient stand and mixing bowl for easier baking preparation. Designed for mixing, beating and whipping, it helps prepare cake batter, cream, eggs and other mixtures with reduced manual effort.</p>",Win Bachat,Home & Garden > Kitchen & Dining > Kitchen Appliances,Home Appliances,"Electronics, Westpoint, Win Bachat, Hand Mixer",true,Title,Default Title,MRT-WB-WESTPOINT-173,6000,shopify,deny,manual,12036.00,14443.00,TRUE,TRUE,,https://raw.githubusercontent.com/mrfantastic05678/shopify-products/main/public_images/winbachat/MRT-WB-WESTPOINT-173_Westpoint_Deluxe_Stand_Mixer_WF_9826_1.jpg,1,Westpoint Deluxe Stand Mixer WF-9826,FALSE,Westpoint Deluxe Stand Mixer WF-9826,"Shop Westpoint WF-9826 Deluxe Stand Mixer with mixing bowl for convenient beating, whipping and mixing of cakes, cream, eggs and baking ingredients.",active
westpoint-deluxe-stand-mixer-wf-9826,,,,,,,,,,,,,,,,,,,,https://raw.githubusercontent.com/mrfantastic05678/shopify-products/main/public_images/winbachat/MRT-WB-WESTPOINT-173_Westpoint_Deluxe_Stand_Mixer_WF_9826_2.jpg,2,Westpoint Deluxe Stand Mixer WF-9826,,,,
westpoint-deluxe-stand-mixer-wf-9826,,,,,,,,,,,,,,,,,,,,https://raw.githubusercontent.com/mrfantastic05678/shopify-products/main/public_images/winbachat/MRT-WB-WESTPOINT-173_Westpoint_Deluxe_Stand_Mixer_WF_9826_3.jpg,3,Westpoint Deluxe Stand Mixer WF-9826,,,,
westpoint-deluxe-stand-mixer-wf-9827,Westpoint Deluxe Stand Mixer WF-9827,"<p>The Westpoint WF-9827 Deluxe Stand Mixer is designed to make home baking more convenient with a supported mixer and spacious stainless-steel bowl. It provides an efficient solution for mixing batter, beating eggs and whipping cream while reducing the need for continuous handheld operation.</p>",Win Bachat,Home & Garden > Kitchen & Dining > Kitchen Appliances,Home Appliances,"Electronics, Westpoint, Win Bachat, Hand Mixer",true,Title,Default Title,MRT-WB-WESTPOINT-174,6000,shopify,deny,manual,12036.00,14443.00,TRUE,TRUE,,https://raw.githubusercontent.com/mrfantastic05678/shopify-products/main/public_images/winbachat/MRT-WB-WESTPOINT-174_Westpoint_Deluxe_Stand_Mixer_WF_9827_1.jpg,1,Westpoint Deluxe Stand Mixer WF-9827,FALSE,Westpoint Stand Mixer with Steel Bowl WF-9827,"Buy Westpoint WF-9827 Deluxe Stand Mixer with stainless-steel bowl for convenient mixing, beating and whipping of cakes, cream and baking ingredients.",active
westpoint-1000w-steel-hand-blender-wf-9934,Westpoint 1000W Steel Hand Blender WF-9934,"<p>The Westpoint WF-9934 Steel Hand Blender delivers powerful everyday blending with a 1000W motor and durable immersion shaft. Designed to blend liquids and soft ingredients efficiently, it is suitable for preparing smoothies, shakes, soups, sauces and purees with convenient handheld control.</p>",Win Bachat,Home & Garden > Kitchen & Dining > Kitchen Appliances,Home Appliances,"Electronics, Westpoint, Win Bachat, Hand Mixer",true,Title,Default Title,MRT-WB-WESTPOINT-175,2500,shopify,deny,manual,9204.00,11045.00,TRUE,TRUE,,https://raw.githubusercontent.com/mrfantastic05678/shopify-products/main/public_images/winbachat/MRT-WB-WESTPOINT-175_Westpoint_1000W_Steel_Hand_Blender_WF_9934_1.jpg,1,Westpoint 1000W Steel Hand Blender WF-9934,FALSE,Westpoint 1000W Steel Hand Blender WF-9934,"Shop Westpoint WF-9934 1000W Steel Hand Blender for powerful blending of smoothies, shakes, soups, sauces, purees and soft ingredients at home.",active
westpoint-1000w-steel-hand-blender-wf-9934,,,,,,,,,,,,,,,,,,,,https://raw.githubusercontent.com/mrfantastic05678/shopify-products/main/public_images/winbachat/MRT-WB-WESTPOINT-175_Westpoint_1000W_Steel_Hand_Blender_WF_9934_2.jpg,2,Westpoint 1000W Steel Hand Blender WF-9934,,,,
westpoint-1000w-steel-hand-blender-wf-9934,,,,,,,,,,,,,,,,,,,,https://raw.githubusercontent.com/mrfantastic05678/shopify-products/main/public_images/winbachat/MRT-WB-WESTPOINT-175_Westpoint_1000W_Steel_Hand_Blender_WF_9934_3.jpg,3,Westpoint 1000W Steel Hand Blender WF-9934,,,,
westpoint-deluxe-hand-blender-2-in-1-with-milk-frother-wf-9935,Westpoint Deluxe Hand Blender 2 in 1 with Milk Frother WF-9935,"<p>The Westpoint WF-9935 Deluxe Hand Blender combines powerful blending with convenient milk frothing. Its 1000W high-power motor and stainless-steel blending shaft help prepare smoothies, soups, sauces, purees and shakes, while the milk frother attachment is ideal for creating creamy coffee and milk-based drinks.</p>",Win Bachat,Home & Garden > Kitchen & Dining > Kitchen Appliances,Home Appliances,"Electronics, Westpoint, Win Bachat, Hand Mixer",true,Title,Default Title,MRT-WB-WESTPOINT-176,2500,shopify,deny,manual,9558.00,11470.00,TRUE,TRUE,,https://raw.githubusercontent.com/mrfantastic05678/shopify-products/main/public_images/winbachat/MRT-WB-WESTPOINT-176_Westpoint_Deluxe_Hand_Blender_2_in_1_with_Milk_Fro_1.jpg,1,Westpoint Deluxe Hand Blender 2 in 1 with Milk Frother WF-9935,FALSE,Westpoint 2 in 1 Hand Blender 1000W WF-9935,"Buy Westpoint WF-9935 1000W Hand Blender with milk frother for smoothies, soups, sauces, purees, shakes and creamy coffee drinks.",active
westpoint-deluxe-hand-blender-2-in-1-with-milk-frother-wf-9935,,,,,,,,,,,,,,,,,,,,https://raw.githubusercontent.com/mrfantastic05678/shopify-products/main/public_images/winbachat/MRT-WB-WESTPOINT-176_Westpoint_Deluxe_Hand_Blender_2_in_1_with_Milk_Fro_2.jpg,2,Westpoint Deluxe Hand Blender 2 in 1 with Milk Frother WF-9935,,,,
westpoint-deluxe-hand-blender-3-in-1-wf-9936,Westpoint Deluxe Hand Blender 3 in 1 WF-9936,"<p>The Westpoint WF-9936 Deluxe Hand Blender is a versatile 3-in-1 kitchen essential featuring a 1000W high-power motor. With a stainless-steel blending shaft, whisk and milk frother attachments, it makes blending, whipping and frothing convenient for everyday food and beverage preparation.</p>",Win Bachat,Home & Garden > Kitchen & Dining > Kitchen Appliances,Home Appliances,"Electronics, Westpoint, Win Bachat, Hand Mixer",true,Title,Default Title,MRT-WB-WESTPOINT-177,2500,shopify,deny,manual,10620.00,12744.00,TRUE,TRUE,,https://raw.githubusercontent.com/mrfantastic05678/shopify-products/main/public_images/winbachat/MRT-WB-WESTPOINT-177_Westpoint_Deluxe_Hand_Blender_3_in_1_WF_9936_1.jpg,1,Westpoint Deluxe Hand Blender 3 in 1 WF-9936,FALSE,Westpoint 3 in 1 Hand Blender 1000W WF-9936,"Shop Westpoint WF-9936 1000W 3 in 1 Hand Blender with blending shaft, egg beater and milk frother for versatile everyday kitchen preparation.",active
westpoint-deluxe-hand-blender-3-in-1-wf-9936,,,,,,,,,,,,,,,,,,,,https://raw.githubusercontent.com/mrfantastic05678/shopify-products/main/public_images/winbachat/MRT-WB-WESTPOINT-177_Westpoint_Deluxe_Hand_Blender_3_in_1_WF_9936_2.jpg,2,Westpoint Deluxe Hand Blender 3 in 1 WF-9936,,,,
westpoint-professional-hand-blender-600w-wf-9714,Westpoint Professional Hand Blender 600W WF-9714,"<p>The Westpoint WF-9714 Professional Hand Blender features a 600W motor and durable steel blending rod for efficient everyday blending. Its immersion design helps prepare smoothies, soups, sauces, shakes and purees with convenient handheld control and consistent blending performance.</p>",Win Bachat,Home & Garden > Kitchen & Dining > Kitchen Appliances,Home Appliances,"Electronics, Westpoint, Win Bachat, Hand Mixer",true,Title,Default Title,MRT-WB-WESTPOINT-178,2500,shopify,deny,manual,8732.00,10478.00,TRUE,TRUE,,https://raw.githubusercontent.com/mrfantastic05678/shopify-products/main/public_images/winbachat/MRT-WB-WESTPOINT-178_Westpoint_Professional_Hand_Blender_600W_WF_9714_1.jpg,1,Westpoint Professional Hand Blender 600W WF-9714,FALSE,Westpoint 600W Steel Hand Blender WF-9714,"Buy Westpoint WF-9714 Professional 600W Hand Blender with steel rod for convenient blending of smoothies, soups, sauces, shakes and purees.",active
westpoint-professional-hand-blender-600w-wf-9714,,,,,,,,,,,,,,,,,,,,https://raw.githubusercontent.com/mrfantastic05678/shopify-products/main/public_images/winbachat/MRT-WB-WESTPOINT-178_Westpoint_Professional_Hand_Blender_600W_WF_9714_2.jpg,2,Westpoint Professional Hand Blender 600W WF-9714,,,,
westpoint-professional-hand-blender-600w-wf-9714,,,,,,,,,,,,,,,,,,,,https://raw.githubusercontent.com/mrfantastic05678/shopify-products/main/public_images/winbachat/MRT-WB-WESTPOINT-178_Westpoint_Professional_Hand_Blender_600W_WF_9714_3.jpg,3,Westpoint Professional Hand Blender 600W WF-9714,,,,
westpoint-hand-blender-with-egg-beater-wf-9715,Westpoint Hand Blender with Egg Beater WF-9715,"<p>The Westpoint WF-9715 Hand Blender combines immersion blending and whisking in one convenient appliance. Its steel blending shaft handles smoothies, soups, sauces and purees, while the egg beater attachment is suitable for whipping cream, beating eggs and preparing light mixtures.</p>",Win Bachat,Home & Garden > Kitchen & Dining > Kitchen Appliances,Home Appliances,"Electronics, Westpoint, Win Bachat, Hand Mixer",true,Title,Default Title,MRT-WB-WESTPOINT-179,2500,shopify,deny,manual,9381.00,11257.00,TRUE,TRUE,,https://raw.githubusercontent.com/mrfantastic05678/shopify-products/main/public_images/winbachat/MRT-WB-WESTPOINT-179_Westpoint_Hand_Blender_with_Egg_Beater_WF_9715_1.jpg,1,Westpoint Hand Blender with Egg Beater WF-9715,FALSE,Westpoint Hand Blender with Beater WF-9715,"Shop Westpoint WF-9715 Hand Blender with steel blending rod and egg beater for smoothies, sauces, purees, whipping cream and beating eggs.",active
westpoint-hand-blender-with-egg-beater-wf-9715,,,,,,,,,,,,,,,,,,,,https://raw.githubusercontent.com/mrfantastic05678/shopify-products/main/public_images/winbachat/MRT-WB-WESTPOINT-179_Westpoint_Hand_Blender_with_Egg_Beater_WF_9715_2.jpg,2,Westpoint Hand Blender with Egg Beater WF-9715,,,,
westpoint-deluxe-hand-blender-steel-rod-wf-9214,Westpoint Deluxe Hand Blender Steel Rod WF-9214,"<p>The Westpoint WF-9214 Deluxe Hand Blender provides convenient everyday blending with a durable steel blending rod and easy handheld operation. Ideal for smoothies, shakes, soups, sauces and purees, it allows ingredients to be blended directly in a suitable container with minimal preparation.</p>",Win Bachat,Home & Garden > Kitchen & Dining > Kitchen Appliances,Home Appliances,"Electronics, Westpoint, Win Bachat, Hand Mixer",true,Title,Default Title,MRT-WB-WESTPOINT-180,2500,shopify,deny,manual,8732.00,10478.00,TRUE,TRUE,,https://raw.githubusercontent.com/mrfantastic05678/shopify-products/main/public_images/winbachat/MRT-WB-WESTPOINT-180_Westpoint_Deluxe_Hand_Blender_Steel_Rod_WF_9214_1.jpg,1,Westpoint Deluxe Hand Blender Steel Rod WF-9214,FALSE,Westpoint Steel Rod Hand Blender WF-9214,"Buy Westpoint WF-9214 Deluxe Hand Blender with steel rod for quick preparation of smoothies, shakes, soups, sauces, purees and blended recipes.",active
westpoint-deluxe-hand-blender-steel-rod-wf-9214,,,,,,,,,,,,,,,,,,,,https://raw.githubusercontent.com/mrfantastic05678/shopify-products/main/public_images/winbachat/MRT-WB-WESTPOINT-180_Westpoint_Deluxe_Hand_Blender_Steel_Rod_WF_9214_2.jpg,2,Westpoint Deluxe Hand Blender Steel Rod WF-9214,,,,
westpoint-deluxe-hand-blender-steel-rod-wf-9214,,,,,,,,,,,,,,,,,,,,https://raw.githubusercontent.com/mrfantastic05678/shopify-products/main/public_images/winbachat/MRT-WB-WESTPOINT-180_Westpoint_Deluxe_Hand_Blender_Steel_Rod_WF_9214_3.webp,3,Westpoint Deluxe Hand Blender Steel Rod WF-9214,,,,
westpoint-deluxe-hand-blender-with-egg-beater-wf-9215,Westpoint Deluxe Hand Blender with Egg Beater WF-9215,"<p>The Westpoint WF-9215 Deluxe Hand Blender offers versatile blending and whisking with a steel immersion shaft and egg beater attachment. Use it to prepare smoothies, soups, sauces and purees or switch to the whisk for eggs, cream and other light mixtures.</p>",Win Bachat,Home & Garden > Kitchen & Dining > Kitchen Appliances,Home Appliances,"Electronics, Westpoint, Win Bachat, Hand Mixer",true,Title,Default Title,MRT-WB-WESTPOINT-181,2500,shopify,deny,manual,9381.00,11257.00,TRUE,TRUE,,https://raw.githubusercontent.com/mrfantastic05678/shopify-products/main/public_images/winbachat/MRT-WB-WESTPOINT-181_Westpoint_Deluxe_Hand_Blender_with_Egg_Beater_WF_9_1.jpg,1,Westpoint Deluxe Hand Blender with Egg Beater WF-9215,FALSE,Westpoint Hand Blender with Egg Beater WF-9215,"Shop Westpoint WF-9215 Deluxe Hand Blender with steel rod and egg beater attachment for blending, whisking, whipping and everyday food preparation.",active
westpoint-deluxe-hand-blender-with-egg-beater-wf-9215,,,,,,,,,,,,,,,,,,,,https://raw.githubusercontent.com/mrfantastic05678/shopify-products/main/public_images/winbachat/MRT-WB-WESTPOINT-181_Westpoint_Deluxe_Hand_Blender_with_Egg_Beater_WF_9_2.webp,2,Westpoint Deluxe Hand Blender with Egg Beater WF-9215,,,,
westpoint-deluxe-hand-blender-3-in-1-wf-9216,Westpoint Deluxe Hand Blender 3 in 1 WF-9216,"<p>The Westpoint WF-9216 Deluxe 3 in 1 Hand Blender brings blending, chopping and whisking together in one convenient kitchen appliance. Complete with immersion blender, chopper and whisk accessories, it helps prepare smoothies, sauces, chopped ingredients, whipped cream and more.</p>",Win Bachat,Home & Garden > Kitchen & Dining > Kitchen Appliances,Home Appliances,"Electronics, Westpoint, Win Bachat, Hand Mixer",true,Title,Default Title,MRT-WB-WESTPOINT-182,2500,shopify,deny,manual,12744.00,15293.00,TRUE,TRUE,,https://raw.githubusercontent.com/mrfantastic05678/shopify-products/main/public_images/winbachat/MRT-WB-WESTPOINT-182_Westpoint_Deluxe_Hand_Blender_3_in_1_WF_9216_1.jpg,1,Westpoint Deluxe Hand Blender 3 in 1 WF-9216,FALSE,Westpoint 3 in 1 Hand Blender WF-9216,"Buy Westpoint WF-9216 Deluxe 3 in 1 Hand Blender with blender, chopper and whisk attachments for versatile everyday kitchen preparation.",active
westpoint-deluxe-hand-blender-3-in-1-wf-9216,,,,,,,,,,,,,,,,,,,,https://raw.githubusercontent.com/mrfantastic05678/shopify-products/main/public_images/winbachat/MRT-WB-WESTPOINT-182_Westpoint_Deluxe_Hand_Blender_3_in_1_WF_9216_2.jpg,2,Westpoint Deluxe Hand Blender 3 in 1 WF-9216,,,,
westpoint-deluxe-hand-blender-3-in-1-wf-9216,,,,,,,,,,,,,,,,,,,,https://raw.githubusercontent.com/mrfantastic05678/shopify-products/main/public_images/winbachat/MRT-WB-WESTPOINT-182_Westpoint_Deluxe_Hand_Blender_3_in_1_WF_9216_3.jpg,3,Westpoint Deluxe Hand Blender 3 in 1 WF-9216,,,,
westpoint-deluxe-stand-mixer-wf-4616,Westpoint Deluxe Stand Mixer WF-4616,"<p>The Westpoint WF-4616 Deluxe Stand Mixer is designed for precise whipping, mixing and beating. Featuring planetary mixing action and a powerful 1000W motor, it helps prepare cake mixtures, cream, batter and dough while providing efficient coverage throughout the mixing bowl.</p>",Win Bachat,Home & Garden > Kitchen & Dining > Kitchen Appliances,Home Appliances,"Electronics, Westpoint, Win Bachat, Hand Mixer",true,Title,Default Title,MRT-WB-WESTPOINT-183,6000,shopify,deny,manual,30090.00,36108.00,TRUE,TRUE,,https://raw.githubusercontent.com/mrfantastic05678/shopify-products/main/public_images/winbachat/MRT-WB-WESTPOINT-183_Westpoint_Deluxe_Stand_Mixer_WF_4616_1.jpg,1,Westpoint Deluxe Stand Mixer WF-4616,FALSE,Westpoint 1000W Stand Mixer WF-4616,"Shop Westpoint WF-4616 Deluxe 1000W Stand Mixer with planetary mixing action for whipping, beating, mixing batter and preparing dough.",active
westpoint-deluxe-stand-mixer-wf-4616,,,,,,,,,,,,,,,,,,,,https://raw.githubusercontent.com/mrfantastic05678/shopify-products/main/public_images/winbachat/MRT-WB-WESTPOINT-183_Westpoint_Deluxe_Stand_Mixer_WF_4616_2.jpg,2,Westpoint Deluxe Stand Mixer WF-4616,,,,
westpoint-deluxe-stand-mixer-wf-4616,,,,,,,,,,,,,,,,,,,,https://raw.githubusercontent.com/mrfantastic05678/shopify-products/main/public_images/winbachat/MRT-WB-WESTPOINT-183_Westpoint_Deluxe_Stand_Mixer_WF_4616_3.jpg,3,Westpoint Deluxe Stand Mixer WF-4616,,,,
westpoint-deluxe-stand-mixer-wf-4626,Westpoint Deluxe Stand Mixer WF-4626,"<p>The Westpoint WF-4626 Deluxe Stand Mixer provides convenient hands-free mixing, beating and whipping for home baking. Its sturdy mixing bowl and versatile mixing attachments make it suitable for preparing cakes, cream, batter, dough and a variety of everyday recipes.</p>",Win Bachat,Home & Garden > Kitchen & Dining > Kitchen Appliances,Home Appliances,"Electronics, Westpoint, Win Bachat, Hand Mixer",true,Title,Default Title,MRT-WB-WESTPOINT-184,6000,shopify,deny,manual,30680.00,36816.00,TRUE,TRUE,,https://raw.githubusercontent.com/mrfantastic05678/shopify-products/main/public_images/winbachat/MRT-WB-WESTPOINT-184_Westpoint_Deluxe_Stand_Mixer_WF_4626_1.jpg,1,Westpoint Deluxe Stand Mixer WF-4626,FALSE,Westpoint Deluxe Stand Mixer WF-4626,"Buy Westpoint WF-4626 Deluxe Stand Mixer for convenient mixing, beating, whipping and preparation of cakes, cream, batter and dough at home.",active
westpoint-deluxe-stand-mixer-wf-4626,,,,,,,,,,,,,,,,,,,,https://raw.githubusercontent.com/mrfantastic05678/shopify-products/main/public_images/winbachat/MRT-WB-WESTPOINT-184_Westpoint_Deluxe_Stand_Mixer_WF_4626_2.jpg,2,Westpoint Deluxe Stand Mixer WF-4626,,,,
westpoint-deluxe-stand-mixer-wf-4626,,,,,,,,,,,,,,,,,,,,https://raw.githubusercontent.com/mrfantastic05678/shopify-products/main/public_images/winbachat/MRT-WB-WESTPOINT-184_Westpoint_Deluxe_Stand_Mixer_WF_4626_3.jpg,3,Westpoint Deluxe Stand Mixer WF-4626,,,,
westpoint-deluxe-stand-mixer-with-blender-wf-4627b,Westpoint Deluxe Stand Mixer with Blender WF-4627B,"<p>The Westpoint WF-4627B Deluxe Stand Mixer with Blender combines baking preparation and blending in one versatile appliance. Use the stand mixer for batter, dough, cream and cake mixtures, while the blender attachment provides added convenience for shakes, smoothies and other blended recipes.</p>",Win Bachat,Home & Garden > Kitchen & Dining > Kitchen Appliances,Home Appliances,"Electronics, Westpoint, Win Bachat, Hand Mixer",true,Title,Default Title,MRT-WB-WESTPOINT-185,2500,shopify,deny,manual,34810.00,41772.00,TRUE,TRUE,,https://raw.githubusercontent.com/mrfantastic05678/shopify-products/main/public_images/winbachat/MRT-WB-WESTPOINT-185_Westpoint_Deluxe_Stand_Mixer_with_Blender_WF_4627B_1.jpg,1,Westpoint Deluxe Stand Mixer with Blender WF-4627B,FALSE,Westpoint Stand Mixer with Blender WF-4627B,"Shop Westpoint WF-4627B Stand Mixer with Blender for mixing, beating, whipping, dough preparation, smoothies, shakes and everyday kitchen tasks.",active
westpoint-deluxe-stand-mixer-with-blender-wf-4627b,,,,,,,,,,,,,,,,,,,,https://raw.githubusercontent.com/mrfantastic05678/shopify-products/main/public_images/winbachat/MRT-WB-WESTPOINT-185_Westpoint_Deluxe_Stand_Mixer_with_Blender_WF_4627B_2.webp,2,Westpoint Deluxe Stand Mixer with Blender WF-4627B,,,,
westpoint-deluxe-stand-mixer-with-blender-wf-4627b,,,,,,,,,,,,,,,,,,,,https://raw.githubusercontent.com/mrfantastic05678/shopify-products/main/public_images/winbachat/MRT-WB-WESTPOINT-185_Westpoint_Deluxe_Stand_Mixer_with_Blender_WF_4627B_3.jpg,3,Westpoint Deluxe Stand Mixer with Blender WF-4627B,,,,
westpoint-deluxe-dough-maker-wf-3616,Westpoint Deluxe Dough Maker WF-3616,"<p>The Westpoint WF-3616 Deluxe Dough Maker is designed to simplify dough preparation for everyday home cooking and baking. Its stainless-steel mixing bowl provides a durable preparation area for kneading and mixing dough for bread, pizza, roti and other homemade recipes.</p>",Win Bachat,Home & Garden > Kitchen & Dining > Kitchen Appliances,Home Appliances,"Electronics, Westpoint, Win Bachat, Hand Mixer",true,Title,Default Title,MRT-WB-WESTPOINT-186,5000,shopify,deny,manual,18880.00,22656.00,TRUE,TRUE,,https://raw.githubusercontent.com/mrfantastic05678/shopify-products/main/public_images/winbachat/MRT-WB-WESTPOINT-186_Westpoint_Deluxe_Dough_Maker_WF_3616_1.jpg,1,Westpoint Deluxe Dough Maker WF-3616,FALSE,Westpoint Deluxe Dough Maker WF-3616,"Buy Westpoint WF-3616 Deluxe Dough Maker with stainless-steel bowl for convenient preparation of bread, pizza, roti and homemade dough recipes.",active
westpoint-deluxe-dough-maker-wf-3616,,,,,,,,,,,,,,,,,,,,https://raw.githubusercontent.com/mrfantastic05678/shopify-products/main/public_images/winbachat/MRT-WB-WESTPOINT-186_Westpoint_Deluxe_Dough_Maker_WF_3616_2.jpg,2,Westpoint Deluxe Dough Maker WF-3616,,,,
westpoint-deluxe-dough-maker-wf-3616,,,,,,,,,,,,,,,,,,,,https://raw.githubusercontent.com/mrfantastic05678/shopify-products/main/public_images/winbachat/MRT-WB-WESTPOINT-186_Westpoint_Deluxe_Dough_Maker_WF_3616_3.jpg,3,Westpoint Deluxe Dough Maker WF-3616,,,,
westpoint-professional-stand-mixer-wf-4636,Westpoint Professional Stand Mixer WF-4636,"<p>The Westpoint WF-4636 Professional Stand Mixer provides efficient hands-free mixing, beating and whipping for home bakers. Its spacious stainless-steel bowl and mixing attachments help prepare cake batter, whipped cream, dough and other mixtures with consistent and convenient operation.</p>",Win Bachat,Home & Garden > Kitchen & Dining > Kitchen Appliances,Home Appliances,"Electronics, Westpoint, Win Bachat, Hand Mixer",true,Title,Default Title,MRT-WB-WESTPOINT-187,6000,shopify,deny,manual,37170.00,44604.00,TRUE,TRUE,,https://raw.githubusercontent.com/mrfantastic05678/shopify-products/main/public_images/winbachat/MRT-WB-WESTPOINT-187_Westpoint_Professional_Stand_Mixer_WF_4636_1.jpg,1,Westpoint Professional Stand Mixer WF-4636,FALSE,Westpoint Professional Stand Mixer WF-4636,"Shop Westpoint WF-4636 Professional Stand Mixer with stainless-steel bowl for mixing, beating, whipping and convenient home baking preparation.",active
westpoint-professional-stand-mixer-wf-4636,,,,,,,,,,,,,,,,,,,,https://raw.githubusercontent.com/mrfantastic05678/shopify-products/main/public_images/winbachat/MRT-WB-WESTPOINT-187_Westpoint_Professional_Stand_Mixer_WF_4636_2.jpg,2,Westpoint Professional Stand Mixer WF-4636,,,,
westpoint-professional-stand-mixer-wf-4636,,,,,,,,,,,,,,,,,,,,https://raw.githubusercontent.com/mrfantastic05678/shopify-products/main/public_images/winbachat/MRT-WB-WESTPOINT-187_Westpoint_Professional_Stand_Mixer_WF_4636_3.jpg,3,Westpoint Professional Stand Mixer WF-4636,,,,
westpoint-professional-stand-mixer-wf-4646,Westpoint Professional Stand Mixer WF-4646,"<p>The Westpoint WF-4646 Professional Stand Mixer combines a stylish design with practical hands-free mixing performance. Featuring a stainless-steel bowl and versatile mixing attachments, it is suitable for whipping cream, beating mixtures, preparing cake batter and working with dough.</p>",Win Bachat,Home & Garden > Kitchen & Dining > Kitchen Appliances,Home Appliances,"Electronics, Westpoint, Win Bachat, Hand Mixer",true,Title,Default Title,MRT-WB-WESTPOINT-188,6000,shopify,deny,manual,37170.00,44604.00,TRUE,TRUE,,https://raw.githubusercontent.com/mrfantastic05678/shopify-products/main/public_images/winbachat/MRT-WB-WESTPOINT-188_Westpoint_Professional_Stand_Mixer_WF_4646_1.jpg,1,Westpoint Professional Stand Mixer WF-4646,FALSE,Westpoint Professional Stand Mixer WF-4646,"Buy Westpoint WF-4646 Professional Stand Mixer with stainless-steel bowl for whipping, beating, cake mixing and convenient dough preparation.",active
westpoint-professional-stand-mixer-wf-4646,,,,,,,,,,,,,,,,,,,,https://raw.githubusercontent.com/mrfantastic05678/shopify-products/main/public_images/winbachat/MRT-WB-WESTPOINT-188_Westpoint_Professional_Stand_Mixer_WF_4646_2.jpg,2,Westpoint Professional Stand Mixer WF-4646,,,,
westpoint-professional-stand-mixer-wf-4646,,,,,,,,,,,,,,,,,,,,https://raw.githubusercontent.com/mrfantastic05678/shopify-products/main/public_images/winbachat/MRT-WB-WESTPOINT-188_Westpoint_Professional_Stand_Mixer_WF_4646_3.jpg,3,Westpoint Professional Stand Mixer WF-4646,,,,
westpoint-rotisserie-oven-with-kebab-grill-wf-2800r,Westpoint Rotisserie Oven with Kebab Grill WF-2800R,"<p>The Westpoint WF-2800R Rotisserie Oven with Kebab Grill offers versatile countertop cooking for roasting, baking and grilling. Its rotisserie and kebab-grilling functions make it suitable for preparing chicken, meat, kebabs, baked dishes and a variety of family meals.</p>",Win Bachat,Home & Garden > Kitchen & Dining > Kitchen Appliances,Home Appliances,"Electronics, Westpoint, Win Bachat, Oventoaster, Oven",true,Title,Default Title,MRT-WB-WESTPOINT-189,12000,shopify,deny,manual,27612.00,33134.00,TRUE,TRUE,,https://raw.githubusercontent.com/mrfantastic05678/shopify-products/main/public_images/winbachat/MRT-WB-WESTPOINT-189_Westpoint_Rotisserie_Oven_with_Kebab_Grill_WF_2800_1.jpg,1,Westpoint Rotisserie Oven with Kebab Grill WF-2800R,FALSE,Westpoint Rotisserie Oven & Kebab Grill WF-2800R,"Shop Westpoint WF-2800R Rotisserie Oven with Kebab Grill for roasting, baking and grilling chicken, meat, kebabs and everyday family meals.",active
westpoint-rotisserie-oven-with-kebab-grill-wf-2800r,,,,,,,,,,,,,,,,,,,,https://raw.githubusercontent.com/mrfantastic05678/shopify-products/main/public_images/winbachat/MRT-WB-WESTPOINT-189_Westpoint_Rotisserie_Oven_with_Kebab_Grill_WF_2800_2.jpg,2,Westpoint Rotisserie Oven with Kebab Grill WF-2800R,,,,
westpoint-rotisserie-oven-with-kebab-grill-wf-2800r,,,,,,,,,,,,,,,,,,,,https://raw.githubusercontent.com/mrfantastic05678/shopify-products/main/public_images/winbachat/MRT-WB-WESTPOINT-189_Westpoint_Rotisserie_Oven_with_Kebab_Grill_WF_2800_3.jpg,3,Westpoint Rotisserie Oven with Kebab Grill WF-2800R,,,,
westpoint-deluxe-convection-rotisserie-oven-with-kebab-grill-wf-2310rk,Westpoint Deluxe Convection Rotisserie Oven with Kebab Grill WF-2310RK,"<p>The Westpoint WF-2310RK Deluxe Convection Rotisserie Oven combines convection cooking, rotisserie roasting and kebab grilling in one countertop appliance. Designed for fast, even cooking, it is ideal for whole chicken, kebabs, roasted meat, baked dishes and more.</p>",Win Bachat,Home & Garden > Kitchen & Dining > Kitchen Appliances,Home Appliances,"Electronics, Westpoint, Win Bachat, Oventoaster, Oven",true,Title,Default Title,MRT-WB-WESTPOINT-190,12000,shopify,deny,manual,22774.00,27329.00,TRUE,TRUE,,https://raw.githubusercontent.com/mrfantastic05678/shopify-products/main/public_images/winbachat/MRT-WB-WESTPOINT-190_Westpoint_Deluxe_Convection_Rotisserie_Oven_with_K_1.jpg,1,Westpoint Deluxe Convection Rotisserie Oven with Kebab Grill WF-2310RK,FALSE,Westpoint Convection Rotisserie Oven WF-2310RK,"Buy Westpoint WF-2310RK Convection Rotisserie Oven with Kebab Grill for baking, roasting and grilling whole chicken, kebabs, meat and more.",active
westpoint-deluxe-convection-rotisserie-oven-with-kebab-grill-wf-2310rk,,,,,,,,,,,,,,,,,,,,https://raw.githubusercontent.com/mrfantastic05678/shopify-products/main/public_images/winbachat/MRT-WB-WESTPOINT-190_Westpoint_Deluxe_Convection_Rotisserie_Oven_with_K_2.jpg,2,Westpoint Deluxe Convection Rotisserie Oven with Kebab Grill WF-2310RK,,,,
westpoint-deluxe-convection-rotisserie-oven-with-kebab-grill-wf-2310rk,,,,,,,,,,,,,,,,,,,,https://raw.githubusercontent.com/mrfantastic05678/shopify-products/main/public_images/winbachat/MRT-WB-WESTPOINT-190_Westpoint_Deluxe_Convection_Rotisserie_Oven_with_K_3.jpg,3,Westpoint Deluxe Convection Rotisserie Oven with Kebab Grill WF-2310RK,,,,
westpoint-deluxe-convection-rotisserie-oven-with-kebab-grill-wf-2610,Westpoint Deluxe Convection Rotisserie Oven with Kebab Grill WF-2610,"<p>The Westpoint WF-2610 Deluxe Convection Rotisserie Oven is a versatile countertop solution for roasting, baking and grilling. Its convection system promotes even heat circulation, while rotisserie and kebab-grilling functions make preparing chicken, meat and kebabs convenient.</p>",Win Bachat,Home & Garden > Kitchen & Dining > Kitchen Appliances,Home Appliances,"Electronics, Westpoint, Win Bachat, Oventoaster, Oven",true,Title,Default Title,MRT-WB-WESTPOINT-191,12000,shopify,deny,manual,26904.00,32285.00,TRUE,TRUE,,https://raw.githubusercontent.com/mrfantastic05678/shopify-products/main/public_images/winbachat/MRT-WB-WESTPOINT-191_Westpoint_Deluxe_Convection_Rotisserie_Oven_with_K_1.jpg,1,Westpoint Deluxe Convection Rotisserie Oven with Kebab Grill WF-2610,FALSE,Westpoint Convection Rotisserie Oven WF-2610,"Shop Westpoint WF-2610 Convection Rotisserie Oven with Kebab Grill for convenient baking, roasting, grilling, whole chicken and kebab preparation.",active
westpoint-deluxe-convection-rotisserie-oven-with-kebab-grill-wf-2610,,,,,,,,,,,,,,,,,,,,https://raw.githubusercontent.com/mrfantastic05678/shopify-products/main/public_images/winbachat/MRT-WB-WESTPOINT-191_Westpoint_Deluxe_Convection_Rotisserie_Oven_with_K_2.jpg,2,Westpoint Deluxe Convection Rotisserie Oven with Kebab Grill WF-2610,,,,
westpoint-deluxe-convection-rotisserie-oven-with-kebab-grill-wf-4711rkcd,Westpoint Deluxe Convection Rotisserie Oven with Kebab Grill WF-4711RKCD,"<p>The Westpoint WF-4711RKCD Deluxe Convection Rotisserie Oven brings roasting, baking and grilling together in one versatile countertop appliance. Featuring convection cooking, rotisserie functionality and a kebab grill, it is designed for whole chicken, kebabs, meat and baked dishes.</p>",Win Bachat,Home & Garden > Kitchen & Dining > Kitchen Appliances,Home Appliances,"Electronics, Westpoint, Win Bachat, Oventoaster, Oven",true,Title,Default Title,MRT-WB-WESTPOINT-192,12000,shopify,deny,manual,37642.00,45170.00,TRUE,TRUE,,https://raw.githubusercontent.com/mrfantastic05678/shopify-products/main/public_images/winbachat/MRT-WB-WESTPOINT-192_Westpoint_Deluxe_Convection_Rotisserie_Oven_with_K_1.jpg,1,Westpoint Deluxe Convection Rotisserie Oven with Kebab Grill WF-4711RKCD,FALSE,Westpoint Rotisserie Kebab Grill Oven WF-4711RKCD,"Buy Westpoint WF-4711RKCD Convection Rotisserie Oven with Kebab Grill for roasting whole chicken, grilling kebabs and preparing baked dishes.",active
westpoint-deluxe-convection-rotisserie-oven-with-kebab-grill-wf-4711rkcd,,,,,,,,,,,,,,,,,,,,https://raw.githubusercontent.com/mrfantastic05678/shopify-products/main/public_images/winbachat/MRT-WB-WESTPOINT-192_Westpoint_Deluxe_Convection_Rotisserie_Oven_with_K_2.jpg,2,Westpoint Deluxe Convection Rotisserie Oven with Kebab Grill WF-4711RKCD,,,,
westpoint-deluxe-convection-rotisserie-oven-with-kebab-grill-wf-4711rkcd,,,,,,,,,,,,,,,,,,,,https://raw.githubusercontent.com/mrfantastic05678/shopify-products/main/public_images/winbachat/MRT-WB-WESTPOINT-192_Westpoint_Deluxe_Convection_Rotisserie_Oven_with_K_3.jpg,3,Westpoint Deluxe Convection Rotisserie Oven with Kebab Grill WF-4711RKCD,,,,
westpoint-convection-rotisserie-oven-with-kebab-grill-wf-4800rkc,Westpoint Convection Rotisserie Oven with Kebab Grill WF-4800RKC,"<p>The Westpoint WF-4800RKC Convection Rotisserie Oven provides multiple cooking options for busy kitchens. Designed for baking, roasting and grilling, its rotisserie and kebab-grill functions make it convenient for cooking whole chicken, meat, kebabs, vegetables and baked recipes.</p>",Win Bachat,Home & Garden > Kitchen & Dining > Kitchen Appliances,Home Appliances,"Electronics, Westpoint, Win Bachat, Oventoaster, Oven",true,Title,Default Title,MRT-WB-WESTPOINT-193,12000,shopify,deny,manual,38114.00,45737.00,TRUE,TRUE,,https://raw.githubusercontent.com/mrfantastic05678/shopify-products/main/public_images/winbachat/MRT-WB-WESTPOINT-193_Westpoint_Convection_Rotisserie_Oven_with_Kebab_Gr_1.jpg,1,Westpoint Convection Rotisserie Oven with Kebab Grill WF-4800RKC,FALSE,Westpoint Convection Rotisserie Oven WF-4800RKC,"Shop Westpoint WF-4800RKC Convection Rotisserie Oven with Kebab Grill for baking, roasting and grilling chicken, meat, kebabs and vegetables.",active
westpoint-convection-rotisserie-oven-with-kebab-grill-wf-4800rkc,,,,,,,,,,,,,,,,,,,,https://raw.githubusercontent.com/mrfantastic05678/shopify-products/main/public_images/winbachat/MRT-WB-WESTPOINT-193_Westpoint_Convection_Rotisserie_Oven_with_Kebab_Gr_2.jpg,2,Westpoint Convection Rotisserie Oven with Kebab Grill WF-4800RKC,,,,
westpoint-oven-toaster-wf-7500,Westpoint Oven Toaster WF-7500,"<p>The Westpoint WF-7500 Oven Toaster is a versatile countertop appliance designed for convenient baking, roasting, grilling and reheating. Its spacious oven chamber and straightforward controls make it suitable for preparing snacks, baked dishes, roasted foods and everyday family meals.</p>",Win Bachat,Home & Garden > Kitchen & Dining > Kitchen Appliances,Home Appliances,"Electronics, Westpoint, Win Bachat, Oventoaster",true,Title,Default Title,MRT-WB-WESTPOINT-194,12000,shopify,deny,manual,48380.00,58056.00,TRUE,TRUE,,https://raw.githubusercontent.com/mrfantastic05678/shopify-products/main/public_images/winbachat/MRT-WB-WESTPOINT-194_Westpoint_Oven_Toaster_WF_7500_1.jpg,1,Westpoint Oven Toaster WF-7500,FALSE,Westpoint Oven Toaster WF-7500,"Buy Westpoint WF-7500 Oven Toaster for convenient baking, roasting, grilling and reheating of snacks, baked dishes and everyday family meals.",active
westpoint-oven-toaster-wf-7500,,,,,,,,,,,,,,,,,,,,https://raw.githubusercontent.com/mrfantastic05678/shopify-products/main/public_images/winbachat/MRT-WB-WESTPOINT-194_Westpoint_Oven_Toaster_WF_7500_2.jpg,2,Westpoint Oven Toaster WF-7500,,,,
westpoint-professional-convection-rotisserie-oven-with-kebab-grill-wf-5500rkcd,Westpoint Professional Convection Rotisserie Oven with Kebab Grill WF-5500RKCD,"<p>The Westpoint WF-5500RKCD Professional Convection Rotisserie Oven combines multifunctional cooking with powerful 1800W heating and a smart control panel. Designed for precision baking, roasting and grilling, it handles kebabs, chicken, meat and a wide variety of oven-cooked dishes.</p>",Win Bachat,Home & Garden > Kitchen & Dining > Kitchen Appliances,Home Appliances,"Electronics, Westpoint, Win Bachat, Oventoaster, Oven",true,Title,Default Title,MRT-WB-WESTPOINT-195,12000,shopify,deny,manual,41418.00,49702.00,TRUE,TRUE,,https://raw.githubusercontent.com/mrfantastic05678/shopify-products/main/public_images/winbachat/MRT-WB-WESTPOINT-195_Westpoint_Professional_Convection_Rotisserie_Oven__1.jpg,1,Westpoint Professional Convection Rotisserie Oven with Kebab Grill WF-5500RKCD,FALSE,Westpoint 1800W Convection Oven WF-5500RKCD,Shop Westpoint WF-5500RKCD 1800W Professional Convection Rotisserie Oven with Kebab Grill and smart controls for versatile countertop cooking.,active
westpoint-professional-convection-rotisserie-oven-with-kebab-grill-wf-5500rkcd,,,,,,,,,,,,,,,,,,,,https://raw.githubusercontent.com/mrfantastic05678/shopify-products/main/public_images/winbachat/MRT-WB-WESTPOINT-195_Westpoint_Professional_Convection_Rotisserie_Oven__2.jpg,2,Westpoint Professional Convection Rotisserie Oven with Kebab Grill WF-5500RKCD,,,,
westpoint-deluxe-convection-rotisserie-oven-with-kebab-grill-wf-4500rkc,Westpoint Deluxe Convection Rotisserie Oven with Kebab Grill WF-4500RKC,"<p>Prepare delicious roasts, kebabs, grilled dishes and more with the Westpoint WF-4500RKC Deluxe Convection Rotisserie Oven. Designed for versatile everyday cooking, it combines convection heating with rotisserie and kebab-grill functionality. Its spacious oven chamber, multiple control knobs and convenient glass door make it a practical addition to the modern kitchen.</p>",Win Bachat,Home & Garden > Kitchen & Dining > Kitchen Appliances,Home Appliances,"Electronics, Westpoint, Win Bachat, Oventoaster, Oven",true,Title,Default Title,MRT-WB-WESTPOINT-196,12000,shopify,deny,manual,36698.00,44038.00,TRUE,TRUE,,https://raw.githubusercontent.com/mrfantastic05678/shopify-products/main/public_images/winbachat/MRT-WB-WESTPOINT-196_Westpoint_Deluxe_Convection_Rotisserie_Oven_with_K_1.jpg,1,Westpoint Deluxe Convection Rotisserie Oven with Kebab Grill WF-4500RKC,FALSE,Westpoint WF-4500RKC Convection Rotisserie Oven & Kebab Grill,"Shop Westpoint WF-4500RKC Deluxe Convection Rotisserie Oven with Kebab Grill for convenient roasting, grilling and everyday home cooking.",active
westpoint-deluxe-convection-rotisserie-oven-with-kebab-grill-wf-4500rkc,,,,,,,,,,,,,,,,,,,,https://raw.githubusercontent.com/mrfantastic05678/shopify-products/main/public_images/winbachat/MRT-WB-WESTPOINT-196_Westpoint_Deluxe_Convection_Rotisserie_Oven_with_K_2.jpg,2,Westpoint Deluxe Convection Rotisserie Oven with Kebab Grill WF-4500RKC,,,,
westpoint-deluxe-convection-rotisserie-oven-with-kebab-grill-wf-6300rkc,Westpoint Deluxe Convection Rotisserie Oven with Kebab Grill WF-6300RKC,"<p>Cook everything from kebabs to whole chicken with the Westpoint WF-6300RKC Deluxe Convection Rotisserie Oven. Featuring rotisserie and kebab-grill functionality, this versatile appliance is suitable for roasting, baking and grilling a variety of meals. The roomy interior and easy-to-use controls make home cooking simple and convenient.</p>",Win Bachat,Home & Garden > Kitchen & Dining > Kitchen Appliances,Home Appliances,"Electronics, Westpoint, Win Bachat, Oventoaster, Oven",true,Title,Default Title,MRT-WB-WESTPOINT-197,12000,shopify,deny,manual,45076.00,54091.00,TRUE,TRUE,,https://raw.githubusercontent.com/mrfantastic05678/shopify-products/main/public_images/winbachat/MRT-WB-WESTPOINT-197_Westpoint_Deluxe_Convection_Rotisserie_Oven_with_K_1.jpg,1,Westpoint Deluxe Convection Rotisserie Oven with Kebab Grill WF-6300RKC,FALSE,Westpoint WF-6300RKC Convection Rotisserie Oven with Kebab Grill,"Buy Westpoint WF-6300RKC Deluxe Convection Rotisserie Oven with Kebab Grill, designed for roasting, baking, grilling and preparing kebabs at home.",active
westpoint-deluxe-convection-rotisserie-oven-with-kebab-grill-wf-6300rkc,,,,,,,,,,,,,,,,,,,,https://raw.githubusercontent.com/mrfantastic05678/shopify-products/main/public_images/winbachat/MRT-WB-WESTPOINT-197_Westpoint_Deluxe_Convection_Rotisserie_Oven_with_K_2.jpg,2,Westpoint Deluxe Convection Rotisserie Oven with Kebab Grill WF-6300RKC,,,,
westpoint-deluxe-convection-rotisserie-oven-with-kebab-grill-wf-6300rkc,,,,,,,,,,,,,,,,,,,,https://raw.githubusercontent.com/mrfantastic05678/shopify-products/main/public_images/winbachat/MRT-WB-WESTPOINT-197_Westpoint_Deluxe_Convection_Rotisserie_Oven_with_K_3.jpg,3,Westpoint Deluxe Convection Rotisserie Oven with Kebab Grill WF-6300RKC,,,,
westpoint-deluxe-citrus-juicer-wf-545,Westpoint Deluxe Citrus Juicer WF-545,"<p>Enjoy fresh homemade citrus juice with the Westpoint WF-545 Deluxe Citrus Juicer. Its convenient jug-style design collects juice neatly while the integrated citrus cone helps extract juice from oranges, lemons and other citrus fruits. The comfortable handle and transparent container make serving and monitoring juice easy.</p>",Win Bachat,Home & Garden > Kitchen & Dining > Kitchen Appliances,Home Appliances,"Electronics, Westpoint, Win Bachat, Citrus Juicer, Juicers",true,Title,Default Title,MRT-WB-WESTPOINT-198,1500,shopify,deny,manual,7080.00,8496.00,TRUE,TRUE,,https://raw.githubusercontent.com/mrfantastic05678/shopify-products/main/public_images/winbachat/MRT-WB-WESTPOINT-198_Westpoint_Deluxe_Citrus_Juicer_WF_545_1.jpg,1,Westpoint Deluxe Citrus Juicer WF-545,FALSE,Westpoint WF-545 Deluxe Citrus Juicer,"Shop Westpoint WF-545 Deluxe Citrus Juicer for quick and convenient preparation of fresh orange, lemon and other citrus juices at home.",active
westpoint-deluxe-citrus-juicer-wf-545,,,,,,,,,,,,,,,,,,,,https://raw.githubusercontent.com/mrfantastic05678/shopify-products/main/public_images/winbachat/MRT-WB-WESTPOINT-198_Westpoint_Deluxe_Citrus_Juicer_WF_545_2.jpg,2,Westpoint Deluxe Citrus Juicer WF-545,,,,
westpoint-deluxe-citrus-juicer-wf-545,,,,,,,,,,,,,,,,,,,,https://raw.githubusercontent.com/mrfantastic05678/shopify-products/main/public_images/winbachat/MRT-WB-WESTPOINT-198_Westpoint_Deluxe_Citrus_Juicer_WF_545_3.jpg,3,Westpoint Deluxe Citrus Juicer WF-545,,,,
westpoint-deluxe-citrus-juicer-wf-550,Westpoint Deluxe Citrus Juicer WF-550,"<p>Start your day with freshly squeezed juice using the Westpoint WF-550 Deluxe Citrus Juicer. Designed for convenient citrus extraction, it features a transparent juice container, easy-pour handle and compact countertop design. Ideal for preparing fresh orange, lemon and grapefruit juice for everyday enjoyment.</p>",Win Bachat,Home & Garden > Kitchen & Dining > Kitchen Appliances,Home Appliances,"Electronics, Westpoint, Win Bachat, Citrus Juicer, Juicers",true,Title,Default Title,MRT-WB-WESTPOINT-199,1500,shopify,deny,manual,7316.00,8779.00,TRUE,TRUE,,https://raw.githubusercontent.com/mrfantastic05678/shopify-products/main/public_images/winbachat/MRT-WB-WESTPOINT-199_Westpoint_Deluxe_Citrus_Juicer_WF_550_1.jpg,1,Westpoint Deluxe Citrus Juicer WF-550,FALSE,Westpoint WF-550 Deluxe Citrus Juicer,"Buy Westpoint WF-550 Deluxe Citrus Juicer with a convenient juice container, ideal for preparing fresh orange, lemon and citrus juice at home.",active
westpoint-deluxe-citrus-juicer-wf-550,,,,,,,,,,,,,,,,,,,,https://raw.githubusercontent.com/mrfantastic05678/shopify-products/main/public_images/winbachat/MRT-WB-WESTPOINT-199_Westpoint_Deluxe_Citrus_Juicer_WF_550_2.jpg,2,Westpoint Deluxe Citrus Juicer WF-550,,,,
westpoint-deluxe-citrus-juicer-wf-550,,,,,,,,,,,,,,,,,,,,https://raw.githubusercontent.com/mrfantastic05678/shopify-products/main/public_images/winbachat/MRT-WB-WESTPOINT-199_Westpoint_Deluxe_Citrus_Juicer_WF_550_3.jpg,3,Westpoint Deluxe Citrus Juicer WF-550,,,,
westpoint-deluxe-stainless-steel-citrus-juicer-wf-553,Westpoint Deluxe Stainless Steel Citrus Juicer WF-553,"<p>Make fresh citrus juice effortlessly with the Westpoint WF-553 Deluxe Citrus Juicer. Featuring an attractive stainless-steel body, detachable juice cone and collector tray, stainless-steel pouring spout and simple one-press operation, it combines practical performance with a modern countertop design.</p>",Win Bachat,Home & Garden > Kitchen & Dining > Kitchen Appliances,Home Appliances,"Electronics, Westpoint, Win Bachat, Citrus Juicer, Juicers",true,Title,Default Title,MRT-WB-WESTPOINT-200,1500,shopify,deny,manual,11800.00,14160.00,TRUE,TRUE,,https://raw.githubusercontent.com/mrfantastic05678/shopify-products/main/public_images/winbachat/MRT-WB-WESTPOINT-200_Westpoint_Deluxe_Stainless_Steel_Citrus_Juicer_WF__1.jpg,1,Westpoint Deluxe Stainless Steel Citrus Juicer WF-553,FALSE,Westpoint WF-553 Stainless Steel Citrus Juicer,Shop Westpoint WF-553 Deluxe Stainless Steel Citrus Juicer with detachable components and one-press operation for convenient fresh citrus juice preparation.,active
westpoint-deluxe-stainless-steel-citrus-juicer-wf-553,,,,,,,,,,,,,,,,,,,,https://raw.githubusercontent.com/mrfantastic05678/shopify-products/main/public_images/winbachat/MRT-WB-WESTPOINT-200_Westpoint_Deluxe_Stainless_Steel_Citrus_Juicer_WF__2.jpg,2,Westpoint Deluxe Stainless Steel Citrus Juicer WF-553,,,,
westpoint-deluxe-stainless-steel-citrus-juicer-wf-553,,,,,,,,,,,,,,,,,,,,https://raw.githubusercontent.com/mrfantastic05678/shopify-products/main/public_images/winbachat/MRT-WB-WESTPOINT-200_Westpoint_Deluxe_Stainless_Steel_Citrus_Juicer_WF__3.webp,3,Westpoint Deluxe Stainless Steel Citrus Juicer WF-553,,,,
westpoint-deluxe-citrus-juicer-wf-546,Westpoint Deluxe Citrus Juicer WF-546,"<p>Squeeze the best out of your favorite citrus fruits with the Westpoint WF-546 Deluxe Citrus Juicer. Its compact design features a transparent graduated juice container with a convenient handle, making it easy to prepare, measure and serve fresh juice. A practical choice for oranges, lemons and other citrus fruits.</p>",Win Bachat,Home & Garden > Kitchen & Dining > Kitchen Appliances,Home Appliances,"Electronics, Westpoint, Win Bachat, Citrus Juicer, Juicers",true,Title,Default Title,MRT-WB-WESTPOINT-201,1500,shopify,deny,manual,6879.40,8255.00,TRUE,TRUE,,https://raw.githubusercontent.com/mrfantastic05678/shopify-products/main/public_images/winbachat/MRT-WB-WESTPOINT-201_Westpoint_Deluxe_Citrus_Juicer_WF_546_1.jpg,1,Westpoint Deluxe Citrus Juicer WF-546,FALSE,Westpoint WF-546 Deluxe Citrus Juicer,Buy Westpoint WF-546 Deluxe Citrus Juicer with a transparent measuring container for convenient preparation of fresh citrus juice at home.,active
westpoint-deluxe-citrus-juicer-wf-546,,,,,,,,,,,,,,,,,,,,https://raw.githubusercontent.com/mrfantastic05678/shopify-products/main/public_images/winbachat/MRT-WB-WESTPOINT-201_Westpoint_Deluxe_Citrus_Juicer_WF_546_2.jpg,2,Westpoint Deluxe Citrus Juicer WF-546,,,,
westpoint-deluxe-citrus-juicer-wf-546,,,,,,,,,,,,,,,,,,,,https://raw.githubusercontent.com/mrfantastic05678/shopify-products/main/public_images/winbachat/MRT-WB-WESTPOINT-201_Westpoint_Deluxe_Citrus_Juicer_WF_546_3.jpg,3,Westpoint Deluxe Citrus Juicer WF-546,,,,
westpoint-deluxe-stainless-steel-citrus-juicer-wf-554,Westpoint Deluxe Stainless Steel Citrus Juicer WF-554,"<p>Enjoy refreshing citrus drinks with the Westpoint WF-554 Deluxe Citrus Juicer. Its stylish stainless-steel body and integrated citrus cone provide a convenient solution for extracting juice from oranges, lemons and similar fruits. The compact design fits neatly on kitchen counters and is suitable for everyday use.</p>",Win Bachat,Home & Garden > Kitchen & Dining > Kitchen Appliances,Home Appliances,"Electronics, Westpoint, Win Bachat, Citrus Juicer, Juicers",true,Title,Default Title,MRT-WB-WESTPOINT-202,1500,shopify,deny,manual,11800.00,14160.00,TRUE,TRUE,,https://raw.githubusercontent.com/mrfantastic05678/shopify-products/main/public_images/winbachat/MRT-WB-WESTPOINT-202_Westpoint_Deluxe_Stainless_Steel_Citrus_Juicer_WF__1.jpg,1,Westpoint Deluxe Stainless Steel Citrus Juicer WF-554,FALSE,Westpoint WF-554 Stainless Steel Citrus Juicer,"Shop Westpoint WF-554 Deluxe Stainless Steel Citrus Juicer for convenient preparation of fresh orange, lemon and other citrus juices.",active
westpoint-deluxe-stainless-steel-citrus-juicer-wf-554,,,,,,,,,,,,,,,,,,,,https://raw.githubusercontent.com/mrfantastic05678/shopify-products/main/public_images/winbachat/MRT-WB-WESTPOINT-202_Westpoint_Deluxe_Stainless_Steel_Citrus_Juicer_WF__2.jpg,2,Westpoint Deluxe Stainless Steel Citrus Juicer WF-554,,,,
westpoint-deluxe-stainless-steel-citrus-juicer-wf-554,,,,,,,,,,,,,,,,,,,,https://raw.githubusercontent.com/mrfantastic05678/shopify-products/main/public_images/winbachat/MRT-WB-WESTPOINT-202_Westpoint_Deluxe_Stainless_Steel_Citrus_Juicer_WF__3.jpg,3,Westpoint Deluxe Stainless Steel Citrus Juicer WF-554,,,,
westpoint-deluxe-2-slice-sandwich-maker-wf-639,Westpoint Deluxe 2-Slice Sandwich Maker WF-639,"<p>Prepare hot, crispy sandwiches quickly with the Westpoint WF-639 Deluxe Sandwich Maker. Designed to toast two sandwiches at a time, its triangular sandwich plates help create neatly sealed portions with a golden finish. The compact body and convenient handle make it ideal for breakfast, snacks and light meals.</p>",Win Bachat,Home & Garden > Kitchen & Dining > Kitchen Appliances,Home Appliances,"Electronics, Westpoint, Win Bachat, Sandwich Maker",true,Title,Default Title,MRT-WB-WESTPOINT-203,2000,shopify,deny,manual,7198.00,8638.00,TRUE,TRUE,,https://raw.githubusercontent.com/mrfantastic05678/shopify-products/main/public_images/winbachat/MRT-WB-WESTPOINT-203_Westpoint_Deluxe_2_Slice_Sandwich_Maker_WF_639_1.jpg,1,Westpoint Deluxe 2-Slice Sandwich Maker WF-639,FALSE,Westpoint WF-639 Deluxe 2-Slice Sandwich Maker,"Buy Westpoint WF-639 Deluxe 2-Slice Sandwich Maker for quick toasted sandwiches, breakfast and everyday snacks with convenient home preparation.",active
westpoint-deluxe-2-slice-sandwich-maker-wf-639,,,,,,,,,,,,,,,,,,,,https://raw.githubusercontent.com/mrfantastic05678/shopify-products/main/public_images/winbachat/MRT-WB-WESTPOINT-203_Westpoint_Deluxe_2_Slice_Sandwich_Maker_WF_639_2.jpg,2,Westpoint Deluxe 2-Slice Sandwich Maker WF-639,,,,
westpoint-deluxe-2-slice-sandwich-toaster-wf-671,Westpoint Deluxe 2-Slice Sandwich Toaster WF-671,"<p>Make tasty toasted sandwiches at home with the Westpoint WF-671 Deluxe 2-Slice Sandwich Toaster. Its compact design is suitable for preparing two slices at a time, making it a convenient appliance for breakfast, school lunches and quick snacks. Simple operation makes everyday sandwich preparation easier.</p>",Win Bachat,Home & Garden > Kitchen & Dining > Kitchen Appliances,Home Appliances,"Electronics, Westpoint, Win Bachat, Sandwich Maker, Toasters",true,Title,Default Title,MRT-WB-WESTPOINT-204,2000,shopify,deny,manual,7198.00,8638.00,TRUE,TRUE,,https://raw.githubusercontent.com/mrfantastic05678/shopify-products/main/public_images/winbachat/MRT-WB-WESTPOINT-204_Westpoint_Deluxe_2_Slice_Sandwich_Toaster_WF_671_1.jpg,1,Westpoint Deluxe 2-Slice Sandwich Toaster WF-671,FALSE,Westpoint WF-671 Deluxe 2-Slice Sandwich Toaster,"Shop Westpoint WF-671 Deluxe 2-Slice Sandwich Toaster for quick and convenient preparation of crispy sandwiches, breakfast and snacks at home.",active
westpoint-deluxe-2-slice-sandwich-toaster-wf-671,,,,,,,,,,,,,,,,,,,,https://raw.githubusercontent.com/mrfantastic05678/shopify-products/main/public_images/winbachat/MRT-WB-WESTPOINT-204_Westpoint_Deluxe_2_Slice_Sandwich_Toaster_WF_671_2.jpg,2,Westpoint Deluxe 2-Slice Sandwich Toaster WF-671,,,,
westpoint-deluxe-2-slice-sandwich-maker-wf-694,Westpoint Deluxe 2-Slice Sandwich Maker WF-694,"<p>Prepare warm and delicious sandwiches with the Westpoint WF-694 2-Slice Sandwich Maker. Featuring a sleek, durable-looking body, comfortable carrying handle and compact design, it is well suited to quick breakfasts and snacks. The closed cooking design helps toast sandwiches conveniently from both sides.</p>",Win Bachat,Home & Garden > Kitchen & Dining > Kitchen Appliances,Home Appliances,"Electronics, Westpoint, Win Bachat, Sandwich Maker",true,Title,Default Title,MRT-WB-WESTPOINT-205,2000,shopify,deny,manual,7198.00,8638.00,TRUE,TRUE,,https://raw.githubusercontent.com/mrfantastic05678/shopify-products/main/public_images/winbachat/MRT-WB-WESTPOINT-205_Westpoint_Deluxe_2_Slice_Sandwich_Maker_WF_694_1.jpg,1,Westpoint Deluxe 2-Slice Sandwich Maker WF-694,FALSE,Westpoint WF-694 2-Slice Sandwich Maker,"Buy Westpoint WF-694 2-Slice Sandwich Maker for convenient toasted sandwiches and quick snacks, featuring a compact design for everyday kitchen use.",active
westpoint-deluxe-2-slice-sandwich-maker-with-grill-wf-6696,Westpoint Deluxe 2-Slice Sandwich Maker with Grill WF-6696,<p>Enjoy toasted sandwiches and grilled snacks with the Westpoint WF-6696 Deluxe 2-Slice Sandwich Maker with Grill. Its versatile cooking plates and compact body make it suitable for preparing sandwiches and other quick grilled foods. The large handle and closed cooking design offer convenient everyday operation.</p>,Win Bachat,Home & Garden > Kitchen & Dining > Kitchen Appliances,Home Appliances,"Electronics, Westpoint, Win Bachat, Sandwich Maker",true,Title,Default Title,MRT-WB-WESTPOINT-206,2000,shopify,deny,manual,12154.00,14585.00,TRUE,TRUE,,https://raw.githubusercontent.com/mrfantastic05678/shopify-products/main/public_images/winbachat/MRT-WB-WESTPOINT-206_Westpoint_Deluxe_2_Slice_Sandwich_Maker_with_Grill_1.jpg,1,Westpoint Deluxe 2-Slice Sandwich Maker with Grill WF-6696,FALSE,Westpoint WF-6696 2-Slice Sandwich Maker with Grill,"Shop Westpoint WF-6696 Deluxe 2-Slice Sandwich Maker with Grill for convenient toasted sandwiches, grilled snacks and quick everyday meals.",active
westpoint-deluxe-2-slice-sandwich-maker-with-grill-wf-6696,,,,,,,,,,,,,,,,,,,,https://raw.githubusercontent.com/mrfantastic05678/shopify-products/main/public_images/winbachat/MRT-WB-WESTPOINT-206_Westpoint_Deluxe_2_Slice_Sandwich_Maker_with_Grill_2.jpg,2,Westpoint Deluxe 2-Slice Sandwich Maker with Grill WF-6696,,,,
westpoint-deluxe-2-slice-sandwich-toaster-wf-6697,Westpoint Deluxe 2-Slice Sandwich Toaster WF-6697,"<p>Westpoint Deluxe 2-Slice Sandwich Toaster WF-6697. Designed with non-stick coated plates, power indicator lights, cool-touch handle and compact storage for quick breakfast preparation.</p>",Win Bachat,Home & Garden > Kitchen & Dining > Kitchen Appliances,Home Appliances,"Electronics, Westpoint, Win Bachat, Sandwich Maker, Toasters, Kitchen Appliances",false,Title,Default Title,MRT-WB-WESTPOINT-207,2000,shopify,deny,manual,12154.00,14585.00,TRUE,TRUE,,https://raw.githubusercontent.com/mrfantastic05678/shopify-products/main/public_images/winbachat/MRT-WB-WESTPOINT-207_Westpoint_Deluxe_2_Slice_Sandwich_Toaster_WF_6697_1.avif,1,Westpoint Deluxe 2-Slice Sandwich Toaster WF-6697,FALSE,Westpoint Deluxe 2-Slice Sandwich Toaster WF-6697,Buy Westpoint Deluxe 2-Slice Sandwich Toaster WF-6697 with non-stick grill plates and cool touch handle at Win Bachat.,draft
westpoint-deluxe-sandwich-toaster-wf-6686,Westpoint Deluxe Sandwich Toaster WF-6686,"<p>Prepare warm, crispy sandwiches in minutes with the Westpoint WF-6686 Deluxe Sandwich Toaster. Its triangular cooking plates help toast and seal sandwiches into convenient portions, while the compact body and easy-grip handle make it practical for everyday breakfasts and snacks.</p>",Win Bachat,Home & Garden > Kitchen & Dining > Kitchen Appliances,Home Appliances,"Electronics, Westpoint, Win Bachat, Sandwich Maker, Toasters",true,Title,Default Title,MRT-WB-WESTPOINT-208,2000,shopify,deny,manual,7552.00,9062.00,TRUE,TRUE,,https://raw.githubusercontent.com/mrfantastic05678/shopify-products/main/public_images/winbachat/MRT-WB-WESTPOINT-208_Westpoint_Deluxe_Sandwich_Toaster_WF_6686_1.jpg,1,Westpoint Deluxe Sandwich Toaster WF-6686,FALSE,Westpoint WF-6686 Deluxe Sandwich Toaster,"Buy Westpoint WF-6686 Deluxe Sandwich Toaster for quick, crispy and evenly toasted sandwiches. Ideal for breakfast, snacks and everyday home use.",active
westpoint-deluxe-sandwich-toaster-wf-6686,,,,,,,,,,,,,,,,,,,,https://raw.githubusercontent.com/mrfantastic05678/shopify-products/main/public_images/winbachat/MRT-WB-WESTPOINT-208_Westpoint_Deluxe_Sandwich_Toaster_WF_6686_2.jpg,2,Westpoint Deluxe Sandwich Toaster WF-6686,,,,
westpoint-deluxe-sandwich-toaster-wf-6686,,,,,,,,,,,,,,,,,,,,https://raw.githubusercontent.com/mrfantastic05678/shopify-products/main/public_images/winbachat/MRT-WB-WESTPOINT-208_Westpoint_Deluxe_Sandwich_Toaster_WF_6686_3.webp,3,Westpoint Deluxe Sandwich Toaster WF-6686,,,,
westpoint-deluxe-3-in-1-sandwich-toaster-wf-6393,Westpoint Deluxe 3-in-1 Sandwich Toaster WF-6393,"<p>Enjoy greater versatility with the Westpoint WF-6393 Deluxe 3-in-1 Sandwich Toaster. Designed for convenient everyday cooking, this multifunction appliance is suitable for preparing toasted sandwiches, grilled snacks and other quick meals with interchangeable cooking options.</p>",Win Bachat,Home & Garden > Kitchen & Dining > Kitchen Appliances,Home Appliances,"Electronics, Westpoint, Win Bachat, Sandwich Maker, Toasters",true,Title,Default Title,MRT-WB-WESTPOINT-209,2000,shopify,deny,manual,12154.00,14585.00,TRUE,TRUE,,https://raw.githubusercontent.com/mrfantastic05678/shopify-products/main/public_images/winbachat/MRT-WB-WESTPOINT-209_Westpoint_Deluxe_3_in_1_Sandwich_Toaster_WF_6393_1.png,1,Westpoint Deluxe 3-in-1 Sandwich Toaster WF-6393,FALSE,Westpoint WF-6393 3-in-1 Sandwich Toaster,"Shop Westpoint WF-6393 Deluxe 3-in-1 Sandwich Toaster for making crispy sandwiches, grilled snacks and quick meals conveniently at home.",active
westpoint-deluxe-3-in-1-sandwich-toaster-wf-6393,,,,,,,,,,,,,,,,,,,,https://raw.githubusercontent.com/mrfantastic05678/shopify-products/main/public_images/winbachat/MRT-WB-WESTPOINT-209_Westpoint_Deluxe_3_in_1_Sandwich_Toaster_WF_6393_2.jpg,2,Westpoint Deluxe 3-in-1 Sandwich Toaster WF-6393,,,,
westpoint-deluxe-3-in-1-sandwich-maker-wf-6093,Westpoint Deluxe 3-in-1 Sandwich Maker WF-6093,"<p>Make a variety of delicious snacks with the Westpoint WF-6093 Deluxe 3-in-1 Sandwich Maker. Its interchangeable plates are designed for toast, grilling and waffles, giving you multiple cooking options in one compact appliance. Ideal for breakfast, evening snacks and quick homemade treats.</p>",Win Bachat,Home & Garden > Kitchen & Dining > Kitchen Appliances,Home Appliances,"Electronics, Westpoint, Win Bachat, Sandwich Maker",true,Title,Default Title,MRT-WB-WESTPOINT-210,2000,shopify,deny,manual,12154.00,14585.00,TRUE,TRUE,,https://raw.githubusercontent.com/mrfantastic05678/shopify-products/main/public_images/winbachat/MRT-WB-WESTPOINT-210_Westpoint_Deluxe_3_in_1_Sandwich_Maker_WF_6093_1.jpg,1,Westpoint Deluxe 3-in-1 Sandwich Maker WF-6093,FALSE,Westpoint WF-6093 3-in-1 Sandwich Maker,"Buy Westpoint WF-6093 Deluxe 3-in-1 Sandwich Maker with toast, grill and waffle options for convenient breakfasts, snacks and homemade treats.",active
westpoint-deluxe-3-in-1-sandwich-maker-wf-6093,,,,,,,,,,,,,,,,,,,,https://raw.githubusercontent.com/mrfantastic05678/shopify-products/main/public_images/winbachat/MRT-WB-WESTPOINT-210_Westpoint_Deluxe_3_in_1_Sandwich_Maker_WF_6093_2.jpg,2,Westpoint Deluxe 3-in-1 Sandwich Maker WF-6093,,,,
westpoint-deluxe-3-in-1-sandwich-maker-wf-6093,,,,,,,,,,,,,,,,,,,,https://raw.githubusercontent.com/mrfantastic05678/shopify-products/main/public_images/winbachat/MRT-WB-WESTPOINT-210_Westpoint_Deluxe_3_in_1_Sandwich_Maker_WF_6093_3.jpg,3,Westpoint Deluxe 3-in-1 Sandwich Maker WF-6093,,,,
westpoint-deluxe-3-in-1-sandwich-maker-wf-6193,Westpoint Deluxe 3-in-1 Sandwich Maker WF-6193,"<p>Prepare sandwiches, grilled snacks and waffles with the versatile Westpoint WF-6193 Deluxe 3-in-1 Sandwich Maker. Interchangeable cooking plates let you switch between different foods, while its compact countertop design makes it an excellent choice for everyday home cooking.</p>",Win Bachat,Home & Garden > Kitchen & Dining > Kitchen Appliances,Home Appliances,"Electronics, Westpoint, Win Bachat, Sandwich Maker",true,Title,Default Title,MRT-WB-WESTPOINT-211,2000,shopify,deny,manual,12154.00,14585.00,TRUE,TRUE,,https://raw.githubusercontent.com/mrfantastic05678/shopify-products/main/public_images/winbachat/MRT-WB-WESTPOINT-211_Westpoint_Deluxe_3_in_1_Sandwich_Maker_WF_6193_1.jpg,1,Westpoint Deluxe 3-in-1 Sandwich Maker WF-6193,FALSE,Westpoint WF-6193 3-in-1 Sandwich Maker,"Shop Westpoint WF-6193 Deluxe 3-in-1 Sandwich Maker with interchangeable toast, grill and waffle plates for easy everyday snack preparation.",active
westpoint-deluxe-3-in-1-sandwich-maker-wf-6193,,,,,,,,,,,,,,,,,,,,https://raw.githubusercontent.com/mrfantastic05678/shopify-products/main/public_images/winbachat/MRT-WB-WESTPOINT-211_Westpoint_Deluxe_3_in_1_Sandwich_Maker_WF_6193_2.jpg,2,Westpoint Deluxe 3-in-1 Sandwich Maker WF-6193,,,,
westpoint-deluxe-3-in-1-sandwich-maker-wf-6193,,,,,,,,,,,,,,,,,,,,https://raw.githubusercontent.com/mrfantastic05678/shopify-products/main/public_images/winbachat/MRT-WB-WESTPOINT-211_Westpoint_Deluxe_3_in_1_Sandwich_Maker_WF_6193_3.jpg,3,Westpoint Deluxe 3-in-1 Sandwich Maker WF-6193,,,,
westpoint-deluxe-3-in-1-sandwich-toaster-wf-6293,Westpoint Deluxe 3-in-1 Sandwich Toaster WF-6293,"<p>Add versatility to your kitchen with the Westpoint WF-6293 Deluxe 3-in-1 Sandwich Toaster. Designed for making waffles, grilled foods and toasted sandwiches, this multifunction appliance offers convenient cooking options in one compact unit for breakfast and snack preparation.</p>",Win Bachat,Home & Garden > Kitchen & Dining > Kitchen Appliances,Home Appliances,"Electronics, Westpoint, Win Bachat, Sandwich Maker, Toasters",true,Title,Default Title,MRT-WB-WESTPOINT-212,2000,shopify,deny,manual,12154.00,14585.00,TRUE,TRUE,,https://raw.githubusercontent.com/mrfantastic05678/shopify-products/main/public_images/winbachat/MRT-WB-WESTPOINT-212_Westpoint_Deluxe_3_in_1_Sandwich_Toaster_WF_6293_1.jpg,1,Westpoint Deluxe 3-in-1 Sandwich Toaster WF-6293,FALSE,Westpoint WF-6293 3-in-1 Sandwich Toaster,"Buy Westpoint WF-6293 Deluxe 3-in-1 Sandwich Toaster for waffles, grilling and toasted sandwiches. A versatile appliance for quick homemade snacks.",active
westpoint-deluxe-3-in-1-sandwich-toaster-wf-6293,,,,,,,,,,,,,,,,,,,,https://raw.githubusercontent.com/mrfantastic05678/shopify-products/main/public_images/winbachat/MRT-WB-WESTPOINT-212_Westpoint_Deluxe_3_in_1_Sandwich_Toaster_WF_6293_2.jpg,2,Westpoint Deluxe 3-in-1 Sandwich Toaster WF-6293,,,,
westpoint-deluxe-3-in-1-sandwich-toaster-wf-6293,,,,,,,,,,,,,,,,,,,,https://raw.githubusercontent.com/mrfantastic05678/shopify-products/main/public_images/winbachat/MRT-WB-WESTPOINT-212_Westpoint_Deluxe_3_in_1_Sandwich_Toaster_WF_6293_3.jpg,3,Westpoint Deluxe 3-in-1 Sandwich Toaster WF-6293,,,,
westpoint-deluxe-ceramic-cooker-wf-142,Westpoint Deluxe Ceramic Cooker WF-142,<p>Cook conveniently with the Westpoint WF-142 Deluxe Ceramic Cooker. Its smooth ceramic cooking surface delivers a modern countertop cooking solution and is compatible with a variety of cookware materials. Touch-style controls and a digital display provide convenient operation for everyday meal preparation.</p>,Win Bachat,Home & Garden > Kitchen & Dining > Kitchen Appliances,Home Appliances,"Electronics, Westpoint, Win Bachat, Roti Maker / Induction Cooker / Hot Plate",true,Title,Default Title,MRT-WB-WESTPOINT-213,2800,shopify,deny,manual,18290.00,21948.00,TRUE,TRUE,,https://raw.githubusercontent.com/mrfantastic05678/shopify-products/main/public_images/winbachat/MRT-WB-WESTPOINT-213_Westpoint_Deluxe_Ceramic_Cooker_WF_142_1.jpg,1,Westpoint Deluxe Ceramic Cooker WF-142,FALSE,Westpoint WF-142 Deluxe Ceramic Cooker,Shop Westpoint WF-142 Deluxe Ceramic Cooker with digital controls and a smooth cooking surface for convenient and versatile everyday meal preparation.,active
westpoint-deluxe-ceramic-cooker-wf-142,,,,,,,,,,,,,,,,,,,,https://raw.githubusercontent.com/mrfantastic05678/shopify-products/main/public_images/winbachat/MRT-WB-WESTPOINT-213_Westpoint_Deluxe_Ceramic_Cooker_WF_142_2.jpg,2,Westpoint Deluxe Ceramic Cooker WF-142,,,,
westpoint-deluxe-ceramic-cooker-wf-142,,,,,,,,,,,,,,,,,,,,https://raw.githubusercontent.com/mrfantastic05678/shopify-products/main/public_images/winbachat/MRT-WB-WESTPOINT-213_Westpoint_Deluxe_Ceramic_Cooker_WF_142_3.jpg,3,Westpoint Deluxe Ceramic Cooker WF-142,,,,
westpoint-deluxe-induction-cooker-wf-143,Westpoint Deluxe Induction Cooker WF-143,"<p>Heat and cook meals conveniently with the Westpoint WF-143 Deluxe Induction Cooker. Featuring a sleek glass cooking surface, digital display and easy controls, it offers a compact solution for everyday cooking. Its portable design makes it suitable for kitchens where space and convenience matter.</p>",Win Bachat,Home & Garden > Kitchen & Dining > Kitchen Appliances,Home Appliances,"Electronics, Westpoint, Win Bachat, Roti Maker / Induction Cooker / Hot Plate",true,Title,Default Title,MRT-WB-WESTPOINT-214,2800,shopify,deny,manual,20650.00,24780.00,TRUE,TRUE,,https://raw.githubusercontent.com/mrfantastic05678/shopify-products/main/public_images/winbachat/MRT-WB-WESTPOINT-214_Westpoint_Deluxe_Induction_Cooker_WF_143_1.jpg,1,Westpoint Deluxe Induction Cooker WF-143,FALSE,Westpoint WF-143 Deluxe Induction Cooker,"Buy Westpoint WF-143 Deluxe Induction Cooker with digital controls and sleek glass surface for fast, convenient and space-saving everyday cooking.",active
westpoint-deluxe-induction-cooker-wf-143,,,,,,,,,,,,,,,,,,,,https://raw.githubusercontent.com/mrfantastic05678/shopify-products/main/public_images/winbachat/MRT-WB-WESTPOINT-214_Westpoint_Deluxe_Induction_Cooker_WF_143_2.jpg,2,Westpoint Deluxe Induction Cooker WF-143,,,,
westpoint-deluxe-induction-cooker-wf-143,,,,,,,,,,,,,,,,,,,,https://raw.githubusercontent.com/mrfantastic05678/shopify-products/main/public_images/winbachat/MRT-WB-WESTPOINT-214_Westpoint_Deluxe_Induction_Cooker_WF_143_3.jpg,3,Westpoint Deluxe Induction Cooker WF-143,,,,
westpoint-deluxe-hot-plate-wf-271,Westpoint Deluxe Hot Plate WF-271,"<p>Enjoy convenient countertop cooking with the Westpoint WF-271 Deluxe Hot Plate. The single cooking plate and adjustable control knob provide a simple solution for preparing or heating meals. Its compact freestanding design is useful for kitchens, offices and other spaces requiring an additional cooking surface.</p>",Win Bachat,Home & Garden > Kitchen & Dining > Kitchen Appliances,Home Appliances,"Electronics, Westpoint, Win Bachat, Roti Maker / Induction Cooker / Hot Plate",true,Title,Default Title,MRT-WB-WESTPOINT-215,2800,shopify,deny,manual,10030.00,12036.00,TRUE,TRUE,,https://raw.githubusercontent.com/mrfantastic05678/shopify-products/main/public_images/winbachat/MRT-WB-WESTPOINT-215_Westpoint_Deluxe_Hot_Plate_WF_271_1.jpg,1,Westpoint Deluxe Hot Plate WF-271,FALSE,Westpoint WF-271 Deluxe Single Hot Plate,"Shop Westpoint WF-271 Deluxe Single Hot Plate with convenient temperature control, ideal for compact kitchens and additional everyday cooking space.",active
westpoint-deluxe-hot-plate-wf-271,,,,,,,,,,,,,,,,,,,,https://raw.githubusercontent.com/mrfantastic05678/shopify-products/main/public_images/winbachat/MRT-WB-WESTPOINT-215_Westpoint_Deluxe_Hot_Plate_WF_271_2.webp,2,Westpoint Deluxe Hot Plate WF-271,,,,
westpoint-deluxe-hot-plate-wf-271,,,,,,,,,,,,,,,,,,,,https://raw.githubusercontent.com/mrfantastic05678/shopify-products/main/public_images/winbachat/MRT-WB-WESTPOINT-215_Westpoint_Deluxe_Hot_Plate_WF_271_3.jpg,3,Westpoint Deluxe Hot Plate WF-271,,,,
westpoint-deluxe-double-hot-plate-wf-272,Westpoint Deluxe Double Hot Plate WF-272,"<p>Expand your cooking space with the Westpoint WF-272 Deluxe Double Hot Plate. Equipped with two independently sized cooking plates and convenient control knobs, it lets you prepare multiple dishes without a conventional stove. Its countertop design is practical for homes and compact kitchens.</p>",Win Bachat,Home & Garden > Kitchen & Dining > Kitchen Appliances,Home Appliances,"Electronics, Westpoint, Win Bachat, Roti Maker / Induction Cooker / Hot Plate",true,Title,Default Title,MRT-WB-WESTPOINT-216,5000,shopify,deny,manual,14396.00,17275.00,TRUE,TRUE,,https://raw.githubusercontent.com/mrfantastic05678/shopify-products/main/public_images/winbachat/MRT-WB-WESTPOINT-216_Westpoint_Deluxe_Double_Hot_Plate_WF_272_1.jpg,1,Westpoint Deluxe Double Hot Plate WF-272,FALSE,Westpoint WF-272 Deluxe Double Hot Plate,Buy Westpoint WF-272 Deluxe Double Hot Plate with two cooking zones and convenient controls for flexible meal preparation in compact kitchen spaces.,active
westpoint-deluxe-double-hot-plate-wf-272,,,,,,,,,,,,,,,,,,,,https://raw.githubusercontent.com/mrfantastic05678/shopify-products/main/public_images/winbachat/MRT-WB-WESTPOINT-216_Westpoint_Deluxe_Double_Hot_Plate_WF_272_2.jpg,2,Westpoint Deluxe Double Hot Plate WF-272,,,,
westpoint-deluxe-double-hot-plate-wf-272,,,,,,,,,,,,,,,,,,,,https://raw.githubusercontent.com/mrfantastic05678/shopify-products/main/public_images/winbachat/MRT-WB-WESTPOINT-216_Westpoint_Deluxe_Double_Hot_Plate_WF_272_3.jpg,3,Westpoint Deluxe Double Hot Plate WF-272,,,,
westpoint-professional-single-hot-plate-wf-251,Westpoint Professional Single Hot Plate WF-251,"<p>The Westpoint WF-251 Professional Hot Plate provides a practical additional cooking surface for everyday meal preparation. Featuring a single high-quality cast-iron plate, adjustable temperature controller and power indicator light, its compact design is suitable for kitchens with limited space.</p>",Win Bachat,Home & Garden > Kitchen & Dining > Kitchen Appliances,Home Appliances,"Electronics, Westpoint, Win Bachat, Roti Maker / Induction Cooker / Hot Plate",true,Title,Default Title,MRT-WB-WESTPOINT-217,2800,shopify,deny,manual,10974.00,13169.00,TRUE,TRUE,,https://raw.githubusercontent.com/mrfantastic05678/shopify-products/main/public_images/winbachat/MRT-WB-WESTPOINT-217_Westpoint_Professional_Single_Hot_Plate_WF_251_1.jpg,1,Westpoint Professional Single Hot Plate WF-251,FALSE,Westpoint WF-251 Professional Single Hot Plate,"Shop Westpoint WF-251 Professional Single Hot Plate with cast-iron cooking surface, adjustable temperature control and convenient power indicator.",active
westpoint-professional-single-hot-plate-wf-251,,,,,,,,,,,,,,,,,,,,https://raw.githubusercontent.com/mrfantastic05678/shopify-products/main/public_images/winbachat/MRT-WB-WESTPOINT-217_Westpoint_Professional_Single_Hot_Plate_WF_251_2.jpg,2,Westpoint Professional Single Hot Plate WF-251,,,,
westpoint-professional-single-hot-plate-wf-251,,,,,,,,,,,,,,,,,,,,https://raw.githubusercontent.com/mrfantastic05678/shopify-products/main/public_images/winbachat/MRT-WB-WESTPOINT-217_Westpoint_Professional_Single_Hot_Plate_WF_251_3.jpg,3,Westpoint Professional Single Hot Plate WF-251,,,,
westpoint-professional-dual-hot-plate-wf-252,Westpoint Professional Dual Hot Plate WF-252,"<p>Cook multiple dishes conveniently with the Westpoint WF-252 Professional Dual Hot Plate. Featuring two cast-iron cooking plates, individual temperature controls and power indicator lights, it provides a flexible countertop cooking solution for homes, offices and compact kitchens.</p>",Win Bachat,Home & Garden > Kitchen & Dining > Kitchen Appliances,Home Appliances,"Electronics, Westpoint, Win Bachat, Roti Maker / Induction Cooker / Hot Plate",true,Title,Default Title,MRT-WB-WESTPOINT-218,5000,shopify,deny,manual,15694.00,18833.00,TRUE,TRUE,,https://raw.githubusercontent.com/mrfantastic05678/shopify-products/main/public_images/winbachat/MRT-WB-WESTPOINT-218_Westpoint_Professional_Dual_Hot_Plate_WF_252_1.webp,1,Westpoint Professional Dual Hot Plate WF-252,FALSE,Westpoint WF-252 Professional Dual Hot Plate,Buy Westpoint WF-252 Professional Dual Hot Plate with two cast-iron cooking zones and individual temperature controls for convenient everyday cooking.,active
westpoint-professional-dual-hot-plate-wf-252,,,,,,,,,,,,,,,,,,,,https://raw.githubusercontent.com/mrfantastic05678/shopify-products/main/public_images/winbachat/MRT-WB-WESTPOINT-218_Westpoint_Professional_Dual_Hot_Plate_WF_252_2.png,2,Westpoint Professional Dual Hot Plate WF-252,,,,
westpoint-professional-dual-hot-plate-wf-252,,,,,,,,,,,,,,,,,,,,https://raw.githubusercontent.com/mrfantastic05678/shopify-products/main/public_images/winbachat/MRT-WB-WESTPOINT-218_Westpoint_Professional_Dual_Hot_Plate_WF_252_3.jpg,3,Westpoint Professional Dual Hot Plate WF-252,,,,
westpoint-professional-dual-hot-plate-wf-252,,,,,,,,,,,,,,,,,,,,https://raw.githubusercontent.com/mrfantastic05678/shopify-products/main/public_images/winbachat/MRT-WB-WESTPOINT-218_Westpoint_Professional_Dual_Hot_Plate_WF_252_4.png,4,Westpoint Professional Dual Hot Plate WF-252,,,,
westpoint-professional-ceramic-cooker-wf-291,Westpoint Professional Ceramic Cooker WF-291,"<p>Bring modern countertop cooking to your kitchen with the Westpoint WF-291 Professional Ceramic Cooker. Its smooth ceramic heating surface and convenient control system make it suitable for preparing a range of everyday meals while maintaining a compact, contemporary design.</p>",Win Bachat,Home & Garden > Kitchen & Dining > Kitchen Appliances,Home Appliances,"Electronics, Westpoint, Win Bachat, Roti Maker / Induction Cooker / Hot Plate",true,Title,Default Title,MRT-WB-WESTPOINT-219,2800,shopify,deny,manual,18290.00,21948.00,TRUE,TRUE,,https://raw.githubusercontent.com/mrfantastic05678/shopify-products/main/public_images/winbachat/MRT-WB-WESTPOINT-219_Westpoint_Professional_Ceramic_Cooker_WF_291_1.jpg,1,Westpoint Professional Ceramic Cooker WF-291,FALSE,Westpoint WF-291 Professional Ceramic Cooker,Shop Westpoint WF-291 Professional Ceramic Cooker with a modern smooth cooking surface and convenient controls for everyday countertop cooking.,active
westpoint-professional-ceramic-cooker-wf-291,,,,,,,,,,,,,,,,,,,,https://raw.githubusercontent.com/mrfantastic05678/shopify-products/main/public_images/winbachat/MRT-WB-WESTPOINT-219_Westpoint_Professional_Ceramic_Cooker_WF_291_2.jpg,2,Westpoint Professional Ceramic Cooker WF-291,,,,
westpoint-professional-ceramic-cooker-wf-291,,,,,,,,,,,,,,,,,,,,https://raw.githubusercontent.com/mrfantastic05678/shopify-products/main/public_images/winbachat/MRT-WB-WESTPOINT-219_Westpoint_Professional_Ceramic_Cooker_WF_291_3.jpg,3,Westpoint Professional Ceramic Cooker WF-291,,,,
westpoint-professional-double-ceramic-cooker-wf-292,Westpoint Professional Double Ceramic Cooker WF-292,"<p>Prepare multiple dishes with the Westpoint WF-292 Professional Double Ceramic Cooker. Featuring two ceramic cooking zones with separate digital displays and touch controls, it offers additional flexibility for everyday cooking while its sleek glass surface provides a modern countertop appearance.</p>",Win Bachat,Home & Garden > Kitchen & Dining > Kitchen Appliances,Home Appliances,"Electronics, Westpoint, Win Bachat, Roti Maker / Induction Cooker / Hot Plate",true,Title,Default Title,MRT-WB-WESTPOINT-220,5000,shopify,deny,manual,28320.00,33984.00,TRUE,TRUE,,https://raw.githubusercontent.com/mrfantastic05678/shopify-products/main/public_images/winbachat/MRT-WB-WESTPOINT-220_Westpoint_Professional_Double_Ceramic_Cooker_WF_29_1.jpg,1,Westpoint Professional Double Ceramic Cooker WF-292,FALSE,Westpoint WF-292 Double Ceramic Cooker,"Buy Westpoint WF-292 Professional Double Ceramic Cooker with dual cooking zones, digital displays and convenient controls for versatile meal preparation.",active
westpoint-professional-double-ceramic-cooker-wf-292,,,,,,,,,,,,,,,,,,,,https://raw.githubusercontent.com/mrfantastic05678/shopify-products/main/public_images/winbachat/MRT-WB-WESTPOINT-220_Westpoint_Professional_Double_Ceramic_Cooker_WF_29_2.webp,2,Westpoint Professional Double Ceramic Cooker WF-292,,,,
westpoint-professional-double-ceramic-cooker-wf-292,,,,,,,,,,,,,,,,,,,,https://raw.githubusercontent.com/mrfantastic05678/shopify-products/main/public_images/winbachat/MRT-WB-WESTPOINT-220_Westpoint_Professional_Double_Ceramic_Cooker_WF_29_3.jpg,3,Westpoint Professional Double Ceramic Cooker WF-292,,,,
westpoint-deluxe-roti-maker-wf-6514t,Westpoint Deluxe Roti Maker WF-6514T,"<p>Prepare homemade roti conveniently with the Westpoint WF-6514T Deluxe Roti Maker. Its large 12-inch non-stick cooking plates provide ample space for making roti and flatbreads, while the hinged design and long handle help make everyday preparation easier and more convenient.</p>",Win Bachat,Home & Garden > Kitchen & Dining > Kitchen Appliances,Home Appliances,"Electronics, Westpoint, Win Bachat, Roti Maker / Induction Cooker / Hot Plate",true,Title,Default Title,MRT-WB-WESTPOINT-221,3000,shopify,deny,manual,16520.00,19824.00,TRUE,TRUE,,https://raw.githubusercontent.com/mrfantastic05678/shopify-products/main/public_images/winbachat/MRT-WB-WESTPOINT-221_Westpoint_Deluxe_Roti_Maker_WF_6514T_1.jpg,1,Westpoint Deluxe Roti Maker WF-6514T,FALSE,Westpoint WF-6514T Deluxe 12-Inch Roti Maker,Shop Westpoint WF-6514T Deluxe Roti Maker with 12-inch non-stick plates for convenient preparation of homemade roti and flatbreads.,active
westpoint-deluxe-roti-maker-wf-6514t,,,,,,,,,,,,,,,,,,,,https://raw.githubusercontent.com/mrfantastic05678/shopify-products/main/public_images/winbachat/MRT-WB-WESTPOINT-221_Westpoint_Deluxe_Roti_Maker_WF_6514T_2.jpg,2,Westpoint Deluxe Roti Maker WF-6514T,,,,
westpoint-deluxe-roti-maker-wf-6514t,,,,,,,,,,,,,,,,,,,,https://raw.githubusercontent.com/mrfantastic05678/shopify-products/main/public_images/winbachat/MRT-WB-WESTPOINT-221_Westpoint_Deluxe_Roti_Maker_WF_6514T_3.webp,3,Westpoint Deluxe Roti Maker WF-6514T,,,,
westpoint-deluxe-ceramic-cooker-wf-152,Westpoint Deluxe Ceramic Cooker WF-152,"<p>Upgrade everyday cooking with the Westpoint WF-152 Deluxe Ceramic Cooker. Featuring a smooth ceramic heating surface, digital display and convenient control panel, this compact appliance provides a practical alternative cooking solution for preparing a variety of meals at home.</p>",Win Bachat,Home & Garden > Kitchen & Dining > Kitchen Appliances,Home Appliances,"Electronics, Westpoint, Win Bachat, Roti Maker / Induction Cooker / Hot Plate",true,Title,Default Title,MRT-WB-WESTPOINT-222,2800,shopify,deny,manual,19470.00,23364.00,TRUE,TRUE,,https://raw.githubusercontent.com/mrfantastic05678/shopify-products/main/public_images/winbachat/MRT-WB-WESTPOINT-222_Westpoint_Deluxe_Ceramic_Cooker_WF_152_1.jpg,1,Westpoint Deluxe Ceramic Cooker WF-152,FALSE,Westpoint WF-152 Deluxe Ceramic Cooker,"Buy Westpoint WF-152 Deluxe Ceramic Cooker with digital controls and smooth cooking surface for convenient, compact and versatile everyday cooking.",active
westpoint-deluxe-ceramic-cooker-wf-152,,,,,,,,,,,,,,,,,,,,https://raw.githubusercontent.com/mrfantastic05678/shopify-products/main/public_images/winbachat/MRT-WB-WESTPOINT-222_Westpoint_Deluxe_Ceramic_Cooker_WF_152_2.webp,2,Westpoint Deluxe Ceramic Cooker WF-152,,,,
westpoint-deluxe-ceramic-cooker-wf-152,,,,,,,,,,,,,,,,,,,,https://raw.githubusercontent.com/mrfantastic05678/shopify-products/main/public_images/winbachat/MRT-WB-WESTPOINT-222_Westpoint_Deluxe_Ceramic_Cooker_WF_152_3.jpg,3,Westpoint Deluxe Ceramic Cooker WF-152,,,,
westpoint-deluxe-insect-killer-wf-7108-silver-8-inch,Westpoint Deluxe Insect Killer WF-7108 Silver 8-Inch,<p>Keep indoor spaces more comfortable with the Westpoint WF-7108 Deluxe Insect Killer. This compact 8-inch silver model uses an electrically charged grid to attract and eliminate flying insects. Its freestanding design is suitable for homes and other indoor environments where insect control is required.</p>,Win Bachat,Home & Garden > Kitchen & Dining > Kitchen Appliances,Home Appliances,"Electronics, Westpoint, Win Bachat, Insect Killer",true,Title,Default Title,MRT-WB-WESTPOINT-223,2000,shopify,deny,manual,12626.00,15151.00,TRUE,TRUE,,https://raw.githubusercontent.com/mrfantastic05678/shopify-products/main/public_images/winbachat/MRT-WB-WESTPOINT-223_Westpoint_Deluxe_Insect_Killer_WF_7108_Silver_8_In_1.jpg,1,Westpoint Deluxe Insect Killer WF-7108 Silver 8-Inch,FALSE,Westpoint WF-7108 8-Inch Deluxe Insect Killer,"Shop Westpoint WF-7108 Deluxe 8-Inch Insect Killer in silver, designed for convenient electric control of mosquitoes and other flying insects indoors.",active
westpoint-deluxe-insect-killer-wf-7110-black-1-foot,Westpoint Deluxe Insect Killer WF-7110 Black 1-Foot,"<p>The Westpoint WF-7110 Deluxe Insect Killer provides an electric solution for controlling mosquitoes and other flying insects. Its approximately 1-foot-wide design offers broader coverage than compact models, while the protective outer grille makes it suitable for a range of indoor environments.</p>",Win Bachat,Home & Garden > Kitchen & Dining > Kitchen Appliances,Home Appliances,"Electronics, Westpoint, Win Bachat, Insect Killer",true,Title,Default Title,MRT-WB-WESTPOINT-224,2000,shopify,deny,manual,14160.00,16992.00,TRUE,TRUE,,https://raw.githubusercontent.com/mrfantastic05678/shopify-products/main/public_images/winbachat/MRT-WB-WESTPOINT-224_Westpoint_Deluxe_Insect_Killer_WF_7110_Black_1_Foo_1.jpg,1,Westpoint Deluxe Insect Killer WF-7110 Black 1-Foot,FALSE,Westpoint WF-7110 1-Foot Deluxe Insect Killer,Buy Westpoint WF-7110 Deluxe 1-Foot Insect Killer in black for convenient electric control of mosquitoes and other flying insects in indoor spaces.,active
westpoint-deluxe-insect-killer-wf-7110-black-1-foot,,,,,,,,,,,,,,,,,,,,https://raw.githubusercontent.com/mrfantastic05678/shopify-products/main/public_images/winbachat/MRT-WB-WESTPOINT-224_Westpoint_Deluxe_Insect_Killer_WF_7110_Black_1_Foo_2.webp,2,Westpoint Deluxe Insect Killer WF-7110 Black 1-Foot,,,,
westpoint-deluxe-insect-killer-wf-7112-black-15-foot,Westpoint Deluxe Insect Killer WF-7112 Black 1.5-Foot,"<p>Designed for larger spaces, the Westpoint WF-7112 Deluxe Insect Killer provides a convenient way to control mosquitoes and other flying insects. Its approximately 1.5-foot-wide body combines an electrically charged insect-control grid with a protective outer grille for practical everyday use.</p>",Win Bachat,Home & Garden > Kitchen & Dining > Kitchen Appliances,Home Appliances,"Electronics, Westpoint, Win Bachat, Insect Killer",true,Title,Default Title,MRT-WB-WESTPOINT-225,2000,shopify,deny,manual,16048.00,19258.00,TRUE,TRUE,,https://raw.githubusercontent.com/mrfantastic05678/shopify-products/main/public_images/winbachat/MRT-WB-WESTPOINT-225_Westpoint_Deluxe_Insect_Killer_WF_7112_Black_15_Fo_1.webp,1,Westpoint Deluxe Insect Killer WF-7112 Black 1.5-Foot,FALSE,Westpoint WF-7112 1.5-Foot Deluxe Insect Killer,"Shop Westpoint WF-7112 Deluxe 1.5-Foot Insect Killer in black, designed to help control mosquitoes and flying insects across larger indoor spaces.",active
westpoint-deluxe-insect-killer-wf-7112-black-15-foot,,,,,,,,,,,,,,,,,,,,https://raw.githubusercontent.com/mrfantastic05678/shopify-products/main/public_images/winbachat/MRT-WB-WESTPOINT-225_Westpoint_Deluxe_Insect_Killer_WF_7112_Black_15_Fo_2.jpg,2,Westpoint Deluxe Insect Killer WF-7112 Black 1.5-Foot,,,,
westpoint-deluxe-insect-killer-wf-7112-black-15-foot,,,,,,,,,,,,,,,,,,,,https://raw.githubusercontent.com/mrfantastic05678/shopify-products/main/public_images/winbachat/MRT-WB-WESTPOINT-225_Westpoint_Deluxe_Insect_Killer_WF_7112_Black_15_Fo_3.jpg,3,Westpoint Deluxe Insect Killer WF-7112 Black 1.5-Foot,,,,
westpoint-deluxe-insect-killer-wf-7115-2-foot,Westpoint Deluxe Insect Killer WF-7115 2-Foot,"<p>Keep your surroundings more comfortable with the Westpoint WF-7115 Deluxe Insect Killer. Its wide 2-foot design provides an effective solution for controlling mosquitoes and other flying insects. The protective outer grille and electric insect-control system make it suitable for homes, offices, restaurants and other indoor spaces.</p>",Win Bachat,Home & Garden > Kitchen & Dining > Kitchen Appliances,Home Appliances,"Electronics, Westpoint, Win Bachat, Insect Killer",true,Title,Default Title,MRT-WB-WESTPOINT-226,2000,shopify,deny,manual,17582.00,21098.00,TRUE,TRUE,,https://raw.githubusercontent.com/mrfantastic05678/shopify-products/main/public_images/winbachat/MRT-WB-WESTPOINT-226_Westpoint_Deluxe_Insect_Killer_WF_7115_2_Foot_1.jpg,1,Westpoint Deluxe Insect Killer WF-7115 2-Foot,FALSE,Westpoint WF-7115 2-Foot Deluxe Insect Killer,Buy Westpoint WF-7115 2-Foot Deluxe Insect Killer for convenient electric control of mosquitoes and other flying insects in homes and indoor spaces.,active
westpoint-deluxe-insect-killer-wf-7115-2-foot,,,,,,,,,,,,,,,,,,,,https://raw.githubusercontent.com/mrfantastic05678/shopify-products/main/public_images/winbachat/MRT-WB-WESTPOINT-226_Westpoint_Deluxe_Insect_Killer_WF_7115_2_Foot_2.jpg,2,Westpoint Deluxe Insect Killer WF-7115 2-Foot,,,,
westpoint-chopper-wf-1099,Westpoint Chopper WF-1099,"<p>Make everyday food preparation faster with the Westpoint WF-1099 Chopper. Featuring an 800-watt motor and a spacious stainless-steel chopping bowl, it is designed for chopping and mincing meat, vegetables and other ingredients. Its robust construction makes it a practical kitchen companion for regular meal preparation.</p>",Win Bachat,Home & Garden > Kitchen & Dining > Kitchen Appliances,Home Appliances,"Electronics, Westpoint, Win Bachat, Chopper, Choper",true,Title,Default Title,MRT-WB-WESTPOINT-227,1500,shopify,deny,manual,13688.00,16426.00,TRUE,TRUE,,https://raw.githubusercontent.com/mrfantastic05678/shopify-products/main/public_images/winbachat/MRT-WB-WESTPOINT-227_Westpoint_Chopper_WF_1099_1.jpg,1,Westpoint Chopper WF-1099,FALSE,Westpoint WF-1099 800W Chopper with Steel Bowl,"Shop Westpoint WF-1099 Chopper with powerful 800W motor and stainless-steel bowl for convenient chopping, mincing and everyday food preparation.",active
westpoint-chopper-wf-1099,,,,,,,,,,,,,,,,,,,,https://raw.githubusercontent.com/mrfantastic05678/shopify-products/main/public_images/winbachat/MRT-WB-WESTPOINT-227_Westpoint_Chopper_WF_1099_2.jpg,2,Westpoint Chopper WF-1099,,,,
westpoint-chopper-wf-1099,,,,,,,,,,,,,,,,,,,,https://raw.githubusercontent.com/mrfantastic05678/shopify-products/main/public_images/winbachat/MRT-WB-WESTPOINT-227_Westpoint_Chopper_WF_1099_3.jpg,3,Westpoint Chopper WF-1099,,,,
westpoint-professional-chopper-wf-1090,Westpoint Professional Chopper WF-1090,"<p>Handle everyday chopping tasks conveniently with the Westpoint WF-1090 Professional Chopper. Equipped with an 800-watt pure copper motor, transparent chopping bowl and stainless-steel style body, it is designed to process vegetables, meat and other ingredients quickly for effortless meal preparation.</p>",Win Bachat,Home & Garden > Kitchen & Dining > Kitchen Appliances,Home Appliances,"Electronics, Westpoint, Win Bachat, Chopper, Choper",true,Title,Default Title,MRT-WB-WESTPOINT-228,1500,shopify,deny,manual,12626.00,15151.00,TRUE,TRUE,,https://raw.githubusercontent.com/mrfantastic05678/shopify-products/main/public_images/winbachat/MRT-WB-WESTPOINT-228_Westpoint_Professional_Chopper_WF_1090_1.jpg,1,Westpoint Professional Chopper WF-1090,FALSE,Westpoint WF-1090 Professional 800W Chopper,"Buy Westpoint WF-1090 Professional Chopper with 800W pure copper motor for fast and convenient chopping of vegetables, meat and everyday ingredients.",active
westpoint-professional-chopper-wf-1090,,,,,,,,,,,,,,,,,,,,https://raw.githubusercontent.com/mrfantastic05678/shopify-products/main/public_images/winbachat/MRT-WB-WESTPOINT-228_Westpoint_Professional_Chopper_WF_1090_2.jpg,2,Westpoint Professional Chopper WF-1090,,,,
westpoint-professional-chopper-wf-1090,,,,,,,,,,,,,,,,,,,,https://raw.githubusercontent.com/mrfantastic05678/shopify-products/main/public_images/winbachat/MRT-WB-WESTPOINT-228_Westpoint_Professional_Chopper_WF_1090_3.jpg,3,Westpoint Professional Chopper WF-1090,,,,
westpoint-professional-chopper-wf-1098,Westpoint Professional Chopper WF-1098,"<p>Simplify food preparation with the Westpoint WF-1098 Professional Chopper. Featuring an AC full copper motor, safety locking system and durable stainless-steel body and bowl, it provides a convenient solution for chopping meat, vegetables, herbs and other ingredients for everyday recipes.</p>",Win Bachat,Home & Garden > Kitchen & Dining > Kitchen Appliances,Home Appliances,"Electronics, Westpoint, Win Bachat, Chopper, Choper",true,Title,Default Title,MRT-WB-WESTPOINT-229,1500,shopify,deny,manual,12626.00,15151.00,TRUE,TRUE,,https://raw.githubusercontent.com/mrfantastic05678/shopify-products/main/public_images/winbachat/MRT-WB-WESTPOINT-229_Westpoint_Professional_Chopper_WF_1098_1.jpg,1,Westpoint Professional Chopper WF-1098,FALSE,Westpoint WF-1098 Professional Chopper,"Shop Westpoint WF-1098 Professional Chopper with full copper motor, safety locking system and stainless-steel construction for everyday kitchen preparation.",active
westpoint-professional-chopper-wf-1098,,,,,,,,,,,,,,,,,,,,https://raw.githubusercontent.com/mrfantastic05678/shopify-products/main/public_images/winbachat/MRT-WB-WESTPOINT-229_Westpoint_Professional_Chopper_WF_1098_2.webp,2,Westpoint Professional Chopper WF-1098,,,,
westpoint-professional-chopper-wf-1098,,,,,,,,,,,,,,,,,,,,https://raw.githubusercontent.com/mrfantastic05678/shopify-products/main/public_images/winbachat/MRT-WB-WESTPOINT-229_Westpoint_Professional_Chopper_WF_1098_3.jpg,3,Westpoint Professional Chopper WF-1098,,,,
westpoint-professional-chopper-wf-1097,Westpoint Professional Chopper WF-1097,"<p>Prepare ingredients quickly with the Westpoint WF-1097 Professional Chopper. Its powerful motor unit and spacious stainless-steel bowl are designed to make chopping and mincing easier. Suitable for processing meat, vegetables, herbs and other ingredients, it helps reduce preparation time in the kitchen.</p>",Win Bachat,Home & Garden > Kitchen & Dining > Kitchen Appliances,Home Appliances,"Electronics, Westpoint, Win Bachat, Chopper, Choper",true,Title,Default Title,MRT-WB-WESTPOINT-230,1500,shopify,deny,manual,11623.00,13948.00,TRUE,TRUE,,https://raw.githubusercontent.com/mrfantastic05678/shopify-products/main/public_images/winbachat/MRT-WB-WESTPOINT-230_Westpoint_Professional_Chopper_WF_1097_1.jpg,1,Westpoint Professional Chopper WF-1097,FALSE,Westpoint WF-1097 Professional Chopper,"Buy Westpoint WF-1097 Professional Chopper with stainless-steel bowl for convenient chopping, mincing and everyday meal preparation at home.",active
westpoint-professional-chopper-wf-1097,,,,,,,,,,,,,,,,,,,,https://raw.githubusercontent.com/mrfantastic05678/shopify-products/main/public_images/winbachat/MRT-WB-WESTPOINT-230_Westpoint_Professional_Chopper_WF_1097_2.jpg,2,Westpoint Professional Chopper WF-1097,,,,
westpoint-professional-chopper-wf-1097,,,,,,,,,,,,,,,,,,,,https://raw.githubusercontent.com/mrfantastic05678/shopify-products/main/public_images/winbachat/MRT-WB-WESTPOINT-230_Westpoint_Professional_Chopper_WF_1097_3.jpg,3,Westpoint Professional Chopper WF-1097,,,,
westpoint-deluxe-meat-mincer-with-vegetable-cutter-wf-3050,Westpoint Deluxe Meat Mincer with Vegetable Cutter WF-3050,"<p>Prepare customized meat blends and ingredients conveniently with the Westpoint WF-3050 Deluxe Meat Mincer. Designed for precise meat grinding, this versatile kitchen appliance also includes vegetable-cutting functionality, making it useful for preparing minced meat, vegetables and ingredients for a variety of homemade dishes.</p>",Win Bachat,Home & Garden > Kitchen & Dining > Kitchen Appliances,Home Appliances,"Electronics, Westpoint, Win Bachat, Meat Mincer",true,Title,Default Title,MRT-WB-WESTPOINT-231,5000,shopify,deny,manual,29500.00,35400.00,TRUE,TRUE,,https://raw.githubusercontent.com/mrfantastic05678/shopify-products/main/public_images/winbachat/MRT-WB-WESTPOINT-231_Westpoint_Deluxe_Meat_Mincer_with_Vegetable_Cutter_1.jpg,1,Westpoint Deluxe Meat Mincer with Vegetable Cutter WF-3050,FALSE,Westpoint WF-3050 Meat Mincer with Vegetable Cutter,Shop Westpoint WF-3050 Deluxe Meat Mincer with Vegetable Cutter for convenient meat grinding and versatile everyday food preparation at home.,active
westpoint-deluxe-meat-mincer-with-vegetable-cutter-wf-3050,,,,,,,,,,,,,,,,,,,,https://raw.githubusercontent.com/mrfantastic05678/shopify-products/main/public_images/winbachat/MRT-WB-WESTPOINT-231_Westpoint_Deluxe_Meat_Mincer_with_Vegetable_Cutter_2.jpg,2,Westpoint Deluxe Meat Mincer with Vegetable Cutter WF-3050,,,,
westpoint-deluxe-meat-grinder-wf-1045,Westpoint Deluxe Meat Grinder WF-1045,"<p>Process fresh meat conveniently at home with the Westpoint WF-1045 Deluxe Meat Grinder. Its powerful 1200-watt motor is designed for efficient grinding, while the feeding tray and grinder attachment make preparing minced meat for kebabs, burgers, sausages and other recipes simple and convenient.</p>",Win Bachat,Home & Garden > Kitchen & Dining > Kitchen Appliances,Home Appliances,"Electronics, Westpoint, Win Bachat, Meat Mincer",true,Title,Default Title,MRT-WB-WESTPOINT-232,5000,shopify,deny,manual,24780.00,29736.00,TRUE,TRUE,,https://raw.githubusercontent.com/mrfantastic05678/shopify-products/main/public_images/winbachat/MRT-WB-WESTPOINT-232_Westpoint_Deluxe_Meat_Grinder_WF_1045_1.jpg,1,Westpoint Deluxe Meat Grinder WF-1045,FALSE,Westpoint WF-1045 1200W Deluxe Meat Grinder,"Buy Westpoint WF-1045 Deluxe Meat Grinder with powerful 1200W motor for convenient preparation of fresh minced meat, kebabs, burgers and more.",active
westpoint-deluxe-meat-grinder-wf-1045,,,,,,,,,,,,,,,,,,,,https://raw.githubusercontent.com/mrfantastic05678/shopify-products/main/public_images/winbachat/MRT-WB-WESTPOINT-232_Westpoint_Deluxe_Meat_Grinder_WF_1045_2.jpg,2,Westpoint Deluxe Meat Grinder WF-1045,,,,
westpoint-deluxe-meat-grinder-wf-1045,,,,,,,,,,,,,,,,,,,,https://raw.githubusercontent.com/mrfantastic05678/shopify-products/main/public_images/winbachat/MRT-WB-WESTPOINT-232_Westpoint_Deluxe_Meat_Grinder_WF_1045_3.jpg,3,Westpoint Deluxe Meat Grinder WF-1045,,,,
westpoint-deluxe-meat-grinder-wf-4250,Westpoint Deluxe Meat Grinder WF-4250,"<p>Make homemade minced meat with the Westpoint WF-4250 Deluxe Meat Grinder. Powered by a strong 1500-watt motor, it is designed to process meat efficiently for kebabs, burgers, meatballs and other recipes. The feeding tray and sturdy grinder assembly provide convenient everyday operation.</p>",Win Bachat,Home & Garden > Kitchen & Dining > Kitchen Appliances,Home Appliances,"Electronics, Westpoint, Win Bachat, Meat Mincer",true,Title,Default Title,MRT-WB-WESTPOINT-233,5000,shopify,deny,manual,31270.00,37524.00,TRUE,TRUE,,https://raw.githubusercontent.com/mrfantastic05678/shopify-products/main/public_images/winbachat/MRT-WB-WESTPOINT-233_Westpoint_Deluxe_Meat_Grinder_WF_4250_1.jpg,1,Westpoint Deluxe Meat Grinder WF-4250,FALSE,Westpoint WF-4250 1500W Deluxe Meat Grinder,"Shop Westpoint WF-4250 Deluxe Meat Grinder with powerful 1500W motor for convenient meat mincing and preparation of kebabs, burgers and homemade recipes.",active
westpoint-deluxe-meat-grinder-wf-4250,,,,,,,,,,,,,,,,,,,,https://raw.githubusercontent.com/mrfantastic05678/shopify-products/main/public_images/winbachat/MRT-WB-WESTPOINT-233_Westpoint_Deluxe_Meat_Grinder_WF_4250_2.jpg,2,Westpoint Deluxe Meat Grinder WF-4250,,,,
westpoint-deluxe-meat-grinder-wf-4250,,,,,,,,,,,,,,,,,,,,https://raw.githubusercontent.com/mrfantastic05678/shopify-products/main/public_images/winbachat/MRT-WB-WESTPOINT-233_Westpoint_Deluxe_Meat_Grinder_WF_4250_3.jpg,3,Westpoint Deluxe Meat Grinder WF-4250,,,,
westpoint-deluxe-rice-cooker-wf-5350,Westpoint Deluxe Rice Cooker WF-5350,"<p>Prepare fluffy rice conveniently with the Westpoint WF-5350 Deluxe Rice Cooker. Designed to simplify everyday cooking, it provides an easy way to cook rice without constant supervision. Its compact countertop body, convenient lid and straightforward controls make it suitable for family meals and regular kitchen use.</p>",Win Bachat,Home & Garden > Kitchen & Dining > Kitchen Appliances,Home Appliances,"Electronics, Westpoint, Win Bachat, Meat Mincer",true,Title,Default Title,MRT-WB-WESTPOINT-234,3500,shopify,deny,manual,15104.00,18125.00,TRUE,TRUE,,https://raw.githubusercontent.com/mrfantastic05678/shopify-products/main/public_images/winbachat/MRT-WB-WESTPOINT-234_Westpoint_Deluxe_Rice_Cooker_WF_5350_1.jpg,1,Westpoint Deluxe Rice Cooker WF-5350,FALSE,Westpoint WF-5350 Deluxe Rice Cooker,Buy Westpoint WF-5350 Deluxe Rice Cooker for easy and convenient rice preparation. A practical countertop appliance for everyday family meals.,active
westpoint-deluxe-rice-cooker-wf-5350,,,,,,,,,,,,,,,,,,,,https://raw.githubusercontent.com/mrfantastic05678/shopify-products/main/public_images/winbachat/MRT-WB-WESTPOINT-234_Westpoint_Deluxe_Rice_Cooker_WF_5350_2.jpg,2,Westpoint Deluxe Rice Cooker WF-5350,,,,
westpoint-deluxe-rice-cooker-wf-5350,,,,,,,,,,,,,,,,,,,,https://raw.githubusercontent.com/mrfantastic05678/shopify-products/main/public_images/winbachat/MRT-WB-WESTPOINT-234_Westpoint_Deluxe_Rice_Cooker_WF_5350_3.jpg,3,Westpoint Deluxe Rice Cooker WF-5350,,,,
westpoint-deluxe-kitchen-robot-wf-496,Westpoint Deluxe Kitchen Robot WF-496,"<p>Make everyday food preparation quicker and easier with the Westpoint WF-496 Deluxe Kitchen Robot. Designed to slice, shred and chop ingredients in one convenient appliance, it is ideal for processing vegetables, salads and ingredients for a wide variety of recipes. Its spacious processing bowl, feeding tube and versatile cutting attachment make it a practical addition to busy home kitchens.</p>",Win Bachat,Home & Garden > Kitchen & Dining > Kitchen Appliances,Home Appliances,"Electronics, Westpoint, Win Bachat, Kitchen Robot",true,Title,Default Title,MRT-WB-WESTPOINT-235,6000,shopify,deny,manual,17228.00,20674.00,TRUE,TRUE,,https://raw.githubusercontent.com/mrfantastic05678/shopify-products/main/public_images/winbachat/MRT-WB-WESTPOINT-235_Westpoint_Deluxe_Kitchen_Robot_WF_496_1.jpg,1,Westpoint Deluxe Kitchen Robot WF-496,FALSE,Westpoint WF-496 Deluxe Kitchen Robot & Vegetable Cutter,"Buy Westpoint WF-496 Deluxe Kitchen Robot for convenient slicing, shredding and chopping of vegetables and ingredients for everyday meal preparation.",active
westpoint-deluxe-kitchen-robot-wf-496,,,,,,,,,,,,,,,,,,,,https://raw.githubusercontent.com/mrfantastic05678/shopify-products/main/public_images/winbachat/MRT-WB-WESTPOINT-235_Westpoint_Deluxe_Kitchen_Robot_WF_496_2.jpg,2,Westpoint Deluxe Kitchen Robot WF-496,,,,
westpoint-deluxe-kitchen-robot-wf-496,,,,,,,,,,,,,,,,,,,,https://raw.githubusercontent.com/mrfantastic05678/shopify-products/main/public_images/winbachat/MRT-WB-WESTPOINT-235_Westpoint_Deluxe_Kitchen_Robot_WF_496_3.jpg,3,Westpoint Deluxe Kitchen Robot WF-496,,,,
westpoint-kitchen-robot-wf-497c,Westpoint Kitchen Robot WF-497C,"<p>Save time on everyday food preparation with the Westpoint WF-497C Kitchen Robot. Designed for chopping and vegetable processing, this multifunction kitchen appliance combines convenient food-preparation functions in one compact unit. It is suitable for preparing vegetables, ingredients, salads and a variety of homemade recipes.</p>",Win Bachat,Home & Garden > Kitchen & Dining > Kitchen Appliances,Home Appliances,"Electronics, Westpoint, Win Bachat, Kitchen Robot",true,Title,Default Title,MRT-WB-WESTPOINT-236,6000,shopify,deny,manual,17228.00,20674.00,TRUE,TRUE,,https://raw.githubusercontent.com/mrfantastic05678/shopify-products/main/public_images/winbachat/MRT-WB-WESTPOINT-236_Westpoint_Kitchen_Robot_WF_497C_1.jpg,1,Westpoint Kitchen Robot WF-497C,FALSE,Westpoint WF-497C Kitchen Robot & Vegetable Cutter,"Shop Westpoint WF-497C Kitchen Robot with chopping and vegetable-cutting functions for fast, convenient and versatile everyday food preparation.",active
westpoint-kitchen-robot-wf-497c,,,,,,,,,,,,,,,,,,,,https://raw.githubusercontent.com/mrfantastic05678/shopify-products/main/public_images/winbachat/MRT-WB-WESTPOINT-236_Westpoint_Kitchen_Robot_WF_497C_2.jpg,2,Westpoint Kitchen Robot WF-497C,,,,
westpoint-kitchen-robot-wf-497c,,,,,,,,,,,,,,,,,,,,https://raw.githubusercontent.com/mrfantastic05678/shopify-products/main/public_images/winbachat/MRT-WB-WESTPOINT-236_Westpoint_Kitchen_Robot_WF_497C_3.jpg,3,Westpoint Kitchen Robot WF-497C,,,,
westpoint-kitchen-robot-wf-498,Westpoint Kitchen Robot WF-498,"<p>Slice, shred and chop ingredients conveniently with the Westpoint WF-498 Kitchen Robot. Its multifunction food-processing design helps prepare vegetables, meat and other ingredients with less manual effort. The spacious processing bowl and convenient controls make it a useful appliance for busy home kitchens.</p>",Win Bachat,Home & Garden > Kitchen & Dining > Kitchen Appliances,Home Appliances,"Electronics, Westpoint, Win Bachat, Kitchen Robot",true,Title,Default Title,MRT-WB-WESTPOINT-237,6000,shopify,deny,manual,17582.00,21098.00,TRUE,TRUE,,https://raw.githubusercontent.com/mrfantastic05678/shopify-products/main/public_images/winbachat/MRT-WB-WESTPOINT-237_Westpoint_Kitchen_Robot_WF_498_1.jpg,1,Westpoint Kitchen Robot WF-498,FALSE,Westpoint WF-498 Kitchen Robot & Food Processor,"Buy Westpoint WF-498 Kitchen Robot for convenient slicing, shredding and chopping of vegetables, meat and other ingredients for everyday meals.",active
westpoint-kitchen-robot-wf-498,,,,,,,,,,,,,,,,,,,,https://raw.githubusercontent.com/mrfantastic05678/shopify-products/main/public_images/winbachat/MRT-WB-WESTPOINT-237_Westpoint_Kitchen_Robot_WF_498_2.jpg,2,Westpoint Kitchen Robot WF-498,,,,
westpoint-kitchen-robot-wf-498,,,,,,,,,,,,,,,,,,,,https://raw.githubusercontent.com/mrfantastic05678/shopify-products/main/public_images/winbachat/MRT-WB-WESTPOINT-237_Westpoint_Kitchen_Robot_WF_498_3.jpg,3,Westpoint Kitchen Robot WF-498,,,,
westpoint-professional-kitchen-robot-wf-4981,Westpoint Professional Kitchen Robot WF-4981,"<p>Make everyday food preparation easier with the Westpoint WF-4981 Professional Kitchen Robot. Designed to slice, shred and chop, this versatile appliance combines multiple food-processing functions in one unit. Its processing bowl and included accessories make it suitable for vegetables, meat and various recipe ingredients.</p>",Win Bachat,Home & Garden > Kitchen & Dining > Kitchen Appliances,Home Appliances,"Electronics, Westpoint, Win Bachat, Kitchen Robot",true,Title,Default Title,MRT-WB-WESTPOINT-238,6000,shopify,deny,manual,20650.00,24780.00,TRUE,TRUE,,https://raw.githubusercontent.com/mrfantastic05678/shopify-products/main/public_images/winbachat/MRT-WB-WESTPOINT-238_Westpoint_Professional_Kitchen_Robot_WF_4981_1.jpg,1,Westpoint Professional Kitchen Robot WF-4981,FALSE,Westpoint WF-4981 Professional Kitchen Robot,"Shop Westpoint WF-4981 Professional Kitchen Robot for slicing, shredding and chopping vegetables, meat and ingredients with convenient multifunction operation.",active
westpoint-professional-kitchen-robot-wf-4981,,,,,,,,,,,,,,,,,,,,https://raw.githubusercontent.com/mrfantastic05678/shopify-products/main/public_images/winbachat/MRT-WB-WESTPOINT-238_Westpoint_Professional_Kitchen_Robot_WF_4981_2.jpg,2,Westpoint Professional Kitchen Robot WF-4981,,,,
westpoint-professional-kitchen-robot-wf-4981,,,,,,,,,,,,,,,,,,,,https://raw.githubusercontent.com/mrfantastic05678/shopify-products/main/public_images/winbachat/MRT-WB-WESTPOINT-238_Westpoint_Professional_Kitchen_Robot_WF_4981_3.jpg,3,Westpoint Professional Kitchen Robot WF-4981,,,,
westpoint-deluxe-kitchen-chef-wf-441-white,Westpoint Deluxe Kitchen Chef WF-441 White,"<p>Bring multiple food-preparation functions together with the Westpoint WF-441 Deluxe Kitchen Chef. This white multifunction appliance combines blending, chopping, grinding and slicing capabilities, helping you prepare smoothies, vegetables, spices and other everyday ingredients using one convenient kitchen system.</p>",Win Bachat,Home & Garden > Kitchen & Dining > Kitchen Appliances,Home Appliances,"Electronics, Westpoint, Win Bachat, Kitchen Robot",true,Title,Default Title,MRT-WB-WESTPOINT-239,4500,shopify,deny,manual,15340.00,18408.00,TRUE,TRUE,,https://raw.githubusercontent.com/mrfantastic05678/shopify-products/main/public_images/winbachat/MRT-WB-WESTPOINT-239_Westpoint_Deluxe_Kitchen_Chef_WF_441_White_1.jpg,1,Westpoint Deluxe Kitchen Chef WF-441 White,FALSE,Westpoint WF-441 Deluxe Kitchen Chef White,"Buy Westpoint WF-441 Deluxe Kitchen Chef in white with blender, chopper, grinder and slicer functions for versatile everyday food preparation.",active
westpoint-deluxe-kitchen-chef-wf-441-white,,,,,,,,,,,,,,,,,,,,https://raw.githubusercontent.com/mrfantastic05678/shopify-products/main/public_images/winbachat/MRT-WB-WESTPOINT-239_Westpoint_Deluxe_Kitchen_Chef_WF_441_White_2.jpg,2,Westpoint Deluxe Kitchen Chef WF-441 White,,,,
westpoint-deluxe-kitchen-chef-wf-441-white,,,,,,,,,,,,,,,,,,,,https://raw.githubusercontent.com/mrfantastic05678/shopify-products/main/public_images/winbachat/MRT-WB-WESTPOINT-239_Westpoint_Deluxe_Kitchen_Chef_WF_441_White_3.webp,3,Westpoint Deluxe Kitchen Chef WF-441 White,,,,
westpoint-deluxe-kitchen-chef-wf-442-black,Westpoint Deluxe Kitchen Chef WF-442 Black,"<p>Handle a variety of kitchen tasks with the Westpoint WF-442 Deluxe Kitchen Chef in black. Designed as a multifunction kitchen assistant, it combines blending, chopping, grinding and vegetable-processing capabilities to help prepare drinks, ingredients, spices and everyday recipes efficiently.</p>",Win Bachat,Home & Garden > Kitchen & Dining > Kitchen Appliances,Home Appliances,"Electronics, Westpoint, Win Bachat, Kitchen Robot",true,Title,Default Title,MRT-WB-WESTPOINT-240,4500,shopify,deny,manual,15340.00,18408.00,TRUE,TRUE,,https://raw.githubusercontent.com/mrfantastic05678/shopify-products/main/public_images/winbachat/MRT-WB-WESTPOINT-240_Westpoint_Deluxe_Kitchen_Chef_WF_442_Black_1.jpg,1,Westpoint Deluxe Kitchen Chef WF-442 Black,FALSE,Westpoint WF-442 Deluxe Kitchen Chef Black,"Shop Westpoint WF-442 Deluxe Kitchen Chef in black with blending, chopping, grinding and slicing functions for convenient multifunction food preparation.",active
westpoint-deluxe-kitchen-chef-wf-442-black,,,,,,,,,,,,,,,,,,,,https://raw.githubusercontent.com/mrfantastic05678/shopify-products/main/public_images/winbachat/MRT-WB-WESTPOINT-240_Westpoint_Deluxe_Kitchen_Chef_WF_442_Black_2.jpg,2,Westpoint Deluxe Kitchen Chef WF-442 Black,,,,
westpoint-deluxe-kitchen-chef-wf-442-black,,,,,,,,,,,,,,,,,,,,https://raw.githubusercontent.com/mrfantastic05678/shopify-products/main/public_images/winbachat/MRT-WB-WESTPOINT-240_Westpoint_Deluxe_Kitchen_Chef_WF_442_Black_3.jpg,3,Westpoint Deluxe Kitchen Chef WF-442 Black,,,,
westpoint-deluxe-kitchen-chef-wf-443-silver,Westpoint Deluxe Kitchen Chef WF-443 Silver,"<p>Upgrade your food-preparation routine with the Westpoint WF-443 Deluxe Kitchen Chef in silver. This multifunction appliance combines blending, chopping, grinding and vegetable-processing functions in a convenient system, making it suitable for smoothies, chopped vegetables, spices and everyday recipes.</p>",Win Bachat,Home & Garden > Kitchen & Dining > Kitchen Appliances,Home Appliances,"Electronics, Westpoint, Win Bachat, Kitchen Robot",true,Title,Default Title,MRT-WB-WESTPOINT-241,4500,shopify,deny,manual,15340.00,18408.00,TRUE,TRUE,,https://raw.githubusercontent.com/mrfantastic05678/shopify-products/main/public_images/winbachat/MRT-WB-WESTPOINT-241_Westpoint_Deluxe_Kitchen_Chef_WF_443_Silver_1.jpg,1,Westpoint Deluxe Kitchen Chef WF-443 Silver,FALSE,Westpoint WF-443 Deluxe Kitchen Chef Silver,"Buy Westpoint WF-443 Deluxe Kitchen Chef in silver with blender, chopper, grinder and slicer functions for versatile everyday kitchen preparation.",active
westpoint-deluxe-kitchen-chef-wf-443-silver,,,,,,,,,,,,,,,,,,,,https://raw.githubusercontent.com/mrfantastic05678/shopify-products/main/public_images/winbachat/MRT-WB-WESTPOINT-241_Westpoint_Deluxe_Kitchen_Chef_WF_443_Silver_2.jpg,2,Westpoint Deluxe Kitchen Chef WF-443 Silver,,,,
westpoint-deluxe-kitchen-chef-wf-443-silver,,,,,,,,,,,,,,,,,,,,https://raw.githubusercontent.com/mrfantastic05678/shopify-products/main/public_images/winbachat/MRT-WB-WESTPOINT-241_Westpoint_Deluxe_Kitchen_Chef_WF_443_Silver_3.jpg,3,Westpoint Deluxe Kitchen Chef WF-443 Silver,,,,
westpoint-professional-kitchen-chef-wf-445,Westpoint Professional Kitchen Chef WF-445,"<p>Prepare everything from smoothies to chopped vegetables with the Westpoint WF-445 Professional Kitchen Chef. This multifunction appliance combines blending, chopping and vegetable-processing capabilities and includes additional containers for different preparation tasks. Its 800-watt motor provides practical performance for everyday kitchen use.</p>",Win Bachat,Home & Garden > Kitchen & Dining > Kitchen Appliances,Home Appliances,"Electronics, Westpoint, Win Bachat, Kitchen Robot",true,Title,Default Title,MRT-WB-WESTPOINT-242,4500,shopify,deny,manual,17936.00,21523.00,TRUE,TRUE,,https://raw.githubusercontent.com/mrfantastic05678/shopify-products/main/public_images/winbachat/MRT-WB-WESTPOINT-242_Westpoint_Professional_Kitchen_Chef_WF_445_1.jpg,1,Westpoint Professional Kitchen Chef WF-445,FALSE,Westpoint WF-445 800W Professional Kitchen Chef,"Shop Westpoint WF-445 Professional Kitchen Chef with 800W motor, blender, chopper and vegetable-processing functions for versatile food preparation.",active
westpoint-professional-kitchen-chef-wf-445,,,,,,,,,,,,,,,,,,,,https://raw.githubusercontent.com/mrfantastic05678/shopify-products/main/public_images/winbachat/MRT-WB-WESTPOINT-242_Westpoint_Professional_Kitchen_Chef_WF_445_2.jpg,2,Westpoint Professional Kitchen Chef WF-445,,,,
westpoint-professional-kitchen-chef-wf-445,,,,,,,,,,,,,,,,,,,,https://raw.githubusercontent.com/mrfantastic05678/shopify-products/main/public_images/winbachat/MRT-WB-WESTPOINT-242_Westpoint_Professional_Kitchen_Chef_WF_445_3.webp,3,Westpoint Professional Kitchen Chef WF-445,,,,
westpoint-deluxe-kitchen-chef-wf-393,Westpoint Deluxe Kitchen Chef WF-393,"<p>Make food preparation more convenient with the Westpoint WF-393 Deluxe Kitchen Chef. Designed as a multifunction kitchen assistant, it combines blending, chopping and food-processing capabilities in one system. The included attachments help prepare fruits, vegetables, spices and other ingredients for everyday recipes.</p>",Win Bachat,Home & Garden > Kitchen & Dining > Kitchen Appliances,Home Appliances,"Electronics, Westpoint, Win Bachat, Kitchen Robot",true,Title,Default Title,MRT-WB-WESTPOINT-243,4500,shopify,deny,manual,19470.00,23364.00,TRUE,TRUE,,https://raw.githubusercontent.com/mrfantastic05678/shopify-products/main/public_images/winbachat/MRT-WB-WESTPOINT-243_Westpoint_Deluxe_Kitchen_Chef_WF_393_1.jpg,1,Westpoint Deluxe Kitchen Chef WF-393,FALSE,Westpoint WF-393 Deluxe Multifunction Kitchen Chef,"Buy Westpoint WF-393 Deluxe Kitchen Chef with multifunction blending, chopping and food-processing capabilities for convenient everyday meal preparation.",active
westpoint-deluxe-kitchen-chef-wf-393,,,,,,,,,,,,,,,,,,,,https://raw.githubusercontent.com/mrfantastic05678/shopify-products/main/public_images/winbachat/MRT-WB-WESTPOINT-243_Westpoint_Deluxe_Kitchen_Chef_WF_393_2.jpg,2,Westpoint Deluxe Kitchen Chef WF-393,,,,
westpoint-deluxe-kitchen-chef-wf-393,,,,,,,,,,,,,,,,,,,,https://raw.githubusercontent.com/mrfantastic05678/shopify-products/main/public_images/winbachat/MRT-WB-WESTPOINT-243_Westpoint_Deluxe_Kitchen_Chef_WF_393_3.jpg,3,Westpoint Deluxe Kitchen Chef WF-393,,,,
westpoint-professional-kitchen-robot-wf-501,Westpoint Professional Kitchen Robot WF-501,"<p>Slice, shred and chop with the Westpoint WF-501 Professional Kitchen Robot. Featuring a 1000 ml processing bowl, two-speed operation and safety interlock system, this versatile food processor is designed to simplify vegetable and ingredient preparation for salads, cooking and everyday homemade meals.</p>",Win Bachat,Home & Garden > Kitchen & Dining > Kitchen Appliances,Home Appliances,"Electronics, Westpoint, Win Bachat, Kitchen Robot",true,Title,Default Title,MRT-WB-WESTPOINT-244,6000,shopify,deny,manual,17582.00,21098.00,TRUE,TRUE,,https://raw.githubusercontent.com/mrfantastic05678/shopify-products/main/public_images/winbachat/MRT-WB-WESTPOINT-244_Westpoint_Professional_Kitchen_Robot_WF_501_1.jpg,1,Westpoint Professional Kitchen Robot WF-501,FALSE,Westpoint WF-501 Professional Kitchen Robot 1000ml,"Shop Westpoint WF-501 Professional Kitchen Robot with 1000ml bowl, 2-speed operation and safety interlock for convenient slicing, shredding and chopping.",active
westpoint-professional-kitchen-robot-wf-501,,,,,,,,,,,,,,,,,,,,https://raw.githubusercontent.com/mrfantastic05678/shopify-products/main/public_images/winbachat/MRT-WB-WESTPOINT-244_Westpoint_Professional_Kitchen_Robot_WF_501_2.jpg,2,Westpoint Professional Kitchen Robot WF-501,,,,
westpoint-professional-kitchen-robot-wf-501,,,,,,,,,,,,,,,,,,,,https://raw.githubusercontent.com/mrfantastic05678/shopify-products/main/public_images/winbachat/MRT-WB-WESTPOINT-244_Westpoint_Professional_Kitchen_Robot_WF_501_3.jpg,3,Westpoint Professional Kitchen Robot WF-501,,,,
westpoint-deluxe-kitchen-robot-wf-502,Westpoint Deluxe Kitchen Robot WF-502,"<p>Simplify everyday kitchen preparation with the Westpoint WF-502 Deluxe Kitchen Robot. Designed for chopping, slicing, shredding and processing ingredients, this multifunction appliance helps reduce manual preparation time. Its spacious processing bowl, feeding tube and versatile attachments make it useful for vegetables, dough and a variety of homemade recipes.</p>",Win Bachat,Home & Garden > Kitchen & Dining > Kitchen Appliances,Home Appliances,"Electronics, Westpoint, Win Bachat, Kitchen Robot",true,Title,Default Title,MRT-WB-WESTPOINT-245,6000,shopify,deny,manual,17582.00,21098.00,TRUE,TRUE,,https://raw.githubusercontent.com/mrfantastic05678/shopify-products/main/public_images/winbachat/MRT-WB-WESTPOINT-245_Westpoint_Deluxe_Kitchen_Robot_WF_502_1.jpg,1,Westpoint Deluxe Kitchen Robot WF-502,FALSE,Westpoint WF-502 Deluxe Kitchen Robot & Food Processor,"Buy Westpoint WF-502 Deluxe Kitchen Robot for convenient chopping, slicing, shredding and food processing. A versatile solution for everyday meal preparation.",active
westpoint-deluxe-kitchen-robot-wf-502,,,,,,,,,,,,,,,,,,,,https://raw.githubusercontent.com/mrfantastic05678/shopify-products/main/public_images/winbachat/MRT-WB-WESTPOINT-245_Westpoint_Deluxe_Kitchen_Robot_WF_502_2.webp,2,Westpoint Deluxe Kitchen Robot WF-502,,,,
westpoint-deluxe-kitchen-robot-wf-502,,,,,,,,,,,,,,,,,,,,https://raw.githubusercontent.com/mrfantastic05678/shopify-products/main/public_images/winbachat/MRT-WB-WESTPOINT-245_Westpoint_Deluxe_Kitchen_Robot_WF_502_3.webp,3,Westpoint Deluxe Kitchen Robot WF-502,,,,
westpoint-deluxe-kitchen-robot-wf-503,Westpoint Deluxe Kitchen Robot WF-503,"<p>Slice, shred and chop ingredients with ease using the Westpoint WF-503 Deluxe Kitchen Robot. Its multifunction food-processing system is designed to handle vegetables, meat and other everyday ingredients efficiently. The large processing bowl, feeding chute and convenient controls make it a practical addition to busy home kitchens.</p>",Win Bachat,Home & Garden > Kitchen & Dining > Kitchen Appliances,Home Appliances,"Electronics, Westpoint, Win Bachat, Kitchen Robot",true,Title,Default Title,MRT-WB-WESTPOINT-246,6000,shopify,deny,manual,17582.00,21098.00,TRUE,TRUE,,https://raw.githubusercontent.com/mrfantastic05678/shopify-products/main/public_images/winbachat/MRT-WB-WESTPOINT-246_Westpoint_Deluxe_Kitchen_Robot_WF_503_1.jpg,1,Westpoint Deluxe Kitchen Robot WF-503,FALSE,Westpoint WF-503 Deluxe Kitchen Robot & Food Processor,"Shop Westpoint WF-503 Deluxe Kitchen Robot for convenient slicing, shredding and chopping of vegetables, meat and ingredients for everyday recipes.",active
westpoint-deluxe-kitchen-robot-wf-503,,,,,,,,,,,,,,,,,,,,https://raw.githubusercontent.com/mrfantastic05678/shopify-products/main/public_images/winbachat/MRT-WB-WESTPOINT-246_Westpoint_Deluxe_Kitchen_Robot_WF_503_2.webp,2,Westpoint Deluxe Kitchen Robot WF-503,,,,
westpoint-deluxe-kitchen-robot-wf-503,,,,,,,,,,,,,,,,,,,,https://raw.githubusercontent.com/mrfantastic05678/shopify-products/main/public_images/winbachat/MRT-WB-WESTPOINT-246_Westpoint_Deluxe_Kitchen_Robot_WF_503_3.jpg,3,Westpoint Deluxe Kitchen Robot WF-503,,,,
westpoint-deluxe-kitchen-robot-wf-504,Westpoint Deluxe Kitchen Robot WF-504,"<p>Take on multiple kitchen jobs with the Westpoint WF-504 Deluxe Kitchen Robot. Featuring a large 1200ml processing bowl and a powerful 500-watt motor, it is designed for chopping, slicing, shredding and dough preparation. Its multifunction design helps make everyday meal preparation quicker and more convenient.</p>",Win Bachat,Home & Garden > Kitchen & Dining > Kitchen Appliances,Home Appliances,"Electronics, Westpoint, Win Bachat, Kitchen Robot",true,Title,Default Title,MRT-WB-WESTPOINT-247,6000,shopify,deny,manual,17582.00,21098.00,TRUE,TRUE,,https://raw.githubusercontent.com/mrfantastic05678/shopify-products/main/public_images/winbachat/MRT-WB-WESTPOINT-247_Westpoint_Deluxe_Kitchen_Robot_WF_504_1.webp,1,Westpoint Deluxe Kitchen Robot WF-504,FALSE,Westpoint WF-504 500W Deluxe Kitchen Robot 1200ml,"Buy Westpoint WF-504 Deluxe Kitchen Robot with 500W motor and 1200ml bowl for chopping, slicing, shredding and convenient everyday food preparation.",active
westpoint-deluxe-kitchen-robot-wf-504,,,,,,,,,,,,,,,,,,,,https://raw.githubusercontent.com/mrfantastic05678/shopify-products/main/public_images/winbachat/MRT-WB-WESTPOINT-247_Westpoint_Deluxe_Kitchen_Robot_WF_504_2.jpg,2,Westpoint Deluxe Kitchen Robot WF-504,,,,
westpoint-professional-kitchen-robot-wf-505,Westpoint Professional Kitchen Robot WF-505,"<p>Make everyday ingredient preparation easier with the Westpoint WF-505 Professional Kitchen Robot. Equipped with an 800-watt pure copper motor, this multifunction appliance is designed to slice, shred and chop a variety of ingredients. Its processing bowl, feeding tube and included attachments provide versatility for regular kitchen tasks.</p>",Win Bachat,Home & Garden > Kitchen & Dining > Kitchen Appliances,Home Appliances,"Electronics, Westpoint, Win Bachat, Kitchen Robot",true,Title,Default Title,MRT-WB-WESTPOINT-248,6000,shopify,deny,manual,17582.00,21098.00,TRUE,TRUE,,https://raw.githubusercontent.com/mrfantastic05678/shopify-products/main/public_images/winbachat/MRT-WB-WESTPOINT-248_Westpoint_Professional_Kitchen_Robot_WF_505_1.jpg,1,Westpoint Professional Kitchen Robot WF-505,FALSE,Westpoint WF-505 800W Professional Kitchen Robot,"Shop Westpoint WF-505 Professional Kitchen Robot with 800W pure copper motor for convenient slicing, shredding, chopping and everyday food preparation.",active
westpoint-professional-kitchen-robot-wf-505,,,,,,,,,,,,,,,,,,,,https://raw.githubusercontent.com/mrfantastic05678/shopify-products/main/public_images/winbachat/MRT-WB-WESTPOINT-248_Westpoint_Professional_Kitchen_Robot_WF_505_2.webp,2,Westpoint Professional Kitchen Robot WF-505,,,,
westpoint-professional-kitchen-robot-wf-505,,,,,,,,,,,,,,,,,,,,https://raw.githubusercontent.com/mrfantastic05678/shopify-products/main/public_images/winbachat/MRT-WB-WESTPOINT-248_Westpoint_Professional_Kitchen_Robot_WF_505_3.jpg,3,Westpoint Professional Kitchen Robot WF-505,,,,
westpoint-deluxe-kitchen-robot-wf-506,Westpoint Deluxe Kitchen Robot WF-506,"<p>Enjoy versatile food preparation with the Westpoint WF-506 Deluxe Kitchen Robot. Designed for chopping, slicing, shredding and other everyday processing tasks, it comes with multiple attachments to help prepare a variety of ingredients. Its spacious processing bowl and convenient rotary control make kitchen preparation simple and efficient.</p>",Win Bachat,Home & Garden > Kitchen & Dining > Kitchen Appliances,Home Appliances,"Electronics, Westpoint, Win Bachat, Kitchen Robot",true,Title,Default Title,MRT-WB-WESTPOINT-249,6000,shopify,deny,manual,17582.00,21098.00,TRUE,TRUE,,https://raw.githubusercontent.com/mrfantastic05678/shopify-products/main/public_images/winbachat/MRT-WB-WESTPOINT-249_Westpoint_Deluxe_Kitchen_Robot_WF_506_1.jpg,1,Westpoint Deluxe Kitchen Robot WF-506,FALSE,Westpoint WF-506 Deluxe Multifunction Kitchen Robot,"Buy Westpoint WF-506 Deluxe Kitchen Robot with multiple food-processing attachments for convenient chopping, slicing, shredding and everyday meal preparation.",active
westpoint-deluxe-kitchen-robot-wf-506,,,,,,,,,,,,,,,,,,,,https://raw.githubusercontent.com/mrfantastic05678/shopify-products/main/public_images/winbachat/MRT-WB-WESTPOINT-249_Westpoint_Deluxe_Kitchen_Robot_WF_506_2.jpg,2,Westpoint Deluxe Kitchen Robot WF-506,,,,
westpoint-deluxe-kitchen-robot-wf-506,,,,,,,,,,,,,,,,,,,,https://raw.githubusercontent.com/mrfantastic05678/shopify-products/main/public_images/winbachat/MRT-WB-WESTPOINT-249_Westpoint_Deluxe_Kitchen_Robot_WF_506_3.jpg,3,Westpoint Deluxe Kitchen Robot WF-506,,,,
westpoint-deluxe-kitchen-robot-vegetable-cutter-wf-495,Westpoint Deluxe Kitchen Robot & Vegetable Cutter WF-495,"<p>Make chopping and vegetable preparation more convenient with the Westpoint WF-495 Deluxe Kitchen Robot. Its spacious processing bowl and cutting disc are designed for chopping, slicing and shredding vegetables and other ingredients. Multiple speed settings provide greater control for different everyday food-preparation tasks.</p>",Win Bachat,Home & Garden > Kitchen & Dining > Kitchen Appliances,Home Appliances,"Electronics, Westpoint, Win Bachat, Kitchen Robot",true,Title,Default Title,MRT-WB-WESTPOINT-250,6000,shopify,deny,manual,17582.00,21098.00,TRUE,TRUE,,https://raw.githubusercontent.com/mrfantastic05678/shopify-products/main/public_images/winbachat/MRT-WB-WESTPOINT-250_Westpoint_Deluxe_Kitchen_Robot_Vegetable_Cutter_WF_1.jpg,1,Westpoint Deluxe Kitchen Robot & Vegetable Cutter WF-495,FALSE,Westpoint WF-495 Kitchen Robot & Vegetable Cutter,"Shop Westpoint WF-495 Deluxe Kitchen Robot and Vegetable Cutter for convenient chopping, slicing and shredding of vegetables and everyday ingredients.",active
westpoint-deluxe-kitchen-robot-vegetable-cutter-wf-495,,,,,,,,,,,,,,,,,,,,https://raw.githubusercontent.com/mrfantastic05678/shopify-products/main/public_images/winbachat/MRT-WB-WESTPOINT-250_Westpoint_Deluxe_Kitchen_Robot_Vegetable_Cutter_WF_2.jpg,2,Westpoint Deluxe Kitchen Robot & Vegetable Cutter WF-495,,,,
westpoint-deluxe-kitchen-robot-vegetable-cutter-wf-495,,,,,,,,,,,,,,,,,,,,https://raw.githubusercontent.com/mrfantastic05678/shopify-products/main/public_images/winbachat/MRT-WB-WESTPOINT-250_Westpoint_Deluxe_Kitchen_Robot_Vegetable_Cutter_WF_3.jpg,3,Westpoint Deluxe Kitchen Robot & Vegetable Cutter WF-495,,,,
westpoint-deluxe-wet-dry-drum-vacuum-cleaner-with-blower-wf-3669,Westpoint Deluxe Wet & Dry Drum Vacuum Cleaner with Blower WF-3669,"<p>A versatile Westpoint drum vacuum cleaner designed for wet and dry cleaning. The durable stainless-steel drum, powerful suction and built-in blower function make it suitable for cleaning floors, carpets, furniture and hard-to-reach areas around the home or office.</p>",Win Bachat,Home & Garden > Kitchen & Dining > Kitchen Appliances,Home Appliances,"Electronics, Westpoint, Win Bachat, Vacuum Cleaner",true,Title,Default Title,MRT-WB-WESTPOINT-251,6500,shopify,deny,manual,36226.00,43471.00,TRUE,TRUE,,https://raw.githubusercontent.com/mrfantastic05678/shopify-products/main/public_images/winbachat/MRT-WB-WESTPOINT-251_Westpoint_Deluxe_Wet_Dry_Drum_Vacuum_Cleaner_with__1.jpg,1,Westpoint Deluxe Wet & Dry Drum Vacuum Cleaner with Blower WF-3669,FALSE,Westpoint Wet & Dry Vacuum Cleaner with Blower WF-3669,Shop Westpoint WF-3669 wet & dry drum vacuum cleaner with stainless-steel body and blower function for convenient and powerful everyday cleaning.,active
westpoint-deluxe-wet-dry-drum-vacuum-cleaner-with-blower-wf-3669,,,,,,,,,,,,,,,,,,,,https://raw.githubusercontent.com/mrfantastic05678/shopify-products/main/public_images/winbachat/MRT-WB-WESTPOINT-251_Westpoint_Deluxe_Wet_Dry_Drum_Vacuum_Cleaner_with__2.jpg,2,Westpoint Deluxe Wet & Dry Drum Vacuum Cleaner with Blower WF-3669,,,,
westpoint-deluxe-wet-dry-drum-vacuum-cleaner-with-blower-wf-3669,,,,,,,,,,,,,,,,,,,,https://raw.githubusercontent.com/mrfantastic05678/shopify-products/main/public_images/winbachat/MRT-WB-WESTPOINT-251_Westpoint_Deluxe_Wet_Dry_Drum_Vacuum_Cleaner_with__3.jpg,3,Westpoint Deluxe Wet & Dry Drum Vacuum Cleaner with Blower WF-3669,,,,
westpoint-deluxe-drum-vacuum-cleaner-with-blower-wf-104,Westpoint Deluxe Drum Vacuum Cleaner with Blower WF-104,"<p>Westpoint WF-104 is a heavy-duty drum vacuum cleaner featuring strong suction and a convenient blower function. Its large-capacity design and wheeled base make cleaning spacious homes, offices and other indoor areas easier.</p>",Win Bachat,Home & Garden > Kitchen & Dining > Kitchen Appliances,Home Appliances,"Electronics, Westpoint, Win Bachat, Vacuum Cleaner",true,Title,Default Title,MRT-WB-WESTPOINT-252,6500,shopify,deny,manual,30444.00,36533.00,TRUE,TRUE,,https://raw.githubusercontent.com/mrfantastic05678/shopify-products/main/public_images/winbachat/MRT-WB-WESTPOINT-252_Westpoint_Deluxe_Drum_Vacuum_Cleaner_with_Blower_W_1.jpg,1,Westpoint Deluxe Drum Vacuum Cleaner with Blower WF-104,FALSE,Westpoint Drum Vacuum Cleaner with Blower WF-104,"Buy Westpoint WF-104 drum vacuum cleaner with powerful suction, large-capacity drum, convenient wheels and built-in blower function.",active
westpoint-deluxe-drum-vacuum-cleaner-with-blower-wf-104,,,,,,,,,,,,,,,,,,,,https://raw.githubusercontent.com/mrfantastic05678/shopify-products/main/public_images/winbachat/MRT-WB-WESTPOINT-252_Westpoint_Deluxe_Drum_Vacuum_Cleaner_with_Blower_W_2.jpg,2,Westpoint Deluxe Drum Vacuum Cleaner with Blower WF-104,,,,
westpoint-deluxe-drum-vacuum-cleaner-with-blower-wf-104,,,,,,,,,,,,,,,,,,,,https://raw.githubusercontent.com/mrfantastic05678/shopify-products/main/public_images/winbachat/MRT-WB-WESTPOINT-252_Westpoint_Deluxe_Drum_Vacuum_Cleaner_with_Blower_W_3.jpg,3,Westpoint Deluxe Drum Vacuum Cleaner with Blower WF-104,,,,
westpoint-vacuum-cleaner-wf-960,Westpoint Vacuum Cleaner WF-960,"<p>Keep floors and carpets cleaner with the Westpoint WF-960 vacuum cleaner. Designed for dependable everyday suction, its practical drum-style construction, flexible hose and floor-cleaning attachment help tackle dust and debris throughout the home.</p>",Win Bachat,Home & Garden > Kitchen & Dining > Kitchen Appliances,Home Appliances,"Electronics, Westpoint, Win Bachat, Vacuum Cleaner",true,Title,Default Title,MRT-WB-WESTPOINT-253,5500,shopify,deny,manual,32804.00,39365.00,TRUE,TRUE,,https://raw.githubusercontent.com/mrfantastic05678/shopify-products/main/public_images/winbachat/MRT-WB-WESTPOINT-253_Westpoint_Vacuum_Cleaner_WF_960_1.jpg,1,Westpoint Vacuum Cleaner WF-960,FALSE,Westpoint Vacuum Cleaner WF-960 – Powerful Suction,"Shop Westpoint WF-960 vacuum cleaner for powerful everyday suction and convenient cleaning of floors, carpets and other household surfaces.",active
westpoint-vacuum-cleaner-wf-960,,,,,,,,,,,,,,,,,,,,https://raw.githubusercontent.com/mrfantastic05678/shopify-products/main/public_images/winbachat/MRT-WB-WESTPOINT-253_Westpoint_Vacuum_Cleaner_WF_960_2.jpg,2,Westpoint Vacuum Cleaner WF-960,,,,
westpoint-vacuum-cleaner-wf-960,,,,,,,,,,,,,,,,,,,,https://raw.githubusercontent.com/mrfantastic05678/shopify-products/main/public_images/winbachat/MRT-WB-WESTPOINT-253_Westpoint_Vacuum_Cleaner_WF_960_3.jpg,3,Westpoint Vacuum Cleaner WF-960,,,,
westpoint-deluxe-drum-vacuum-cleaner-with-blower-wf-3569,Westpoint Deluxe Drum Vacuum Cleaner with Blower WF-3569,"<p>The Westpoint WF-3569 professional drum vacuum cleaner combines powerful suction with a convenient blower function. Its large-capacity body, easy-movement wheels and practical cleaning attachments make it ideal for demanding household cleaning jobs.</p>",Win Bachat,Home & Garden > Kitchen & Dining > Kitchen Appliances,Home Appliances,"Electronics, Westpoint, Win Bachat, Vacuum Cleaner",true,Title,Default Title,MRT-WB-WESTPOINT-254,6500,shopify,deny,manual,34810.00,41772.00,TRUE,TRUE,,https://raw.githubusercontent.com/mrfantastic05678/shopify-products/main/public_images/winbachat/MRT-WB-WESTPOINT-254_Westpoint_Deluxe_Drum_Vacuum_Cleaner_with_Blower_W_1.jpg,1,Westpoint Deluxe Drum Vacuum Cleaner with Blower WF-3569,FALSE,Westpoint Drum Vacuum Cleaner with Blower WF-3569,"Discover Westpoint WF-3569 professional drum vacuum cleaner with powerful suction, blower function and large-capacity design for convenient cleaning.",active
westpoint-deluxe-drum-vacuum-cleaner-with-blower-wf-3569,,,,,,,,,,,,,,,,,,,,https://raw.githubusercontent.com/mrfantastic05678/shopify-products/main/public_images/winbachat/MRT-WB-WESTPOINT-254_Westpoint_Deluxe_Drum_Vacuum_Cleaner_with_Blower_W_2.jpg,2,Westpoint Deluxe Drum Vacuum Cleaner with Blower WF-3569,,,,
westpoint-deluxe-drum-vacuum-cleaner-with-blower-wf-3569,,,,,,,,,,,,,,,,,,,,https://raw.githubusercontent.com/mrfantastic05678/shopify-products/main/public_images/winbachat/MRT-WB-WESTPOINT-254_Westpoint_Deluxe_Drum_Vacuum_Cleaner_with_Blower_W_3.webp,3,Westpoint Deluxe Drum Vacuum Cleaner with Blower WF-3569,,,,
westpoint-deluxe-magic-broom-handy-vacuum-wf-231,Westpoint Deluxe Magic Broom Handy Vacuum WF-231,<p>Westpoint WF-231 Deluxe Magic Broom offers a lightweight and convenient approach to everyday floor cleaning. Its upright design makes it easy to handle and store while helping remove everyday dust and debris from household surfaces.</p>,Win Bachat,Home & Garden > Kitchen & Dining > Kitchen Appliances,Home Appliances,"Electronics, Westpoint, Win Bachat, Vacuum Cleaner",true,Title,Default Title,MRT-WB-WESTPOINT-255,2000,shopify,deny,manual,15930.00,19116.00,TRUE,TRUE,,https://raw.githubusercontent.com/mrfantastic05678/shopify-products/main/public_images/winbachat/MRT-WB-WESTPOINT-255_Westpoint_Deluxe_Magic_Broom_Handy_Vacuum_WF_231_1.jpg,1,Westpoint Deluxe Magic Broom Handy Vacuum WF-231,FALSE,Westpoint Deluxe Magic Broom Vacuum WF-231,"Shop Westpoint WF-231 Deluxe Magic Broom, a convenient upright vacuum designed for quick and easy everyday cleaning around your home.",active
westpoint-deluxe-magic-broom-handy-vacuum-wf-231,,,,,,,,,,,,,,,,,,,,https://raw.githubusercontent.com/mrfantastic05678/shopify-products/main/public_images/winbachat/MRT-WB-WESTPOINT-255_Westpoint_Deluxe_Magic_Broom_Handy_Vacuum_WF_231_2.jpg,2,Westpoint Deluxe Magic Broom Handy Vacuum WF-231,,,,
westpoint-deluxe-manual-microwave-oven-wf-825m,Westpoint Deluxe Manual Microwave Oven WF-825M,"<p>Heat and prepare everyday meals conveniently with the Westpoint WF-825M manual microwave oven. Simple rotary controls provide straightforward operation and multiple power settings make it suitable for reheating, warming and basic food preparation.</p>",Win Bachat,Home & Garden > Kitchen & Dining > Kitchen Appliances,Home Appliances,"Electronics, Westpoint, Win Bachat, Microwave",true,Title,Default Title,MRT-WB-WESTPOINT-256,13000,shopify,deny,manual,26550.00,31860.00,TRUE,TRUE,,https://raw.githubusercontent.com/mrfantastic05678/shopify-products/main/public_images/winbachat/MRT-WB-WESTPOINT-256_Westpoint_Deluxe_Manual_Microwave_Oven_WF_825M_1.jpg,1,Westpoint Deluxe Manual Microwave Oven WF-825M,FALSE,Westpoint Manual Microwave Oven WF-825M,Buy Westpoint WF-825M manual microwave oven with easy rotary controls and multiple power levels for quick reheating and everyday meal preparation.,active
westpoint-deluxe-manual-microwave-oven-wf-825m,,,,,,,,,,,,,,,,,,,,https://raw.githubusercontent.com/mrfantastic05678/shopify-products/main/public_images/winbachat/MRT-WB-WESTPOINT-256_Westpoint_Deluxe_Manual_Microwave_Oven_WF_825M_2.jpg,2,Westpoint Deluxe Manual Microwave Oven WF-825M,,,,
westpoint-deluxe-digital-microwave-oven-with-grill-wf-830,Westpoint Deluxe Digital Microwave Oven with Grill WF-830,"<p>The Westpoint WF-830 combines microwave convenience with grilling functionality in one practical appliance. Its digital controls allow easy selection of cooking functions for reheating, defrosting, cooking and grilling a variety of foods.</p>",Win Bachat,Home & Garden > Kitchen & Dining > Kitchen Appliances,Home Appliances,"Electronics, Westpoint, Win Bachat, Microwave, Oven",true,Title,Default Title,MRT-WB-WESTPOINT-257,13000,shopify,deny,manual,34220.00,41064.00,TRUE,TRUE,,https://raw.githubusercontent.com/mrfantastic05678/shopify-products/main/public_images/winbachat/MRT-WB-WESTPOINT-257_Westpoint_Deluxe_Digital_Microwave_Oven_with_Grill_1.jpg,1,Westpoint Deluxe Digital Microwave Oven with Grill WF-830,FALSE,Westpoint Digital Microwave with Grill WF-830,"Shop Westpoint WF-830 digital microwave oven with grill, convenient controls and versatile functions for heating, defrosting, cooking and grilling.",active
westpoint-deluxe-digital-microwave-oven-with-grill-wf-830,,,,,,,,,,,,,,,,,,,,https://raw.githubusercontent.com/mrfantastic05678/shopify-products/main/public_images/winbachat/MRT-WB-WESTPOINT-257_Westpoint_Deluxe_Digital_Microwave_Oven_with_Grill_2.jpg,2,Westpoint Deluxe Digital Microwave Oven with Grill WF-830,,,,
westpoint-deluxe-microwave-oven-with-grill-wf-832,Westpoint Deluxe Microwave Oven with Grill WF-832,"<p>Westpoint WF-832 is a versatile microwave oven with grill designed for convenient everyday cooking. Multiple microwave power levels, defrost functionality and grilling capability make it suitable for reheating meals and preparing a variety of dishes.</p>",Win Bachat,Home & Garden > Kitchen & Dining > Kitchen Appliances,Home Appliances,"Electronics, Westpoint, Win Bachat, Microwave, Oven",true,Title,Default Title,MRT-WB-WESTPOINT-258,13000,shopify,deny,manual,44840.00,53808.00,TRUE,TRUE,,https://raw.githubusercontent.com/mrfantastic05678/shopify-products/main/public_images/winbachat/MRT-WB-WESTPOINT-258_Westpoint_Deluxe_Microwave_Oven_with_Grill_WF_832_1.jpg,1,Westpoint Deluxe Microwave Oven with Grill WF-832,FALSE,Westpoint Microwave Oven with Grill WF-832,"Buy Westpoint WF-832 microwave oven with grill, multiple power levels and convenient cooking functions for quick everyday meal preparation.",active
westpoint-deluxe-microwave-oven-with-grill-wf-832,,,,,,,,,,,,,,,,,,,,https://raw.githubusercontent.com/mrfantastic05678/shopify-products/main/public_images/winbachat/MRT-WB-WESTPOINT-258_Westpoint_Deluxe_Microwave_Oven_with_Grill_WF_832_2.jpg,2,Westpoint Deluxe Microwave Oven with Grill WF-832,,,,
westpoint-deluxe-microwave-oven-with-grill-wf-832,,,,,,,,,,,,,,,,,,,,https://raw.githubusercontent.com/mrfantastic05678/shopify-products/main/public_images/winbachat/MRT-WB-WESTPOINT-258_Westpoint_Deluxe_Microwave_Oven_with_Grill_WF_832_3.jpg,3,Westpoint Deluxe Microwave Oven with Grill WF-832,,,,
westpoint-deluxe-microwave-oven-with-grill-wf-851,Westpoint Deluxe Microwave Oven with Grill WF-851,"<p>Prepare, reheat and grill food conveniently with the Westpoint WF-851 microwave oven. Its microwave and grilling functions provide added flexibility for everyday meals while its practical design complements modern kitchens.</p>",Win Bachat,Home & Garden > Kitchen & Dining > Kitchen Appliances,Home Appliances,"Electronics, Westpoint, Win Bachat, Microwave, Oven",true,Title,Default Title,MRT-WB-WESTPOINT-259,13000,shopify,deny,manual,48380.00,58056.00,TRUE,TRUE,,https://raw.githubusercontent.com/mrfantastic05678/shopify-products/main/public_images/winbachat/MRT-WB-WESTPOINT-259_Westpoint_Deluxe_Microwave_Oven_with_Grill_WF_851_1.jpg,1,Westpoint Deluxe Microwave Oven with Grill WF-851,FALSE,Westpoint Microwave Oven with Grill WF-851,"Shop Westpoint WF-851 microwave oven with grill for convenient reheating, cooking, defrosting and grilling in your everyday kitchen routine.",active
westpoint-deluxe-microwave-oven-with-grill-wf-851,,,,,,,,,,,,,,,,,,,,https://raw.githubusercontent.com/mrfantastic05678/shopify-products/main/public_images/winbachat/MRT-WB-WESTPOINT-259_Westpoint_Deluxe_Microwave_Oven_with_Grill_WF_851_2.jpg,2,Westpoint Deluxe Microwave Oven with Grill WF-851,,,,
westpoint-deluxe-microwave-oven-with-grill-wf-853,Westpoint Deluxe Microwave Oven with Grill WF-853,<p>The Westpoint WF-853 microwave oven with grill brings versatile cooking to the kitchen with convenient microwave heating and grilling capabilities. Its spacious design and user-friendly controls make everyday food preparation simpler.</p>,Win Bachat,Home & Garden > Kitchen & Dining > Kitchen Appliances,Home Appliances,"Electronics, Westpoint, Win Bachat, Microwave, Oven",true,Title,Default Title,MRT-WB-WESTPOINT-260,13000,shopify,deny,manual,53100.00,63720.00,TRUE,TRUE,,https://raw.githubusercontent.com/mrfantastic05678/shopify-products/main/public_images/winbachat/MRT-WB-WESTPOINT-260_Westpoint_Deluxe_Microwave_Oven_with_Grill_WF_853_1.jpg,1,Westpoint Deluxe Microwave Oven with Grill WF-853,FALSE,Westpoint Microwave Oven with Grill WF-853,"Buy Westpoint WF-853 microwave oven with grill, combining convenient microwave heating and grilling functions for versatile everyday cooking.",active
westpoint-deluxe-microwave-oven-with-grill-wf-853,,,,,,,,,,,,,,,,,,,,https://raw.githubusercontent.com/mrfantastic05678/shopify-products/main/public_images/winbachat/MRT-WB-WESTPOINT-260_Westpoint_Deluxe_Microwave_Oven_with_Grill_WF_853_2.jpg,2,Westpoint Deluxe Microwave Oven with Grill WF-853,,,,
westpoint-deluxe-microwave-oven-with-grill-wf-853,,,,,,,,,,,,,,,,,,,,https://raw.githubusercontent.com/mrfantastic05678/shopify-products/main/public_images/winbachat/MRT-WB-WESTPOINT-260_Westpoint_Deluxe_Microwave_Oven_with_Grill_WF_853_3.jpg,3,Westpoint Deluxe Microwave Oven with Grill WF-853,,,,
westpoint-deluxe-digital-microwave-oven-with-grill-wf-841dg,Westpoint Deluxe Digital Microwave Oven with Grill WF-841DG,"<p>Cook more conveniently with the Westpoint WF-841DG digital microwave oven with grill. Its sleek black-glass styling, digital controls and smart cooking functions provide flexible options for heating, defrosting, cooking and grilling meals.</p>",Win Bachat,Home & Garden > Kitchen & Dining > Kitchen Appliances,Home Appliances,"Electronics, Westpoint, Win Bachat, Microwave, Oven",true,Title,Default Title,MRT-WB-WESTPOINT-261,13000,shopify,deny,manual,47200.00,56640.00,TRUE,TRUE,,https://raw.githubusercontent.com/mrfantastic05678/shopify-products/main/public_images/winbachat/MRT-WB-WESTPOINT-261_Westpoint_Deluxe_Digital_Microwave_Oven_with_Grill_1.jpg,1,Westpoint Deluxe Digital Microwave Oven with Grill WF-841DG,FALSE,Westpoint Digital Microwave with Grill WF-841DG,"Shop Westpoint WF-841DG digital microwave oven with grill, black-glass design and versatile cooking functions for quick and convenient meals.",active
westpoint-deluxe-digital-microwave-oven-with-grill-wf-841dg,,,,,,,,,,,,,,,,,,,,https://raw.githubusercontent.com/mrfantastic05678/shopify-products/main/public_images/winbachat/MRT-WB-WESTPOINT-261_Westpoint_Deluxe_Digital_Microwave_Oven_with_Grill_2.webp,2,Westpoint Deluxe Digital Microwave Oven with Grill WF-841DG,,,,
westpoint-deluxe-digital-microwave-oven-with-grill-wf-841dg,,,,,,,,,,,,,,,,,,,,https://raw.githubusercontent.com/mrfantastic05678/shopify-products/main/public_images/winbachat/MRT-WB-WESTPOINT-261_Westpoint_Deluxe_Digital_Microwave_Oven_with_Grill_3.jpg,3,Westpoint Deluxe Digital Microwave Oven with Grill WF-841DG,,,,
westpoint-deluxe-fan-heater-wf-5147,Westpoint Deluxe Fan Heater WF-5147,"<p>Stay comfortable during colder weather with the Westpoint WF-5147 fan heater. Designed to deliver warm airflow in a compact format, its adjustable controls make it a practical heating solution for bedrooms, offices and other indoor spaces.</p>",Win Bachat,Home & Garden > Kitchen & Dining > Kitchen Appliances,Home Appliances,"Electronics, Westpoint, Win Bachat, Heater",true,Title,Default Title,MRT-WB-WESTPOINT-262,2500,shopify,deny,manual,10620.00,12744.00,TRUE,TRUE,,https://raw.githubusercontent.com/mrfantastic05678/shopify-products/main/public_images/winbachat/MRT-WB-WESTPOINT-262_Westpoint_Deluxe_Fan_Heater_WF_5147_1.jpg,1,Westpoint Deluxe Fan Heater WF-5147,FALSE,Westpoint Deluxe Fan Heater WF-5147,Buy Westpoint WF-5147 deluxe fan heater with convenient heat controls and compact design for comfortable indoor heating during colder weather.,active
westpoint-deluxe-fan-heater-wf-5147,,,,,,,,,,,,,,,,,,,,https://raw.githubusercontent.com/mrfantastic05678/shopify-products/main/public_images/winbachat/MRT-WB-WESTPOINT-262_Westpoint_Deluxe_Fan_Heater_WF_5147_2.jpg,2,Westpoint Deluxe Fan Heater WF-5147,,,,
westpoint-deluxe-fan-heater-wf-5147,,,,,,,,,,,,,,,,,,,,https://raw.githubusercontent.com/mrfantastic05678/shopify-products/main/public_images/winbachat/MRT-WB-WESTPOINT-262_Westpoint_Deluxe_Fan_Heater_WF_5147_3.jpg,3,Westpoint Deluxe Fan Heater WF-5147,,,,
westpoint-deluxe-fan-heater-wf-4307,Westpoint Deluxe Fan Heater WF-4307,"<p>The Westpoint WF-4307 is a modern fan heater designed for efficient personal and room heating. PTC ceramic heating, oscillation, thermostatic temperature control, built-in safety features and an integrated dust filter support comfortable everyday use.</p>",Win Bachat,Home & Garden > Kitchen & Dining > Kitchen Appliances,Home Appliances,"Electronics, Westpoint, Win Bachat, Heater",true,Title,Default Title,MRT-WB-WESTPOINT-263,2500,shopify,deny,manual,11328.00,13594.00,TRUE,TRUE,,https://raw.githubusercontent.com/mrfantastic05678/shopify-products/main/public_images/winbachat/MRT-WB-WESTPOINT-263_Westpoint_Deluxe_Fan_Heater_WF_4307_1.jpg,1,Westpoint Deluxe Fan Heater WF-4307,FALSE,Westpoint PTC Ceramic Fan Heater WF-4307,"Shop Westpoint WF-4307 fan heater with PTC ceramic heating, oscillation, thermostat control, safety features and integrated dust filter.",active
westpoint-deluxe-fan-heater-wf-4307,,,,,,,,,,,,,,,,,,,,https://raw.githubusercontent.com/mrfantastic05678/shopify-products/main/public_images/winbachat/MRT-WB-WESTPOINT-263_Westpoint_Deluxe_Fan_Heater_WF_4307_2.jpg,2,Westpoint Deluxe Fan Heater WF-4307,,,,
westpoint-deluxe-fan-heater-wf-4307,,,,,,,,,,,,,,,,,,,,https://raw.githubusercontent.com/mrfantastic05678/shopify-products/main/public_images/winbachat/MRT-WB-WESTPOINT-263_Westpoint_Deluxe_Fan_Heater_WF_4307_3.jpg,3,Westpoint Deluxe Fan Heater WF-4307,,,,
westpoint-deluxe-tower-fan-heater-wf-6307,Westpoint Deluxe Tower Fan Heater WF-6307,"<p>Westpoint WF-6307 combines a space-saving tower design with PTC ceramic heating for comfortable indoor warmth. Dual heat settings, wide-angle oscillation, thermostatic temperature control and safety features provide convenient operation.</p>",Win Bachat,Home & Garden > Kitchen & Dining > Kitchen Appliances,Home Appliances,"Electronics, Westpoint, Win Bachat, Heater",true,Title,Default Title,MRT-WB-WESTPOINT-264,4000,shopify,deny,manual,18644.00,22373.00,TRUE,TRUE,,https://raw.githubusercontent.com/mrfantastic05678/shopify-products/main/public_images/winbachat/MRT-WB-WESTPOINT-264_Westpoint_Deluxe_Tower_Fan_Heater_WF_6307_1.jpg,1,Westpoint Deluxe Tower Fan Heater WF-6307,FALSE,Westpoint Tower Fan Heater WF-6307,"Buy Westpoint WF-6307 tower fan heater with PTC ceramic heating, dual heat settings, oscillation, thermostat control and safety system.",active
westpoint-deluxe-tower-fan-heater-wf-6307,,,,,,,,,,,,,,,,,,,,https://raw.githubusercontent.com/mrfantastic05678/shopify-products/main/public_images/winbachat/MRT-WB-WESTPOINT-264_Westpoint_Deluxe_Tower_Fan_Heater_WF_6307_2.jpg,2,Westpoint Deluxe Tower Fan Heater WF-6307,,,,
westpoint-deluxe-tower-fan-heater-wf-6307,,,,,,,,,,,,,,,,,,,,https://raw.githubusercontent.com/mrfantastic05678/shopify-products/main/public_images/winbachat/MRT-WB-WESTPOINT-264_Westpoint_Deluxe_Tower_Fan_Heater_WF_6307_3.jpg,3,Westpoint Deluxe Tower Fan Heater WF-6307,,,,
westpoint-deluxe-water-dispenser-wf-1401,Westpoint Deluxe Water Dispenser WF-1401,"<p>Enjoy convenient access to hot and cold drinking water with the Westpoint WF-1401 water dispenser. It features fast cooling, a 3.2L cold tank, stainless-steel water tank and child safety lock for practical everyday use.</p>",Win Bachat,Home & Garden > Kitchen & Dining > Kitchen Appliances,Home Appliances,"Electronics, Westpoint, Win Bachat, Heater",true,Title,Default Title,MRT-WB-WESTPOINT-265,15000,shopify,deny,manual,38350.00,46020.00,TRUE,TRUE,,https://raw.githubusercontent.com/mrfantastic05678/shopify-products/main/public_images/winbachat/MRT-WB-WESTPOINT-265_Westpoint_Deluxe_Water_Dispenser_WF_1401_1.jpg,1,Westpoint Deluxe Water Dispenser WF-1401,FALSE,Westpoint Hot & Cold Water Dispenser WF-1401,"Shop Westpoint WF-1401 water dispenser with hot and cold water, fast cooling, 3.2L cold tank, stainless-steel tank and child safety lock.",active
westpoint-deluxe-water-dispenser-wf-1401,,,,,,,,,,,,,,,,,,,,https://raw.githubusercontent.com/mrfantastic05678/shopify-products/main/public_images/winbachat/MRT-WB-WESTPOINT-265_Westpoint_Deluxe_Water_Dispenser_WF_1401_2.jpg,2,Westpoint Deluxe Water Dispenser WF-1401,,,,
westpoint-deluxe-ultra-quiet-tower-fan-wf-1546,Westpoint Deluxe Ultra Quiet Tower Fan WF-1546,"<p>The Westpoint WF-1546 tower fan provides refreshing airflow in a slim, space-saving design. Multiple speed settings, operating modes, oscillation, remote control and a smart LED touch panel offer convenient cooling and easy operation.</p>",Win Bachat,Home & Garden > Kitchen & Dining > Kitchen Appliances,Home Appliances,"Electronics, Westpoint, Win Bachat, Heater",true,Title,Default Title,MRT-WB-WESTPOINT-266,5000,shopify,deny,manual,34810.00,41772.00,TRUE,TRUE,,https://raw.githubusercontent.com/mrfantastic05678/shopify-products/main/public_images/winbachat/MRT-WB-WESTPOINT-266_Westpoint_Deluxe_Ultra_Quiet_Tower_Fan_WF_1546_1.jpg,1,Westpoint Deluxe Ultra Quiet Tower Fan WF-1546,FALSE,Westpoint Ultra Quiet Tower Fan WF-1546,"Buy Westpoint WF-1546 ultra quiet tower fan with multiple speeds, oscillation, remote control and LED touch panel for convenient home cooling.",active
westpoint-deluxe-ultra-quiet-tower-fan-wf-1546,,,,,,,,,,,,,,,,,,,,https://raw.githubusercontent.com/mrfantastic05678/shopify-products/main/public_images/winbachat/MRT-WB-WESTPOINT-266_Westpoint_Deluxe_Ultra_Quiet_Tower_Fan_WF_1546_2.jpg,2,Westpoint Deluxe Ultra Quiet Tower Fan WF-1546,,,,
westpoint-deluxe-sun-heater-wf-5307,Westpoint Deluxe Sun Heater WF-5307,<p>Create a warm and comfortable indoor environment with the Westpoint WF-5307 Sun Heater. Its radiant heating design and adjustable stand make it a practical option for focused warmth in bedrooms and living areas.</p>,Win Bachat,Home & Garden > Kitchen & Dining > Kitchen Appliances,Home Appliances,"Electronics, Westpoint, Win Bachat, Heater",true,Title,Default Title,MRT-WB-WESTPOINT-267,2500,shopify,deny,manual,17110.00,20532.00,TRUE,TRUE,,https://raw.githubusercontent.com/mrfantastic05678/shopify-products/main/public_images/winbachat/MRT-WB-WESTPOINT-267_Westpoint_Deluxe_Sun_Heater_WF_5307_1.jpg,1,Westpoint Deluxe Sun Heater WF-5307,FALSE,Westpoint Deluxe Sun Heater WF-5307,Shop Westpoint WF-5307 Deluxe Sun Heater for convenient focused warmth and comfortable indoor heating during the colder months.,active
westpoint-deluxe-sun-heater-wf-5307,,,,,,,,,,,,,,,,,,,,https://raw.githubusercontent.com/mrfantastic05678/shopify-products/main/public_images/winbachat/MRT-WB-WESTPOINT-267_Westpoint_Deluxe_Sun_Heater_WF_5307_2.jpg,2,Westpoint Deluxe Sun Heater WF-5307,,,,
westpoint-deluxe-sun-heater-wf-5307,,,,,,,,,,,,,,,,,,,,https://raw.githubusercontent.com/mrfantastic05678/shopify-products/main/public_images/winbachat/MRT-WB-WESTPOINT-267_Westpoint_Deluxe_Sun_Heater_WF_5307_3.jpg,3,Westpoint Deluxe Sun Heater WF-5307,,,,
westpoint-deluxe-2-slice-pop-up-toaster-wf-2542,Westpoint Deluxe 2-Slice Pop-Up Toaster WF-2542,"<p>Start your morning with conveniently toasted bread using the Westpoint WF-2542 2-slice pop-up toaster. Its cool-touch plastic body, browning control and easy-to-use design make it a practical addition to the breakfast counter.</p>",Win Bachat,Home & Garden > Kitchen & Dining > Kitchen Appliances,Home Appliances,"Electronics, Westpoint, Win Bachat, Tostar",true,Title,Default Title,MRT-WB-WESTPOINT-268,2000,shopify,deny,manual,9263.00,11116.00,TRUE,TRUE,,https://raw.githubusercontent.com/mrfantastic05678/shopify-products/main/public_images/winbachat/MRT-WB-WESTPOINT-268_Westpoint_Deluxe_2_Slice_Pop_Up_Toaster_WF_2542_1.webp,1,Westpoint Deluxe 2-Slice Pop-Up Toaster WF-2542,FALSE,Westpoint 2-Slice Pop-Up Toaster WF-2542,Buy Westpoint WF-2542 2-slice pop-up toaster with cool-touch body and adjustable browning control for quick and convenient breakfast preparation.,active
westpoint-deluxe-2-slice-pop-up-toaster-wf-2542,,,,,,,,,,,,,,,,,,,,https://raw.githubusercontent.com/mrfantastic05678/shopify-products/main/public_images/winbachat/MRT-WB-WESTPOINT-268_Westpoint_Deluxe_2_Slice_Pop_Up_Toaster_WF_2542_2.jpg,2,Westpoint Deluxe 2-Slice Pop-Up Toaster WF-2542,,,,
westpoint-deluxe-2-slice-pop-up-toaster-wf-2542,,,,,,,,,,,,,,,,,,,,https://raw.githubusercontent.com/mrfantastic05678/shopify-products/main/public_images/winbachat/MRT-WB-WESTPOINT-268_Westpoint_Deluxe_2_Slice_Pop_Up_Toaster_WF_2542_3.jpg,3,Westpoint Deluxe 2-Slice Pop-Up Toaster WF-2542,,,,
westpoint-professional-2-slice-pop-up-toaster-wf-2589,Westpoint Professional 2-Slice Pop-Up Toaster WF-2589,"<p>Westpoint WF-2589 is a professional-style 2-slice pop-up toaster designed for quick and convenient breakfast preparation. Its compact body and straightforward controls make it suitable for everyday toast, sandwiches and other bread-based breakfasts.</p>",Win Bachat,Home & Garden > Kitchen & Dining > Kitchen Appliances,Home Appliances,"Electronics, Westpoint, Win Bachat, Tostar",true,Title,Default Title,MRT-WB-WESTPOINT-269,2000,shopify,deny,manual,9263.00,11116.00,TRUE,TRUE,,https://raw.githubusercontent.com/mrfantastic05678/shopify-products/main/public_images/winbachat/MRT-WB-WESTPOINT-269_Westpoint_Professional_2_Slice_Pop_Up_Toaster_WF_2_1.jpg,1,Westpoint Professional 2-Slice Pop-Up Toaster WF-2589,FALSE,Westpoint 2-Slice Pop-Up Toaster WF-2589,Shop Westpoint WF-2589 professional 2-slice pop-up toaster with a compact design and convenient controls for easy everyday breakfast preparation.,active
westpoint-professional-2-slice-pop-up-toaster-wf-2589,,,,,,,,,,,,,,,,,,,,https://raw.githubusercontent.com/mrfantastic05678/shopify-products/main/public_images/winbachat/MRT-WB-WESTPOINT-269_Westpoint_Professional_2_Slice_Pop_Up_Toaster_WF_2_2.jpg,2,Westpoint Professional 2-Slice Pop-Up Toaster WF-2589,,,,
westpoint-deluxe-2-slice-pop-up-toaster-wf-2532,Westpoint Deluxe 2-Slice Pop-Up Toaster WF-2532,"<p>Add everyday convenience to your breakfast routine with the Westpoint WF-2532 2-slice pop-up toaster. Its modern design, cool-touch construction and easy controls help you prepare evenly toasted bread with less effort.</p>",Win Bachat,Home & Garden > Kitchen & Dining > Kitchen Appliances,Home Appliances,"Electronics, Westpoint, Win Bachat, Tostar",true,Title,Default Title,MRT-WB-WESTPOINT-270,2000,shopify,deny,manual,9676.00,11611.00,TRUE,TRUE,,https://raw.githubusercontent.com/mrfantastic05678/shopify-products/main/public_images/winbachat/MRT-WB-WESTPOINT-270_Westpoint_Deluxe_2_Slice_Pop_Up_Toaster_WF_2532_1.jpg,1,Westpoint Deluxe 2-Slice Pop-Up Toaster WF-2532,FALSE,Westpoint 2-Slice Pop-Up Toaster WF-2532,Buy Westpoint WF-2532 Deluxe 2-slice pop-up toaster with cool-touch design and convenient controls for quick and easy toast preparation.,active
westpoint-deluxe-2-slice-pop-up-toaster-wf-2532,,,,,,,,,,,,,,,,,,,,https://raw.githubusercontent.com/mrfantastic05678/shopify-products/main/public_images/winbachat/MRT-WB-WESTPOINT-270_Westpoint_Deluxe_2_Slice_Pop_Up_Toaster_WF_2532_2.webp,2,Westpoint Deluxe 2-Slice Pop-Up Toaster WF-2532,,,,
westpoint-deluxe-2-slice-pop-up-toaster-wf-2532,,,,,,,,,,,,,,,,,,,,https://raw.githubusercontent.com/mrfantastic05678/shopify-products/main/public_images/winbachat/MRT-WB-WESTPOINT-270_Westpoint_Deluxe_2_Slice_Pop_Up_Toaster_WF_2532_3.jpg,3,Westpoint Deluxe 2-Slice Pop-Up Toaster WF-2532,,,,
westpoint-deluxe-4-slice-steel-body-pop-up-toaster-wf-2564,Westpoint Deluxe 4-Slice Steel Body Pop-Up Toaster WF-2564,"<p>Upgrade your breakfast routine with the Westpoint WF-2564 4-slice pop-up toaster. Its stylish steel body and spacious four-slice design make it ideal for preparing toast for the whole family, while convenient controls help deliver consistent results.</p>",Win Bachat,Home & Garden > Kitchen & Dining > Kitchen Appliances,Home Appliances,"Electronics, Westpoint, Win Bachat, Tostar",true,Title,Default Title,MRT-WB-WESTPOINT-271,2000,shopify,deny,manual,13216.00,15859.00,TRUE,TRUE,,https://raw.githubusercontent.com/mrfantastic05678/shopify-products/main/public_images/winbachat/MRT-WB-WESTPOINT-271_Westpoint_Deluxe_4_Slice_Steel_Body_Pop_Up_Toaster_1.webp,1,Westpoint Deluxe 4-Slice Steel Body Pop-Up Toaster WF-2564,FALSE,Westpoint 4-Slice Steel Body Toaster WF-2564,Shop Westpoint WF-2564 4-slice pop-up toaster with a stylish steel body and convenient controls for quick and easy family breakfast preparation.,active
westpoint-deluxe-4-slice-steel-body-pop-up-toaster-wf-2564,,,,,,,,,,,,,,,,,,,,https://raw.githubusercontent.com/mrfantastic05678/shopify-products/main/public_images/winbachat/MRT-WB-WESTPOINT-271_Westpoint_Deluxe_4_Slice_Steel_Body_Pop_Up_Toaster_2.jpg,2,Westpoint Deluxe 4-Slice Steel Body Pop-Up Toaster WF-2564,,,,
westpoint-deluxe-4-slice-steel-body-pop-up-toaster-wf-2564,,,,,,,,,,,,,,,,,,,,https://raw.githubusercontent.com/mrfantastic05678/shopify-products/main/public_images/winbachat/MRT-WB-WESTPOINT-271_Westpoint_Deluxe_4_Slice_Steel_Body_Pop_Up_Toaster_3.webp,3,Westpoint Deluxe 4-Slice Steel Body Pop-Up Toaster WF-2564,,,,
westpoint-deluxe-4-slice-pop-up-toaster-wf-2528,Westpoint Deluxe 4-Slice Pop-Up Toaster WF-2528,"<p>Prepare more toast in less time with the Westpoint WF-2528 4-slice pop-up toaster. Designed for convenient everyday use, its four bread slots make breakfast preparation easier for families and busy households.</p>",Win Bachat,Home & Garden > Kitchen & Dining > Kitchen Appliances,Home Appliances,"Electronics, Westpoint, Win Bachat, Tostar",true,Title,Default Title,MRT-WB-WESTPOINT-272,2000,shopify,deny,manual,11033.00,13240.00,TRUE,TRUE,,https://raw.githubusercontent.com/mrfantastic05678/shopify-products/main/public_images/winbachat/MRT-WB-WESTPOINT-272_Westpoint_Deluxe_4_Slice_Pop_Up_Toaster_WF_2528_1.jpg,1,Westpoint Deluxe 4-Slice Pop-Up Toaster WF-2528,FALSE,Westpoint 4-Slice Pop-Up Toaster WF-2528,Buy Westpoint WF-2528 4-slice pop-up toaster for convenient everyday breakfast preparation with four slots and an easy-to-use design.,active
westpoint-deluxe-4-slice-pop-up-toaster-wf-2528,,,,,,,,,,,,,,,,,,,,https://raw.githubusercontent.com/mrfantastic05678/shopify-products/main/public_images/winbachat/MRT-WB-WESTPOINT-272_Westpoint_Deluxe_4_Slice_Pop_Up_Toaster_WF_2528_2.jpg,2,Westpoint Deluxe 4-Slice Pop-Up Toaster WF-2528,,,,
westpoint-deluxe-4-slice-pop-up-toaster-wf-2528,,,,,,,,,,,,,,,,,,,,https://raw.githubusercontent.com/mrfantastic05678/shopify-products/main/public_images/winbachat/MRT-WB-WESTPOINT-272_Westpoint_Deluxe_4_Slice_Pop_Up_Toaster_WF_2528_3.jpg,3,Westpoint Deluxe 4-Slice Pop-Up Toaster WF-2528,,,,
westpoint-deluxe-4-slice-pop-up-toaster-with-dual-control-wf-2563,Westpoint Deluxe 4-Slice Pop-Up Toaster with Dual Control WF-2563,"<p>The Westpoint WF-2563 4-slice toaster combines generous capacity with convenient dual controls. Its independent control sections provide greater flexibility when preparing different toast preferences, making it an excellent choice for family breakfasts.</p>",Win Bachat,Home & Garden > Kitchen & Dining > Kitchen Appliances,Home Appliances,"Electronics, Westpoint, Win Bachat, Tostar",true,Title,Default Title,MRT-WB-WESTPOINT-273,2000,shopify,deny,manual,14750.00,17700.00,TRUE,TRUE,,https://raw.githubusercontent.com/mrfantastic05678/shopify-products/main/public_images/winbachat/MRT-WB-WESTPOINT-273_Westpoint_Deluxe_4_Slice_Pop_Up_Toaster_with_Dual__1.jpg,1,Westpoint Deluxe 4-Slice Pop-Up Toaster with Dual Control WF-2563,FALSE,Westpoint 4-Slice Dual Control Toaster WF-2563,"Shop Westpoint WF-2563 4-slice pop-up toaster with dual controls for flexible, convenient and efficient everyday breakfast preparation.",active
westpoint-deluxe-4-slice-pop-up-toaster-with-dual-control-wf-2563,,,,,,,,,,,,,,,,,,,,https://raw.githubusercontent.com/mrfantastic05678/shopify-products/main/public_images/winbachat/MRT-WB-WESTPOINT-273_Westpoint_Deluxe_4_Slice_Pop_Up_Toaster_with_Dual__2.jpg,2,Westpoint Deluxe 4-Slice Pop-Up Toaster with Dual Control WF-2563,,,,
westpoint-deluxe-4-slice-pop-up-toaster-with-dual-control-wf-2563,,,,,,,,,,,,,,,,,,,,https://raw.githubusercontent.com/mrfantastic05678/shopify-products/main/public_images/winbachat/MRT-WB-WESTPOINT-273_Westpoint_Deluxe_4_Slice_Pop_Up_Toaster_with_Dual__3.jpg,3,Westpoint Deluxe 4-Slice Pop-Up Toaster with Dual Control WF-2563,,,,
westpoint-deluxe-handy-quick-chopper-wf-04,Westpoint Deluxe Handy Quick Chopper WF-04,"<p>Make everyday food preparation easier with the Westpoint WF-04 Handy Quick Chopper. Its manual operation is designed for convenient chopping, slicing and blending without electricity, making it a practical kitchen tool for vegetables and other ingredients.</p>",Win Bachat,Home & Garden > Kitchen & Dining > Kitchen Appliances,Home Appliances,"Electronics, Westpoint, Win Bachat, Choper",true,Title,Default Title,MRT-WB-WESTPOINT-274,1500,shopify,deny,manual,2301.00,2761.00,TRUE,TRUE,,https://raw.githubusercontent.com/mrfantastic05678/shopify-products/main/public_images/winbachat/MRT-WB-WESTPOINT-274_Westpoint_Deluxe_Handy_Quick_Chopper_WF_04_1.jpg,1,Westpoint Deluxe Handy Quick Chopper WF-04,FALSE,Westpoint Handy Quick Chopper WF-04,"Buy Westpoint WF-04 Handy Quick Chopper, a convenient manual kitchen assistant for chopping, slicing and preparing everyday ingredients.",active
westpoint-deluxe-handy-quick-chopper-wf-04,,,,,,,,,,,,,,,,,,,,https://raw.githubusercontent.com/mrfantastic05678/shopify-products/main/public_images/winbachat/MRT-WB-WESTPOINT-274_Westpoint_Deluxe_Handy_Quick_Chopper_WF_04_2.jpg,2,Westpoint Deluxe Handy Quick Chopper WF-04,,,,
westpoint-deluxe-handy-quick-chopper-wf-04,,,,,,,,,,,,,,,,,,,,https://raw.githubusercontent.com/mrfantastic05678/shopify-products/main/public_images/winbachat/MRT-WB-WESTPOINT-274_Westpoint_Deluxe_Handy_Quick_Chopper_WF_04_3.jpg,3,Westpoint Deluxe Handy Quick Chopper WF-04,,,,
westpoint-fries-cutter-wf-05,Westpoint Fries Cutter WF-05,"<p>Create evenly cut homemade fries quickly and conveniently with the Westpoint WF-05 Fries Cutter. Its simple lever-operated design helps cut potatoes into uniform strips, reducing preparation time for fries and other vegetable dishes.</p>",Win Bachat,Home & Garden > Kitchen & Dining > Kitchen Appliances,Home Appliances,"Electronics, Westpoint, Win Bachat, Choper",true,Title,Default Title,MRT-WB-WESTPOINT-275,800,shopify,deny,manual,2537.00,3044.00,TRUE,TRUE,,https://raw.githubusercontent.com/mrfantastic05678/shopify-products/main/public_images/winbachat/MRT-WB-WESTPOINT-275_Westpoint_Fries_Cutter_WF_05_1.jpg,1,Westpoint Fries Cutter WF-05,FALSE,Westpoint Fries Cutter WF-05,"Shop Westpoint WF-05 Fries Cutter for quick, uniform potato cutting and easier preparation of homemade French fries and vegetable sticks.",active
westpoint-fries-cutter-wf-05,,,,,,,,,,,,,,,,,,,,https://raw.githubusercontent.com/mrfantastic05678/shopify-products/main/public_images/winbachat/MRT-WB-WESTPOINT-275_Westpoint_Fries_Cutter_WF_05_2.jpg,2,Westpoint Fries Cutter WF-05,,,,
westpoint-fries-cutter-wf-05,,,,,,,,,,,,,,,,,,,,https://raw.githubusercontent.com/mrfantastic05678/shopify-products/main/public_images/winbachat/MRT-WB-WESTPOINT-275_Westpoint_Fries_Cutter_WF_05_3.jpg,3,Westpoint Fries Cutter WF-05,,,,
westpoint-kitchen-slicer-wf-07,Westpoint Kitchen Slicer WF-07,"<p>Slice and prepare ingredients with less effort using the Westpoint WF-07 Kitchen Slicer. Featuring stainless-steel cutting surfaces, multifunction use and an easy-to-clean design, it is a practical accessory for everyday meal preparation.</p>",Win Bachat,Home & Garden > Kitchen & Dining > Kitchen Appliances,Home Appliances,"Electronics, Westpoint, Win Bachat, Choper",true,Title,Default Title,MRT-WB-WESTPOINT-276,800,shopify,deny,manual,3304.00,3965.00,TRUE,TRUE,,https://raw.githubusercontent.com/mrfantastic05678/shopify-products/main/public_images/winbachat/MRT-WB-WESTPOINT-276_Westpoint_Kitchen_Slicer_WF_07_1.jpg,1,Westpoint Kitchen Slicer WF-07,FALSE,Westpoint Stainless Steel Kitchen Slicer WF-07,"Buy Westpoint WF-07 Kitchen Slicer with stainless-steel cutting surfaces, multifunction use and an easy-to-clean design for everyday food preparation.",active
westpoint-kitchen-slicer-wf-07,,,,,,,,,,,,,,,,,,,,https://raw.githubusercontent.com/mrfantastic05678/shopify-products/main/public_images/winbachat/MRT-WB-WESTPOINT-276_Westpoint_Kitchen_Slicer_WF_07_2.webp,2,Westpoint Kitchen Slicer WF-07,,,,
westpoint-kitchen-slicer-wf-07,,,,,,,,,,,,,,,,,,,,https://raw.githubusercontent.com/mrfantastic05678/shopify-products/main/public_images/winbachat/MRT-WB-WESTPOINT-276_Westpoint_Kitchen_Slicer_WF_07_3.jpg,3,Westpoint Kitchen Slicer WF-07,,,,
westpoint-deluxe-quick-chopper-wf-10,Westpoint Deluxe Quick Chopper WF-10,"<p>Simplify chopping and food preparation with the Westpoint WF-10 Deluxe Quick Chopper. Its manual rotary mechanism and transparent chopping bowl make it suitable for preparing vegetables, herbs and other everyday cooking ingredients without electricity.</p>",Win Bachat,Home & Garden > Kitchen & Dining > Kitchen Appliances,Home Appliances,"Electronics, Westpoint, Win Bachat, Choper",true,Title,Default Title,MRT-WB-WESTPOINT-277,1500,shopify,deny,manual,2655.00,3186.00,TRUE,TRUE,,https://raw.githubusercontent.com/mrfantastic05678/shopify-products/main/public_images/winbachat/MRT-WB-WESTPOINT-277_Westpoint_Deluxe_Quick_Chopper_WF_10_1.jpg,1,Westpoint Deluxe Quick Chopper WF-10,FALSE,Westpoint Deluxe Quick Chopper WF-10,"Shop Westpoint WF-10 Deluxe Quick Chopper for convenient manual chopping of vegetables, herbs and everyday ingredients without electricity.",active
westpoint-deluxe-quick-chopper-wf-10,,,,,,,,,,,,,,,,,,,,https://raw.githubusercontent.com/mrfantastic05678/shopify-products/main/public_images/winbachat/MRT-WB-WESTPOINT-277_Westpoint_Deluxe_Quick_Chopper_WF_10_2.jpg,2,Westpoint Deluxe Quick Chopper WF-10,,,,
westpoint-deluxe-quick-chopper-wf-10,,,,,,,,,,,,,,,,,,,,https://raw.githubusercontent.com/mrfantastic05678/shopify-products/main/public_images/winbachat/MRT-WB-WESTPOINT-277_Westpoint_Deluxe_Quick_Chopper_WF_10_3.jpg,3,Westpoint Deluxe Quick Chopper WF-10,,,,
westpoint-electric-water-boiler-16-liter-wf-6316,Westpoint Electric Water Boiler 16 Liter WF-6316,"<p>The Westpoint WF-6316 Electric Water Boiler provides a practical solution for heating and dispensing larger quantities of hot water. Its generous 16-liter capacity makes it suitable for offices, gatherings, catering and other high-demand applications.</p>",Win Bachat,Home & Garden > Kitchen & Dining > Kitchen Appliances,Home Appliances,"Electronics, Westpoint, Win Bachat, Boiler",true,Title,Default Title,MRT-WB-WESTPOINT-278,5000,shopify,deny,manual,32450.00,38940.00,TRUE,TRUE,,https://raw.githubusercontent.com/mrfantastic05678/shopify-products/main/public_images/winbachat/MRT-WB-WESTPOINT-278_Westpoint_Electric_Water_Boiler_16_Liter_WF_6316_1.webp,1,Westpoint Electric Water Boiler 16 Liter WF-6316,FALSE,Westpoint 16L Electric Water Boiler WF-6316,"Buy Westpoint WF-6316 16-liter electric water boiler for convenient hot water heating and dispensing at offices, events and large gatherings.",active
westpoint-electric-water-boiler-16-liter-wf-6316,,,,,,,,,,,,,,,,,,,,https://raw.githubusercontent.com/mrfantastic05678/shopify-products/main/public_images/winbachat/MRT-WB-WESTPOINT-278_Westpoint_Electric_Water_Boiler_16_Liter_WF_6316_2.jpg,2,Westpoint Electric Water Boiler 16 Liter WF-6316,,,,
westpoint-electric-water-boiler-16-liter-wf-6316,,,,,,,,,,,,,,,,,,,,https://raw.githubusercontent.com/mrfantastic05678/shopify-products/main/public_images/winbachat/MRT-WB-WESTPOINT-278_Westpoint_Electric_Water_Boiler_16_Liter_WF_6316_3.webp,3,Westpoint Electric Water Boiler 16 Liter WF-6316,,,,
westpoint-electric-water-boiler-20-liter-wf-6320,Westpoint Electric Water Boiler 20 Liter WF-6320,"<p>Designed for higher hot-water requirements, the Westpoint WF-6320 Electric Water Boiler offers a spacious 20-liter capacity. Its practical dispensing system makes serving hot water convenient for offices, events, gatherings and hospitality use.</p>",Win Bachat,Home & Garden > Kitchen & Dining > Kitchen Appliances,Home Appliances,"Electronics, Westpoint, Win Bachat, Boiler",true,Title,Default Title,MRT-WB-WESTPOINT-279,6000,shopify,deny,manual,34220.00,41064.00,TRUE,TRUE,,https://raw.githubusercontent.com/mrfantastic05678/shopify-products/main/public_images/winbachat/MRT-WB-WESTPOINT-279_Westpoint_Electric_Water_Boiler_20_Liter_WF_6320_1.jpg,1,Westpoint Electric Water Boiler 20 Liter WF-6320,FALSE,Westpoint 20L Electric Water Boiler WF-6320,"Shop Westpoint WF-6320 20-liter electric water boiler for convenient heating and dispensing of hot water at offices, events and gatherings.",active
westpoint-electric-water-boiler-20-liter-wf-6320,,,,,,,,,,,,,,,,,,,,https://raw.githubusercontent.com/mrfantastic05678/shopify-products/main/public_images/winbachat/MRT-WB-WESTPOINT-279_Westpoint_Electric_Water_Boiler_20_Liter_WF_6320_2.webp,2,Westpoint Electric Water Boiler 20 Liter WF-6320,,,,
westpoint-electric-water-boiler-30-liter-wf-6330,Westpoint Electric Water Boiler 30 Liter WF-6330,"<p>Handle large hot-water requirements with the Westpoint WF-6330 Electric Water Boiler. Its substantial 30-liter capacity and convenient dispensing tap make it suitable for offices, catering environments, events and large gatherings.</p>",Win Bachat,Home & Garden > Kitchen & Dining > Kitchen Appliances,Home Appliances,"Electronics, Westpoint, Win Bachat, Boiler",true,Title,Default Title,MRT-WB-WESTPOINT-280,8000,shopify,deny,manual,38940.00,46728.00,TRUE,TRUE,,https://raw.githubusercontent.com/mrfantastic05678/shopify-products/main/public_images/winbachat/MRT-WB-WESTPOINT-280_Westpoint_Electric_Water_Boiler_30_Liter_WF_6330_1.png,1,Westpoint Electric Water Boiler 30 Liter WF-6330,FALSE,Westpoint 30L Electric Water Boiler WF-6330,"Buy Westpoint WF-6330 30-liter electric water boiler with convenient dispensing tap for offices, catering, events and large gatherings.",active
westpoint-electric-water-boiler-30-liter-wf-6330,,,,,,,,,,,,,,,,,,,,https://raw.githubusercontent.com/mrfantastic05678/shopify-products/main/public_images/winbachat/MRT-WB-WESTPOINT-280_Westpoint_Electric_Water_Boiler_30_Liter_WF_6330_2.png,2,Westpoint Electric Water Boiler 30 Liter WF-6330,,,,
westpoint-electric-water-boiler-30-liter-wf-6330,,,,,,,,,,,,,,,,,,,,https://raw.githubusercontent.com/mrfantastic05678/shopify-products/main/public_images/winbachat/MRT-WB-WESTPOINT-280_Westpoint_Electric_Water_Boiler_30_Liter_WF_6330_3.png,3,Westpoint Electric Water Boiler 30 Liter WF-6330,,,,
westpoint-deluxe-baby-bottle-warmer-wf-209,Westpoint Deluxe Baby Bottle Warmer WF-209,"<p>Warm baby bottles conveniently with the Westpoint WF-209 Deluxe Bottle Warmer. Designed for quick everyday use, it heats in approximately three minutes and offers adjustable temperature control from 40–60°C in a compact, travel-friendly design.</p>",Win Bachat,Home & Garden > Kitchen & Dining > Kitchen Appliances,Home Appliances,"Electronics, Westpoint, Win Bachat, Warmer",true,Title,Default Title,MRT-WB-WESTPOINT-281,1000,shopify,deny,manual,6490.00,7788.00,TRUE,TRUE,,https://raw.githubusercontent.com/mrfantastic05678/shopify-products/main/public_images/winbachat/MRT-WB-WESTPOINT-281_Westpoint_Deluxe_Baby_Bottle_Warmer_WF_209_1.jpg,1,Westpoint Deluxe Baby Bottle Warmer WF-209,FALSE,Westpoint Baby Bottle Warmer WF-209,"Shop Westpoint WF-209 baby bottle warmer with rapid heating, adjustable 40–60°C temperature control and a compact, travel-friendly design.",active
westpoint-deluxe-baby-bottle-warmer-wf-209,,,,,,,,,,,,,,,,,,,,https://raw.githubusercontent.com/mrfantastic05678/shopify-products/main/public_images/winbachat/MRT-WB-WESTPOINT-281_Westpoint_Deluxe_Baby_Bottle_Warmer_WF_209_2.png,2,Westpoint Deluxe Baby Bottle Warmer WF-209,,,,
westpoint-deluxe-baby-bottle-warmer-wf-209,,,,,,,,,,,,,,,,,,,,https://raw.githubusercontent.com/mrfantastic05678/shopify-products/main/public_images/winbachat/MRT-WB-WESTPOINT-281_Westpoint_Deluxe_Baby_Bottle_Warmer_WF_209_3.jpg,3,Westpoint Deluxe Baby Bottle Warmer WF-209,,,,
westpoint-deluxe-dual-bottle-warmer-wf-210,Westpoint Deluxe Dual Bottle Warmer WF-210,"<p>The Westpoint WF-210 Deluxe Dual Bottle Warmer is designed to warm two baby bottles at the same time. Rapid heating and a keep-warm function provide added convenience, especially when preparing multiple feeds throughout the day.</p>",Win Bachat,Home & Garden > Kitchen & Dining > Kitchen Appliances,Home Appliances,"Electronics, Westpoint, Win Bachat, Warmer",true,Title,Default Title,MRT-WB-WESTPOINT-282,1000,shopify,deny,manual,8024.00,9629.00,TRUE,TRUE,,https://raw.githubusercontent.com/mrfantastic05678/shopify-products/main/public_images/winbachat/MRT-WB-WESTPOINT-282_Westpoint_Deluxe_Dual_Bottle_Warmer_WF_210_1.jpg,1,Westpoint Deluxe Dual Bottle Warmer WF-210,FALSE,Westpoint Dual Baby Bottle Warmer WF-210,"Buy Westpoint WF-210 dual bottle warmer with capacity for two bottles, rapid heating and keep-warm functionality for convenient everyday feeding.",active
westpoint-deluxe-dual-bottle-warmer-wf-210,,,,,,,,,,,,,,,,,,,,https://raw.githubusercontent.com/mrfantastic05678/shopify-products/main/public_images/winbachat/MRT-WB-WESTPOINT-282_Westpoint_Deluxe_Dual_Bottle_Warmer_WF_210_2.png,2,Westpoint Deluxe Dual Bottle Warmer WF-210,,,,
westpoint-deluxe-dual-bottle-warmer-wf-210,,,,,,,,,,,,,,,,,,,,https://raw.githubusercontent.com/mrfantastic05678/shopify-products/main/public_images/winbachat/MRT-WB-WESTPOINT-282_Westpoint_Deluxe_Dual_Bottle_Warmer_WF_210_3.jpg,3,Westpoint Deluxe Dual Bottle Warmer WF-210,,,,
